rank,key,name,affiliation,country,publications,senior_authorships,recent_publications,recency_ratio,trials_led,industry_trials,centrality_raw,focus,top_journals,active_years,region,citation_proxy,c_publications,c_seniority,c_recency,c_trials,c_citations,c_centrality,influence_score,tier,rising_star,whitespace
1,kumar_s,Shaji Kumar,"Division of Hematology, Mayo Clinic, Rochester, MN, USA.",USA,17,8,11,0.647,11,0,0.7289506858672262,"Tumor Microenvironment, Neoplasm, Residual, Risk Factors, Retrospective Studies, Prognosis, Plasmacytoma","American journal of hematology, Leukemia & lymphoma, Clinical lymphoma, myeloma & leukemia",2022-2026,North America,8,99.0,99.7,98.8,100.0,99.7,99.8,99.4,Tier 1,False,True
2,wang_y,Yan Wang,"Department of Hematology, Zhongshan Hospital, Fudan University, Shanghai, China.",China,42,7,25,0.595,3,0,0.7381827280244317,"Retrospective Studies, Cell Line, Tumor, Animals, Antineoplastic Agents, Cell Proliferation, Antibodies, Monoclonal","Frontiers in oncology, Zhongguo shi yan xue ye xue za zhi, Zhonghua xue ye xue za zhi = Zhonghua xueyexue zazhi",2021-2026,Asia-Pacific,7,100.0,99.5,100.0,97.4,99.5,99.9,99.3,Tier 1,False,True
3,liu_y,Yang Liu,"Pathology department, Hainan Hospital of Chinese PLA General Hospital, Sanya, China.",China,28,7,15,0.536,3,0,0.6486897510998937,"Retrospective Studies, Peripheral Nervous System Diseases, Prognosis, Risk Factors, B-Cell Maturation Antigen, Immunotherapy, Adoptive","Cancers, Frontiers in pharmacology, Bone marrow transplantation",2021-2026,Asia-Pacific,7,99.7,99.5,99.5,97.4,99.5,99.6,99.1,Tier 1,False,True
4,mateos_m,María-Victoria Mateos,"University Hospital of Salamanca/IBSAL/CIC/CIBERONC, Salamanca, Spain.",Spain,15,5,12,0.8,4,0,0.470206635393614,"Neoplasm Recurrence, Local, Prospective Studies, Hematopoietic Stem Cell Transplantation, Retrospective Studies, Transplantation, Autologous, Antineoplastic Agents","Clinical lymphoma, myeloma & leukemia, HemaSphere, The New England journal of medicine",2021-2026,Europe,5,98.5,99.0,99.2,98.7,99.0,99.1,98.9,Tier 1,True,True
5,liu_z,Zhaoyun Liu,"Department of Hematology, Tianjin Medical University General Hospital, Tianjin, China.",China,18,10,12,0.667,2,0,0.2622817052650012,"Animals, Mice, Cell Line, Tumor, Mice, SCID, Neoplasms, Immunotherapy","Frontiers in immunology, Frontiers in oncology, Frontiers in cardiovascular medicine",2021-2026,Asia-Pacific,10,99.2,99.8,99.2,95.2,99.8,96.3,98.3,Tier 1,False,True
6,wang_l,Lei Wang,"Nuclear Radiation Injury Protection and Treatment Department, Navy Medical Center of People Liberation Army (PLA), Naval Medical University, Shanghai, China.",China,16,5,11,0.688,2,0,0.2971236960531459,"Receptors, Chimeric Antigen, Immunotherapy, Adoptive, B-Cell Maturation Antigen, Tumor Microenvironment, Animals, Mice","Frontiers in oncology, Clinical and translational medicine, Indian journal of hematology & blood transfusion : an official journal of Indian Society of Hematology and Blood Transfusion",2021-2026,Asia-Pacific,5,98.8,99.0,98.8,95.2,99.0,97.4,98.0,Tier 1,False,True
7,li_x,Xin Li,"Institute of Opto-electronics, Harbin Institute of Technology, 2 Yikuang Street, 150080, Harbin, China; National Key Laboratory on Tunable Laser, Harbin Institute of Technology, 2 Yikuang Street, 150080, Harbin, China. Electronic address: lixiaohui@hit.edu.cn.",China,26,9,18,0.692,1,0,0.48100042501539253,"Cell Line, Tumor, Animals, Antibodies, Monoclonal, Mice, Retrospective Studies, Leukocytes, Mononuclear","Journal of translational medicine, Analytica chimica acta, Frontiers in immunology",2021-2026,Asia-Pacific,9,99.6,99.8,99.8,91.0,99.8,99.2,97.9,Tier 1,False,True
8,lee_h,Hans C Lee,"Department of Lymphoma and Myeloma, The University of Texas MD Anderson Cancer Center, Houston, Texas.",USA,15,3,11,0.733,5,0,0.8308605341246291,"Retrospective Studies, Transplantation, Autologous, Hematopoietic Stem Cell Transplantation, Dexamethasone, Antibodies, Monoclonal, Prospective Studies","Clinical lymphoma, myeloma & leukemia, Transplantation and cellular therapy, Cancer",2023-2026,North America,3,98.5,94.8,98.8,99.5,94.8,100.0,97.8,Tier 1,True,True
9,wang_x,Xiaoning Wang,"School of Pharmacy, Shandong Second Medical University, Weifang 261000, China.",China,29,6,16,0.552,1,0,0.557448890248219,"Cell Line, Tumor, Cell Proliferation, Bortezomib, Apoptosis, Drug Resistance, Neoplasm, Signal Transduction","Cells, Zhongguo shi yan xue ye xue za zhi, Zhonghua xue ye xue za zhi = Zhonghua xueyexue zazhi",2021-2026,Asia-Pacific,6,99.8,99.4,99.6,91.0,99.4,99.5,97.8,Tier 1,False,True
10,chen_x,Xue Chen,"Department of Hematology, Harbin Medical University Cancer Hospital, 150 Haping Road, 150081, Harbin, China. Electronic address: chenxuecherry@163.com.",China,19,6,12,0.632,1,0,0.3168219797612897,"Cell Line, Tumor, Bortezomib, Retrospective Studies, Membrane Proteins, Apoptosis, Antibodies, Monoclonal","Frontiers in oncology, Cell metabolism, Analytica chimica acta",2021-2026,Asia-Pacific,6,99.3,99.4,99.2,91.0,99.4,97.5,97.5,Tier 1,False,True
11,zhang_h,Hailing Zhang,"Department of Hematology, Shanghai East Hospital, Tongji University School of Medicine, Shanghai 200120, China.",China,16,3,10,0.625,4,2,0.25410462863522704,"Prognosis, Animals, Mice, Histone-Lysine N-Methyltransferase, Cell Line, Tumor, Cell Proliferation","Clinical lymphoma, myeloma & leukemia, Wounds : a compendium of clinical research and practice, Biomolecules",2022-2026,Asia-Pacific,3,98.8,94.8,98.4,98.7,94.8,96.0,97.2,Tier 1,False,False
12,huang_h,He Huang,"Department of Cardiology, West China Hospital, Sichuan University, Chengdu, China.",China,11,5,4,0.364,4,0,0.24240939534347605,"Retrospective Studies, Hematologic Neoplasms, Immunotherapy, Adoptive, Animals, Autoimmune Diseases, Communicable Diseases","Frontiers in cardiovascular medicine, Translational cancer research, Frontiers in immunology",2021-2026,Asia-Pacific,5,97.3,99.0,88.8,98.7,99.0,95.6,96.6,Tier 1,False,True
13,liu_s,Shuang Liu,"Department of Hematology, Tianjin Medical University Cancer Institute and Hospital, National Clinical Research Center for Cancer, Key Laboratory of Cancer Prevention and Therapy, Tianjin's Clinical Research Center for Cancer, Tianjin, China.",China,12,4,7,0.583,2,0,0.17766203557782762,"Animals, Drug Resistance, Neoplasm, Immune Checkpoint Inhibitors, Neoplasms, Programmed Cell Death 1 Receptor, Tumor Microenvironment","Frontiers in oncology, Frontiers in immunology, Wounds : a compendium of clinical research and practice",2021-2026,Asia-Pacific,4,97.8,97.7,97.0,95.2,97.7,91.7,96.5,Tier 1,False,True
14,wang_q,Qi Wang,"Jiangsu Institute of Hematology, National Clinical Research Center for Hematologic Diseases, NHC Key Laboratory of Thrombosis and Hemostasis,Collaborative Innovation Center of Hematology, The First Affiliated Hospital of Soochow University, Suzhou 215006, China.",China,15,3,7,0.467,2,0,0.331769850570944,"Chromosome Aberrations, Transplantation, Autologous, Dexamethasone, Chromothripsis, Retrospective Studies, Animals","Zhonghua xue ye xue za zhi = Zhonghua xueyexue zazhi, Cancers, Translational cancer research",2021-2026,Asia-Pacific,3,98.5,94.8,97.0,95.2,94.8,97.9,96.4,Tier 1,False,True
15,chen_l,Lijuan Chen,"Department of Hematology, the First Affiliated Hospital of Nanjing Medical University, Jiangsu Province Hospital, Nanjing 210029, China.",China,17,4,8,0.471,1,0,0.19872127793427183,"Animals, Mice, Prognosis, Retrospective Studies, Hematopoietic Stem Cell Transplantation, Transplantation, Autologous","Frontiers in oncology, Zhonghua xue ye xue za zhi = Zhonghua xueyexue zazhi, Molecular therapy : the journal of the American Society of Gene Therapy",2021-2026,Asia-Pacific,4,99.0,97.7,97.7,91.0,97.7,93.6,96.3,Tier 1,False,True
16,patel_k,Krina K Patel,"Department of Lymphoma and Myeloma, The University of Texas MD Anderson Cancer Center, Houston, Texas.",USA,13,3,11,0.846,2,0,0.19206669569836318,"Retrospective Studies, Hematopoietic Stem Cell Transplantation, Transplantation, Autologous, Prognosis, Hematopoietic Stem Cell Mobilization, Heterocyclic Compounds","Transplantation and cellular therapy, Clinical lymphoma, myeloma & leukemia, Cancer",2023-2026,North America,3,98.1,94.8,98.8,95.2,94.8,93.2,96.2,Tier 1,True,True
17,chng_w,Wee Joo Chng,"Department of Haematology-Oncology, National University Cancer Institute, Singapore, Singapore.",Singapore,10,3,7,0.7,2,0,0.33031098978876294,"Antibodies, Monoclonal, Dexamethasone, Cost-Benefit Analysis, Lenalidomide, Cell Line, Tumor, Cell Proliferation","Blood neoplasia, Expert review of pharmacoeconomics & outcomes research, Cancer research",2022-2026,Asia-Pacific,3,96.6,94.8,97.0,95.2,94.8,97.8,95.9,Tier 1,True,True
18,ramasamy_k,Karthik Ramasamy,Department of ClinicalHaematology John Radcliffe and Churchill Hospitals Oxford University Hospitals NHS Trust Oxford UK.,Unknown,11,3,5,0.455,2,0,0.368267297419634,"Dexamethasone, Antibodies, Monoclonal, Lenalidomide, Immunomodulating Agents, United Kingdom, Prospective Studies","EJHaem, Clinical lymphoma, myeloma & leukemia, European journal of haematology",2021-2026,Unknown,3,97.3,94.8,93.1,95.2,94.8,98.1,95.6,Tier 1,False,True
19,jagannath_s,Sundar Jagannath,"Division of Hematology and Medical Oncology, Icahn School of Medicine at Mount Sinai, New York, NY.",USA,8,3,5,0.625,2,1,0.261917284614282,"B-Cell Maturation Antigen, Immunotherapy, Adoptive, Movement Disorders, Parkinsonian Disorders, Receptors, Chimeric Antigen, Prospective Studies","Clinical lymphoma, myeloma & leukemia, Blood neoplasia, EJHaem",2021-2026,North America,3,94.4,94.8,93.1,95.2,94.8,96.1,94.7,Tier 1,False,False
20,mian_h,Hira Mian,"Department of Oncology, McMaster University, Hamilton, ON, Canada.",Canada,7,3,5,0.714,2,0,0.28349718488372033,"Prognosis, ADP-ribosyl Cyclase 1, Neoplasms, Plasma Cell, Frail Elderly, Frailty, Immunotherapy","Frontiers in oncology, Blood cancer journal, Clinical lymphoma, myeloma & leukemia",2022-2026,North America,3,92.7,94.8,93.1,95.2,94.8,96.8,94.3,Tier 1,True,True
21,gertz_m,Morie A Gertz,"Division of Hematology, Mayo Clinic, Rochester, Minnesota, USA.",USA,8,3,6,0.75,3,0,0.10246436062172642,"Hematopoietic Stem Cell Transplantation, Prognosis, Retrospective Studies, Transplantation, Autologous, Cohort Studies, Disease-Free Survival","American journal of hematology, Blood cancer journal, Leukemia & lymphoma",2022-2026,North America,3,94.4,94.8,95.4,97.4,94.8,79.4,93.8,Tier 1,True,True
22,dimopoulos_m,Meletios-Athanasios Dimopoulos,"Department of Clinical Therapeutics, School of Medicine, National and Kapodistrian University of Athens, 11528 Athens, Greece.",Greece,10,2,6,0.6,4,0,0.286048543193052,"Antibodies, Monoclonal, Humanized, Immunogenic Cell Death, Melphalan, Panobinostat, Leukocytes, Mononuclear, DNA Repair","Clinical lymphoma, myeloma & leukemia, Biomedicines, American journal of hematology",2021-2026,Europe,2,96.6,86.2,95.4,98.7,86.2,96.9,93.8,Tier 1,False,True
23,an_g,Gang An,"State Key Laboratory of Experimental Hematology, National Clinical Research Center for Blood Diseases, Haihe Laboratory of Cell Ecosystem, Institute of Hematology & Blood Diseases Hospital, Chinese Academy of Medical Sciences & Peking Union Medical College, Tianjin 300020, China.",China,7,3,5,0.714,2,0,0.16572187935755178,"Plasma Cells, Prognosis, Immunoglobulin M, In Situ Hybridization, Fluorescence, Immunotherapy, Bone Marrow","Zhonghua xue ye xue za zhi = Zhonghua xueyexue zazhi, Frontiers in immunology, Cell metabolism",2021-2026,Asia-Pacific,3,92.7,94.8,93.1,95.2,94.8,90.6,93.7,Tier 1,True,True
24,einsele_h,Hermann Einsele,"Department of Internal Medicine II, University Hospital of Würzburg, Würzburg, Germany.",Germany,10,2,8,0.8,2,0,0.7031362388921634,"Immunotherapy, Adoptive, Receptors, Chimeric Antigen, T-Lymphocytes, Antibodies, Monoclonal, Antibodies, Bispecific, Accreditation","Annals of oncology : official journal of the European Society for Medical Oncology, Communications biology, Annals of hematology",2022-2026,Europe,2,96.6,86.2,97.7,95.2,86.2,99.8,93.7,Tier 1,True,True
25,liu_h,Hui Liu,"State Key Laboratory of Bioelectronics, School of Biological Science & Medical Engineering, Southeast University, Nanjing, China.",China,18,2,12,0.667,1,0,0.4413773825650804,"Cell Line, Tumor, Animals, Tumor Microenvironment, Prognosis, Mice, Bortezomib","Cancers, Frontiers in oncology, Bioengineered",2021-2026,Asia-Pacific,2,99.2,86.2,99.2,91.0,86.2,98.7,93.6,Tier 1,False,True
26,li_c,C Y Li,"Department of Hematology, the Affiliated Hospital of Xuzhou Medical University, Xuzhou 221002, China.",China,9,2,6,0.667,4,0,0.2740239374186272,"Risk Factors, Cell Line, Tumor, Receptors, Chimeric Antigen, Immunotherapy, Adoptive, T-Lymphocytes, Lymphoma","Zhonghua xue ye xue za zhi = Zhonghua xueyexue zazhi, Frontiers in pharmacology, Bone marrow transplantation",2022-2025,Asia-Pacific,2,95.6,86.2,95.4,98.7,86.2,96.5,93.5,Tier 1,False,True
27,dhakal_b,Binod Dhakal,"Division of Hematology/Oncology, Department of Medicine, Medical College of Wisconsin, Milwaukee, WI.",USA,8,2,6,0.75,4,0,0.22701063876671063,"Receptors, Chimeric Antigen, Antibodies, Monoclonal, Lenalidomide, Immunotherapy, Adoptive, Cell- and Tissue-Based Therapy, Dexamethasone","Journal of clinical oncology : official journal of the American Society of Clinical Oncology, Bone marrow transplantation, Transplantation and cellular therapy",2022-2026,North America,2,94.4,86.2,95.4,98.7,86.2,95.1,93.1,Tier 1,True,True
28,xu_y,Yan Xu,"Department of Hematology, Hainan Hospital of Chinese PLA General Hospital, Sanya, China.",China,11,2,5,0.455,4,1,0.17134104411719692,"Plasma Cells, Hematopoietic Stem Cell Transplantation, Antineoplastic Agents, Cell Proliferation, Structure-Activity Relationship, Drug Discovery","Zhongguo shi yan xue ye xue za zhi, Translational cancer research, Zhonghua xue ye xue za zhi = Zhonghua xueyexue zazhi",2021-2026,Asia-Pacific,2,97.3,86.2,93.1,98.7,86.2,91.1,93.0,Tier 1,False,False
29,qazilbash_m,Muzaffar H Qazilbash,"Department of Stem Cell Transplantation and Cellular Therapy, The University of Texas MD Anderson Cancer Center, Houston, Texas.",USA,6,4,5,0.833,4,0,0.0800244343511746,"Hematopoietic Stem Cell Transplantation, Transplantation, Autologous, Retrospective Studies, Hematopoietic Stem Cell Mobilization, Heterocyclic Compounds, Antigens, CD34","Transplantation and cellular therapy, Cancer, American journal of hematology",2023-2026,North America,4,89.7,97.7,93.1,98.7,97.7,69.8,92.4,Tier 1,True,True
30,costa_l,Luciano J Costa,"University of Alabama at Birmingham, Vestavia Hills, Alabama, United States.",USA,7,3,3,0.429,7,0,0.16530117497120025,"Prognosis, Antibodies, Bispecific, Neoplasm Recurrence, Local, Biomarkers, Frailty, Lymphocytes","Journal of geriatric oncology, Journal of clinical oncology : official journal of the American Society of Clinical Oncology, Blood cancer journal",2022-2026,North America,3,92.7,94.8,78.7,99.7,94.8,90.5,92.4,Tier 1,False,True
31,usmani_s,Saad Z Usmani,Levine Cancer Institute-Atrium Health Charlotte North Carolina USA.,USA,9,2,6,0.667,1,1,0.43675587375850383,"Influenza, Human, Prospective Studies, Hospitalization, Vaccination, United States, Diet","EJHaem, Clinical lymphoma, myeloma & leukemia, Leukemia",2022-2026,North America,2,95.6,86.2,95.4,91.0,86.2,98.5,92.2,Tier 1,False,False
32,zhuang_j,J L Zhuang,"Department of Hematology, Zhongshan Hospital, Fudan University, Shanghai, China.",China,6,3,4,0.667,2,0,0.14044979529797258,"Boron Compounds, Lenalidomide, Glycine, Dexamethasone, Neoplasm Recurrence, Local, Prognosis","Zhonghua xue ye xue za zhi = Zhonghua xueyexue zazhi, Frontiers in cell and developmental biology, Chronic diseases and translational medicine",2021-2025,Asia-Pacific,3,89.7,94.8,88.8,95.2,94.8,87.5,92.0,Tier 1,False,True
33,munshi_n,Nikhil C Munshi,"Department of Medical Oncology, Dana Farber Cancer Institute, Harvard Medical School, Boston, MA, 02115, USA. nikhil_munshi@dfci.harvard.edu.",USA,6,3,3,0.5,3,1,0.2031312471558318,"Alternative Splicing, RNA Splicing Factors, Exons, Serine-Arginine Splicing Factors, Recurrence, Immunotherapy, Adoptive","Blood cancer journal, Nature communications, Frontiers in oncology",2022-2026,North America,3,89.7,94.8,78.7,97.4,94.8,93.9,91.5,Tier 1,False,False
34,song_y,Yuqin Song,"Key Laboratory of Carcinogenesis and Translational Research (Ministry of Education), Department of Lymphoma, Peking University Cancer Hospital & Institute, 100142, Beijing, China.",China,8,2,7,0.875,1,0,0.18080217568466078,"Lymphoma, Hematopoietic Stem Cell Transplantation, Transplantation, Autologous, China, Dexamethasone, Neoplasm Recurrence, Local","Bone marrow transplantation, Genes & diseases, Annals of hematology",2023-2026,Asia-Pacific,2,94.4,86.2,97.0,91.0,86.2,92.1,91.4,Tier 1,True,True
35,kim_h,Hyo Jung Kim,"Department of Internal Medicine, Hallym University Sacred Heart Hospital, Anyang, Republic of Korea.",South Korea,9,2,5,0.556,1,1,0.1922688573972599,"Republic of Korea, Hematologic Neoplasms, Adolescent, Artificial Intelligence, Ethnicity, Leukemia, Myeloid, Acute","Medicine, Annals of laboratory medicine, Drug design, development and therapy",2021-2026,Asia-Pacific,2,95.6,86.2,93.1,91.0,86.2,93.2,91.3,Tier 1,False,False
36,mohyuddin_g,Ghulam Rehman Mohyuddin,University of Kansas Medical Center Kansas City Kansas USA.,USA,6,4,4,0.667,2,0,0.08451338358311837,"Prognosis, ADP-ribosyl Cyclase 1, Neoplasms, Plasma Cell","EJHaem, Blood cancer journal, HemaSphere",2021-2026,North America,4,89.7,97.7,88.8,95.2,97.7,71.8,91.3,Tier 1,False,True
37,richardson_p,Paul G Richardson,"Dana-Farber Cancer Institute, Boston, MA, USA.",USA,7,2,3,0.429,9,3,0.24643418508786125,"Black People, Bortezomib, Dexamethasone, Hematologic Neoplasms, Lenalidomide, Antibodies, Monoclonal","Cancers, Future oncology (London, England), Frontiers in oncology",2022-2026,North America,2,92.7,86.2,78.7,99.9,86.2,95.7,90.4,Tier 1,False,False
38,jin_j,Jia Xiang Jin,"Department of Hematology, The First Affiliated Hospital Zhejiang University School of Medicine, Hangzhou, China.",China,4,3,4,1.0,3,3,0.2114154468914809,"Dexamethasone, Neoplasm Recurrence, Local, Thalidomide","Journal of clinical oncology : official journal of the American Society of Clinical Oncology, Annals of hematology, Acta pharmaceutica Sinica. B",2024-2026,Asia-Pacific,3,78.1,94.8,88.8,97.4,94.8,94.4,90.2,Tier 1,True,False
39,lee_j,Je-Jung Lee,"Department of Internal Medicine, Chonnam National University Hwasun Hospital, 322 Seoyang-ro, Hwasun, Jeollanam-do 519-763, Republic of Korea.",South Korea,8,2,6,0.75,1,0,0.11216423720518896,"Antineoplastic Agents, Adrenal Cortex Hormones, Adrenal Insufficiency, Adrenocorticotropic Hormone, Hydrocortisone, Prevalence","Cancer research and treatment, Haematologica, BioMed research international",2021-2026,Asia-Pacific,2,94.4,86.2,95.4,91.0,86.2,82.1,90.2,Tier 1,True,True
40,lee_c,Cindy H Lee,"School of Medicine, Western Sydney University, Campbelltown, NSW 2560, Australia.",Australia,7,2,4,0.571,1,0,0.16224558817016466,"Signal Transduction, Apoptosis, Bortezomib, Cell Line, Tumor, Cell Proliferation, Chaperone-Mediated Autophagy","Cells, Life (Basel, Switzerland), Biomedicines",2021-2026,Asia-Pacific,2,92.7,86.2,88.8,91.0,86.2,90.2,89.6,Tier 1,False,True
41,nooka_a,Ajay K Nooka,"Winship Cancer Institute, Emory University, Atlanta, GA, USA.",USA,5,3,3,0.6,2,0,0.1413152795148382,"Black People, Bortezomib, Dexamethasone, Hematologic Neoplasms, Lenalidomide, Antibodies, Monoclonal","Future oncology (London, England), Blood cancer journal, Blood neoplasia",2022-2026,North America,3,85.1,94.8,78.7,95.2,94.8,87.5,89.3,Tier 1,False,True
42,zhou_h,Huixing Zhou,"Department of Hematology, Ji'ning No. 1 People's Hospital, Ji'ning, Shandong, China.",China,10,2,3,0.3,1,0,0.1576753056744847,"Hematopoietic Stem Cell Transplantation, Transplantation, Autologous, Animals, Antibodies, Monoclonal, Cell Line, Tumor, Graft vs Host Disease","Annals of hematology, Open life sciences, Frontiers in immunology",2021-2026,Asia-Pacific,2,96.6,86.2,78.7,91.0,86.2,89.7,89.0,Tier 1,False,True
43,zamagni_e,Elena Zamagni,"IRCCS Azienda Ospedaliero-Universitaria di Bologna, Istituto di Ematologia ""Seràgnoli"", Bologna, Italy; Italy Dipartimento di Medicina Specialistica, Diagnostica e Sperimentale, Università di Bologna, Bologna, Italy.",Italy,5,2,4,0.8,2,0,0.1996259698130709,"Lenalidomide, Neoplasm, Residual, Dexamethasone, Prognosis, Hematopoietic Stem Cell Transplantation, Cyclophosphamide","Clinical lymphoma, myeloma & leukemia, The Lancet. Oncology, European journal of haematology",2023-2026,Europe,2,85.1,86.2,88.8,95.2,86.2,93.6,88.9,Tier 1,True,True
44,du_j,J Du,"Department of Hematology, the Myeloma & Lymphoma Center, Changzheng Hospital, Naval Medical University, Shanghai 200433, China.",China,7,2,3,0.429,4,0,0.11192834690414072,"Prognosis, Retrospective Studies, Case-Control Studies, Lenalidomide, Central Nervous System, Lymphoma","Zhonghua xue ye xue za zhi = Zhonghua xueyexue zazhi, Bone marrow transplantation, Chronic diseases and translational medicine",2022-2025,Asia-Pacific,2,92.7,86.2,78.7,98.7,86.2,81.9,88.8,Tier 1,False,True
45,li_y,Yang Li,"Department of Hematology, Shengjing Hospital of China Medical University, Shenyang, China.",China,40,13,24,0.6,0,0,0.7587770253399014,"Retrospective Studies, Immunotherapy, Animals, Immunotherapy, Adoptive, Cell Line, Tumor, Receptors, Chimeric Antigen","Frontiers in oncology, BMC cancer, Cancers",2021-2026,Asia-Pacific,13,99.9,99.9,99.9,44.2,99.9,99.9,88.8,Tier 1,False,True
46,chakraborty_r,Rajshekhar Chakraborty,"Department of Hematology, Columbia University, New York, NY, USA.",USA,7,2,6,0.857,1,0,0.08371821173495794,"Prognosis, ADP-ribosyl Cyclase 1, Neoplasms, Plasma Cell, Immunotherapy, Adoptive, Receptors, Chimeric Antigen","Blood cancer journal, Bone marrow transplantation, American Society of Clinical Oncology educational book. American Society of Clinical Oncology. Annual Meeting",2022-2026,North America,2,92.7,86.2,95.4,91.0,86.2,71.5,88.7,Tier 1,True,True
47,li_j,Juan Li,"Department of Hematology, the First Affiliated Hospital of Nanjing Medical University, Jiangsu Province Hospital, Nanjing 210029, China.",China,32,15,20,0.625,0,0,0.4587814900489853,"Retrospective Studies, Prognosis, Hematopoietic Stem Cell Transplantation, Transplantation, Autologous, Cell Line, Tumor, Animals","Zhonghua xue ye xue za zhi = Zhonghua xueyexue zazhi, Annals of hematology, Chinese medical journal",2021-2026,Asia-Pacific,15,99.8,100.0,99.9,44.2,100.0,99.0,88.7,Tier 1,False,True
48,wang_h,Huijuan Wang,"Department of Hematology, Shengjing Hospital of China Medical University, Shenyang, China.",China,28,12,19,0.679,0,0,0.3684400773239409,"Retrospective Studies, Prognosis, Animals, Bone Marrow, Mice, Cell Line, Tumor","BMC cancer, Zhongguo shi yan xue ye xue za zhi, Frontiers in oncology",2021-2026,Asia-Pacific,12,99.7,99.9,99.8,44.2,99.9,98.2,88.5,Tier 1,False,True
49,zhang_y,Yan Zhang,"Department of Hematology, The Second Affiliated Hospital of Chongqing Medical University, 76 Linjiang Road, Chongqing 400010, China.",China,35,7,17,0.486,0,0,0.5090505632817887,"Animals, Mice, Antineoplastic Agents, Immunotherapy, Adoptive, Cell Line, Tumor, Receptors, Chimeric Antigen","Zhongguo shi yan xue ye xue za zhi, Frontiers in cell and developmental biology, Frontiers in oncology",2021-2026,Asia-Pacific,7,99.9,99.5,99.7,44.2,99.5,99.4,88.5,Tier 1,False,True
50,kim_k,Kihyun Kim,"Division of Hematology-Oncology, Department of Medicine, Samsung Medical Center, Sungkyunkwan University School of Medicine, Seoul, Korea.",South Korea,6,2,6,1.0,2,0,0.07761331456886639,"Republic of Korea, Immunophenotyping, Neoplasms, Antibodies, Flow Cytometry, Antibodies, Monoclonal","Cancer research and treatment, Annals of laboratory medicine, The American journal of gastroenterology",2024-2026,Asia-Pacific,2,89.7,86.2,95.4,95.2,86.2,68.8,88.5,Tier 1,True,True
51,wang_j,Jinuo Wang,"Department of Cell and Developmental Biology, SUNY Upstate Medical University, Syracuse, New York, USA.",USA,23,8,14,0.609,0,0,0.5009942696454797,"Animals, Retrospective Studies, Prognosis, Cell Line, Tumor, Neoplasm, Residual, Bortezomib","Frontiers in immunology, Cytoskeleton (Hoboken, N.J.), Frontiers in oncology",2021-2026,North America,8,99.4,99.7,99.4,44.2,99.7,99.3,88.4,Tier 1,False,True
52,chen_w,Wenming Chen,"Department of Hematology, Myeloma Research Center of Beijing, Beijing Chaoyang Hospital, Capital Medical University, Beijing, China.",China,18,5,12,0.667,0,0,0.6963123668283839,"Retrospective Studies, Animals, Hematopoietic Stem Cell Transplantation, Transplantation, Autologous, Prognosis, China","Frontiers in oncology, European journal of medicinal chemistry, Transfusion medicine and hemotherapy : offizielles Organ der Deutschen Gesellschaft fur Transfusionsmedizin und Immunhamatologie",2022-2026,Asia-Pacific,5,99.2,99.0,99.2,44.2,99.0,99.7,88.2,Tier 1,False,True
53,liu_j,Jing Liu,"School of Pharmacy, Weifang Medical University, Weifang 261053, China.",China,25,5,16,0.64,0,0,0.28457413591112884,"Cell Line, Tumor, Retrospective Studies, Animals, Prognosis, Hematopoietic Stem Cell Transplantation, Receptors, Chimeric Antigen","Zhonghua xue ye xue za zhi = Zhonghua xueyexue zazhi, Zhongguo shi yan xue ye xue za zhi, Biomolecules",2021-2026,Asia-Pacific,5,99.5,99.0,99.6,44.2,99.0,96.9,88.0,Tier 1,False,True
54,lim_s,Seok Ming Lim,"Department of Haematology, Peter MacCallum Cancer Centre and Royal Melbourne Hospital, Melbourne, Australia.",Australia,6,2,4,0.667,1,1,0.10237195290634349,"Bortezomib, COVID-19, Dexamethasone, Pandemics, SARS-CoV-2, Retrospective Studies","Expert review of hematology, Cancer treatment and research communications, Internal medicine journal",2021-2026,Asia-Pacific,2,89.7,86.2,88.8,91.0,86.2,79.3,87.8,Tier 1,False,False
55,harrison_s,Simon J Harrison,Sir Peter MacCallum Department of Oncology University of Melbourne Melbourne Australia.,Australia,6,2,4,0.667,1,0,0.1009352966535986,"Australia, Bortezomib, COVID-19, Dexamethasone, Pandemics, SARS-CoV-2","EJHaem, Expert review of hematology, Internal medicine journal",2021-2026,Asia-Pacific,2,89.7,86.2,88.8,91.0,86.2,79.0,87.7,Tier 1,False,True
56,zhang_j,Juan Zhang,"Department of Laboratory Medicine and Sichuan Provincial Key Laboratory for Human Disease Gene Study, Sichuan Provincial People's Hospital, University of Electronic Science and Technology of China, Chengdu, China.",China,21,4,13,0.619,0,0,0.3998642143097788,"Animals, Cell Line, Tumor, Mice, Neoplasm Recurrence, Local, Xenograft Model Antitumor Assays, Mice, Inbred NOD","Frontiers in immunology, Frontiers in oncology, Acta pharmaceutica Sinica. B",2021-2026,Asia-Pacific,4,99.4,97.7,99.4,44.2,97.7,98.3,87.7,Tier 1,False,True
57,chen_y,Yu Chen,"Department of Surgical Oncology, Sir Run Run Shaw Hospital, Zhejiang University School of Medicine, Hangzhou, China.",China,15,4,11,0.733,0,0,0.32890019229479484,"Animals, Cell Line, Tumor, Cell Proliferation, Mice, Signal Transduction, Bortezomib","Cancer pathogenesis and therapy, Translational cancer research, Cancer research",2022-2026,Asia-Pacific,4,98.5,97.7,98.8,44.2,97.7,97.7,87.4,Tier 1,True,True
58,krishnan_a,Amrita Krishnan,Judy and Bernard Briskin Center for Multiple Myeloma Research Duarte California USA.,USA,5,2,3,0.6,3,0,0.1479450355877408,"Antibodies, Bispecific, Cytokine Release Syndrome, Dysgeusia, Neoplasm Recurrence, Local, Receptors, G-Protein-Coupled, T-Lymphocytes","EJHaem, The New England journal of medicine, Blood neoplasia",2022-2026,North America,2,85.1,86.2,78.7,97.4,86.2,88.4,87.3,Tier 1,False,True
59,chen_h,Huixian Chen,"Vip Ward, Affiliated Hospital of Nantong University, Nantong P.R. China.",China,14,5,9,0.643,0,0,0.21092716222254643,"Biomarkers, Tumor, Cell Line, Tumor, Gene Expression Regulation, Neoplastic, Prognosis, Antineoplastic Agents, Bone Marrow","Bioengineered, Hematology (Amsterdam, Netherlands), Gastroenterology",2021-2026,Asia-Pacific,5,98.3,99.0,98.1,44.2,99.0,94.3,87.2,Tier 1,False,True
60,li_h,Hui Li,"Department of Hematology, Sichuan Provincial People's Hospital, University of Electronic Science and Technology of China, Chengdu, China.",China,11,4,9,0.818,0,0,0.45040164977195707,"Bone Marrow, Leukemia, Myeloid, Acute, Myelodysplastic Syndromes, Plasma Cells, Cytokine Release Syndrome, Receptors, Chimeric Antigen","Annals of palliative medicine, ACS pharmacology & translational science, Human vaccines & immunotherapeutics",2021-2026,Asia-Pacific,4,97.3,97.7,98.1,44.2,97.7,98.8,87.1,Tier 1,True,True
61,yang_y,Yang Yang,"Department of Hematology, People's Hospital of Lianshui, Lianshui 223400, Huai'an, China.",China,16,4,10,0.625,0,0,0.19623672234661738,"Animals, Cell Line, Tumor, Mice, Gene Expression Regulation, Neoplastic, Prognosis, Bone Marrow","Hematology/oncology and stem cell therapy, Advanced science (Weinheim, Baden-Wurttemberg, Germany), Journal of healthcare engineering",2021-2026,Asia-Pacific,4,98.8,97.7,98.4,44.2,97.7,93.4,86.9,Tier 1,False,True
62,raje_n,Noopur Raje,"Center for Multiple Myeloma, Massachusetts General Hospital Cancer Center, Boston, MA.",USA,4,4,3,0.75,8,0,0.06508588104879694,"Antineoplastic Agents, Alkylating, Disease Management, Flow Cytometry, Melphalan, Neoplasm, Residual, Stem Cell Transplantation","Hematology. American Society of Hematology. Education Program, Blood cancer journal, Leukemia",2021-2026,North America,4,78.1,97.7,78.7,99.8,97.7,61.5,86.8,Tier 1,True,True
63,chen_s,Shuang Chen,"Jiangsu Institute of Hematology, National Clinical Research Center for Hematologic Diseases, NHC Key Laboratory of Thrombosis and Hemostasis,Collaborative Innovation Center of Hematology, The First Affiliated Hospital of Soochow University, Suzhou 215006, China.",China,12,4,10,0.833,0,0,0.19703142092335907,"Bortezomib, Cell Line, Tumor, Antineoplastic Agents, Chromothripsis, Chromosome Aberrations, Cytomegalovirus Retinitis","Zhonghua xue ye xue za zhi = Zhonghua xueyexue zazhi, Ocular immunology and inflammation, Genes & diseases",2022-2026,Asia-Pacific,4,97.8,97.7,98.4,44.2,97.7,93.5,86.7,Tier 1,True,True
64,wang_z,Zehua Wang,"Department of Oncology, The First Affiliated Hospital of Zhengzhou University, Zhengzhou, China.",China,11,4,10,0.909,0,0,0.20848386848331324,"Receptors, Chimeric Antigen, Immunotherapy, Adoptive, Tumor Microenvironment, Animals, Cell Line, Tumor, Neoplasm Recurrence, Local","Frontiers in immunology, Annals of hematology, Translational oncology",2022-2026,Asia-Pacific,4,97.3,97.7,98.4,44.2,97.7,94.2,86.6,Tier 1,True,True
65,zhou_x,Xiang Zhou,"Department of Internal Medicine II, University Hospital of Würzburg, Würzburg, Germany.",Germany,9,5,7,0.778,0,0,0.22968065583479624,"T-Lymphocytes, Receptors, Chimeric Antigen, Immunotherapy, Adoptive, Hematopoietic Stem Cell Transplantation, Immunotherapy, Antibodies, Monoclonal","Annals of hematology, American journal of translational research, Genes & diseases",2021-2025,Europe,5,95.6,99.0,97.0,44.2,99.0,95.3,86.5,Tier 1,True,True
66,weisel_k,Katja Weisel,"University Medical Center Hamburg-Eppendorf, Hamburg, Germany.",Germany,10,1,6,0.6,1,0,0.5120353985504762,"Prospective Studies, Influenza, Human, Hospitalization, Vaccination, Quality of Life, Registries","Clinical lymphoma, myeloma & leukemia, Journal of clinical oncology : official journal of the American Society of Clinical Oncology, EJHaem",2022-2026,Europe,1,96.6,65.9,95.4,91.0,65.9,99.4,86.4,Tier 1,False,True
67,wu_y,Yue Wu,"Bone Marrow Transplantation Center, The First Affiliated Hospital, Zhejiang University School of Medicine, Hangzhou, China.",China,18,3,10,0.556,0,0,0.26196549087645965,"Animals, Cell Line, Tumor, Mice, Antibodies, Monoclonal, Xenograft Model Antitumor Assays, Signal Transduction","Acta pharmaceutica Sinica. B, Frontiers in immunology, The Journal of international medical research",2021-2026,Asia-Pacific,3,99.2,94.8,98.4,44.2,94.8,96.2,86.4,Tier 1,False,True
68,landgren_o,Ola Landgren,Sylvester Comprehensive Cancer Center.,Unknown,9,4,6,0.667,0,0,0.43909054107944745,"Monoclonal Gammopathy of Undetermined Significance, Disease Progression, Genomics, Risk Assessment, Thrombosis, Prospective Studies","Seminars in hematology, Blood, Hematology. American Society of Hematology. Education Program",2021-2026,Unknown,4,95.6,97.7,95.4,44.2,97.7,98.6,86.2,Tier 1,False,True
69,martinezlopez_j,Joaquín Martínez-López,"Department of Translational Hematology, Instituto de Investigación Hospital 12 de Octubre (imas12), Hematological Malignancies Clinical Research Unit H120-CNIO, CIBERONC, Madrid, Spain.",Spain,12,3,7,0.583,0,0,0.6459338657438566,"Antibodies, Monoclonal, Antibodies, Viral, Antiviral Agents, Biomarkers, Disease Progression, Disease Susceptibility","HemaSphere, Frontiers in immunology, Frontiers in oncology",2021-2026,Europe,3,97.8,94.8,97.0,44.2,94.8,99.6,86.2,Tier 1,False,True
70,kastritis_e,Efstathios Kastritis,"Department of Clinical Therapeutics, School of Medicine, National and Kapodistrian University of Athens, 11528 Athens, Greece.",Greece,9,4,6,0.667,0,0,0.29289719574557277,"Immunogenic Cell Death, Antibodies, Monoclonal, Humanized, Antibodies, Bispecific, Europe, Neoplasm Recurrence, Local, Practice Guidelines as Topic","American journal of hematology, Clinical lymphoma, myeloma & leukemia, Biomedicines",2021-2026,Europe,4,95.6,97.7,95.4,44.2,97.7,97.2,86.1,Tier 1,False,True
71,li_s,Shumei Li,"Department of Hematology, Ji'ning No. 1 People's Hospital, Ji'ning, Shandong, China.",China,12,3,9,0.75,0,0,0.2893049719427784,"Retrospective Studies, Animals, STAT3 Transcription Factor, Signal Transduction, Cell Proliferation, Cell Line, Tumor","Open life sciences, Drug design, development and therapy, Phytomedicine : international journal of phytotherapy and phytopharmacology",2021-2026,Asia-Pacific,3,97.8,94.8,98.1,44.2,94.8,97.1,86.1,Tier 1,True,True
72,vandedonk_n,Niels W C J van de Donk,"Amsterdam University Medical Center, Vrije Universiteit Amsterdam, Amsterdam, The Netherlands.",Netherlands,11,3,7,0.636,0,0,0.4962601765071546,"Antibodies, Bispecific, T-Lymphocytes, Antineoplastic Agents, Dysgeusia, Neoplasm Recurrence, Local, Receptors, G-Protein-Coupled","The New England journal of medicine, Clinical lymphoma, myeloma & leukemia, British journal of haematology",2022-2026,Europe,3,97.3,94.8,97.0,44.2,94.8,99.3,86.1,Tier 1,False,True
73,wang_w,Wei Wang,"College of Life Sciences, Sichuan University, Chengdu, China.",China,12,3,8,0.667,0,0,0.26632812454874244,"Animals, Retrospective Studies, Plasma Cells, B-Cell Maturation Antigen, Drug Resistance, Neoplasm, Immune Checkpoint Inhibitors","Frontiers in immunology, Annals of hematology, Translational cancer research",2021-2026,Asia-Pacific,3,97.8,94.8,97.7,44.2,94.8,96.4,86.0,Tier 1,False,True
74,hansen_d,Doris K Hansen,"H. Lee Moffitt Cancer Center and Research Institute, Tampa, Florida, United States.",USA,8,4,7,0.875,0,0,0.30505936116873505,"Receptors, Chimeric Antigen, Immunotherapy, Adoptive, Neoplasms, Plasma Cell, Albumins","Cancers, Transplantation and cellular therapy, bioRxiv : the preprint server for biology",2023-2026,North America,4,94.4,97.7,97.0,44.2,97.7,97.5,86.0,Tier 1,True,True
75,lin_y,Yi Lin,"Division of Hematology, Mayo Clinic, Rochester, Minnesota, USA.",USA,10,3,8,0.8,0,0,0.4096169596879251,"Retrospective Studies, RecQ Helicases, Melphalan, DNA Repair, Drug Resistance, Adolescent","Blood cancer journal, American journal of hematology, Frontiers in immunology",2022-2026,North America,3,96.6,94.8,97.7,44.2,94.8,98.4,85.9,Tier 1,True,True
76,zhou_j,Jianbiao Zhou,"Cancer Science Institute of Singapore, National University of Singapore, Centre for Translational Medicine, Singapore, Republic of Singapore.",Singapore,12,3,9,0.75,0,0,0.21097554722828418,"Hematopoietic Stem Cell Transplantation, Retrospective Studies, Cell Line, Tumor, Cell Proliferation, DNA-Binding Proteins, Up-Regulation","Zhongguo shi yan xue ye xue za zhi, Cancer research, Bone marrow transplantation",2021-2026,Asia-Pacific,3,97.8,94.8,98.1,44.2,94.8,94.4,85.9,Tier 1,True,True
77,suzuki_k,Kazuhito Suzuki,"Division of Clinical Oncology/Hematology, Department of Internal Medicine, The Jikei University School of Medicine, 3-25-8 Nishi-Shimbashi, Minato-ku, Tokyo, 105-0003, Japan. kaz-suzuki@jikei.ac.jp.",Japan,8,4,6,0.75,0,0,0.38478677446785936,"Dexamethasone, Retrospective Studies, Antibodies, Monoclonal, Humanized, Lenalidomide, Quality of Life, Transplantation, Autologous","Acta haematologica, International journal of hematology, Cureus",2023-2026,Asia-Pacific,4,94.4,97.7,95.4,44.2,97.7,98.3,85.9,Tier 1,True,True
78,beksac_m,Meral Beksac,"Department of Hematology, Ankara University School of Medicine, Ankara, Turkey. Electronic address: beksac@medicine.ankara.edu.tr.",Turkey,8,5,5,0.625,0,0,0.29222012336469955,"Lenalidomide, Thalidomide, Retrospective Studies, Remission Induction, Dexamethasone, Transplantation, Autologous","Clinical lymphoma, myeloma & leukemia, The Lancet. Haematology, Molecular biology reports",2023-2026,Middle East / GCC,5,94.4,99.0,93.1,44.2,99.0,97.1,85.8,Tier 1,False,True
79,ghobrial_i,Irene M Ghobrial,"Department of Medical Oncology, Dana-Farber Cancer Institute, Boston, MA, USA; Broad Institute of Massachusetts Institute of Technology (MIT) and Harvard, Cambridge, MA, USA. Electronic address: irene_ghobrial@dfci.harvard.edu.",USA,4,2,3,0.75,4,0,0.13574359162892694,"Ad26COVS1, Antibodies, Viral, Asymptomatic Diseases, BNT162 Vaccine, COVID-19, COVID-19 Vaccines","Cancer cell, Nature chemical biology, Haematologica",2022-2026,North America,2,78.1,86.2,78.7,98.7,86.2,86.8,85.6,Tier 1,True,True
80,wei_x,Xiaolei Wei,"Department of Hematology, Nanfang Hospital, Southern Medical University, Guangzhou, China.",China,11,4,5,0.455,0,0,0.18011415942671521,"Prognosis, Gene Expression Regulation, Neoplastic, Antibodies, Monoclonal, Retrospective Studies, Bone Diseases, MicroRNAs","Translational cancer research, Zhonghua xue ye xue za zhi = Zhonghua xueyexue zazhi, ACS omega",2021-2026,Asia-Pacific,4,97.3,97.7,93.1,44.2,97.7,92.0,85.6,Tier 1,False,True
81,hungria_v,Vania Hungria,"Department of Hematology, Clinica São Germano and Santa Casa Medical School, São Paulo, Brazil.",Brazil,8,3,7,0.875,0,0,0.46240606941447576,"Antibodies, Bispecific, Brazil, Influenza, Human, Prospective Studies, Hospitalization, Vaccination","Clinical lymphoma, myeloma & leukemia, Current oncology (Toronto, Ont.), American journal of hematology",2023-2026,Latin America,3,94.4,94.8,97.0,44.2,94.8,99.1,85.3,Tier 1,True,True
82,zhang_r,Rui Zhang,"Department of Hematology, the First Affiliated Hospital of Nanjing Medical University, Jiangsu Province Hospital, Nanjing 210029, China.",China,12,4,7,0.583,0,0,0.11016522352493548,"Prognosis, Hematopoietic Stem Cell Transplantation, Transplantation, Autologous, Retrospective Studies, Antigens, CD34, Cell Line, Tumor","Zhonghua xue ye xue za zhi = Zhonghua xueyexue zazhi, Chinese medical journal, Life sciences",2022-2026,Asia-Pacific,4,97.8,97.7,97.0,44.2,97.7,81.6,85.3,Tier 1,False,True
83,hu_y,Yu Hu,"Institute of Hematology, Union Hospital, Tongji Medical College, Huazhong University of Science and Technology, Wuhan 430022, China. Electronic address: dr_huyu@126.com.",China,8,4,4,0.5,0,0,0.34124712828223125,"Animals, Mice, Positron Emission Tomography Computed Tomography, Fluorodeoxyglucose F18, Retrospective Studies, Adenosine","Molecular therapy : the journal of the American Society of Gene Therapy, Zhonghua xue ye xue za zhi = Zhonghua xueyexue zazhi, European journal of nuclear medicine and molecular imaging",2022-2026,Asia-Pacific,4,94.4,97.7,88.8,44.2,97.7,98.0,84.9,Tier 1,False,True
84,xu_j,Jie Xu,"Center for Cellular Immunotherapies, Perelman School of Medicine at the University of Pennsylvania, Philadelphia, PA 19104, USA.",USA,10,3,5,0.5,0,0,0.1882738905260464,"Plasma Cells, Immunoglobulin M, In Situ Hybridization, Fluorescence, Prognosis, Adenosine, Alpha-Ketoglutarate-Dependent Dioxygenase FTO","Blood science (Baltimore, Md.), Frontiers in cell and developmental biology, Zhonghua xue ye xue za zhi = Zhonghua xueyexue zazhi",2021-2026,North America,3,96.6,94.8,93.1,44.2,94.8,92.9,84.7,Tier 1,False,True
85,he_a,Aili He,"Department of Hematology, The Second Affiliated Hospital of Xi'an Jiaotong University, Xi'an, China.",China,7,4,6,0.857,0,0,0.15441744923439293,"Animals, Dexamethasone, Neoplasm Recurrence, Local, Thalidomide, Biomarkers, Tumor, Prognosis","Frontiers in immunology, Life sciences, Annals of hematology",2023-2025,Asia-Pacific,4,92.7,97.7,95.4,44.2,97.7,89.2,84.5,Tier 1,True,True
86,khandanpour_c,Cyrus Khandanpour,"Medizinische Klinik A, University Hospital Münster, Münster, Germany.",Germany,4,2,3,0.75,1,0,0.15608106180513623,"Exome Sequencing, Pilot Projects, Mutation, Prognosis, DNA Mutational Analysis, Retrospective Studies","Transfusion medicine and hemotherapy : offizielles Organ der Deutschen Gesellschaft fur Transfusionsmedizin und Immunhamatologie, International journal of molecular sciences, Clinical lymphoma, myeloma & leukemia",2023-2026,Europe,2,78.1,86.2,78.7,91.0,86.2,89.4,84.4,Tier 1,True,True
87,richter_j,Joshua Richter,"Tisch Cancer Institute, Icahn School of Medicine at Mount Sinai, New York, NY, United States.",USA,7,5,6,0.857,0,0,0.12192419611143221,"Neoplasm Recurrence, Local, Antibodies, Bispecific, Retrospective Studies, Hematopoietic Stem Cell Transplantation, T-Lymphocytes, Antineoplastic Agents, Immunological","Frontiers in oncology, British journal of haematology, Blood neoplasia",2021-2026,North America,5,92.7,99.0,95.4,44.2,99.0,84.5,84.4,Tier 1,True,True
88,terpos_e,Evangelos Terpos,"Department of Clinical Therapeutics, School of Medicine, National and Kapodistrian University of Athens, 11528 Athens, Greece.",Greece,11,5,3,0.273,0,0,0.27838791078766456,"Influenza, Human, Prospective Studies, Hospitalization, Vaccination, Immunogenic Cell Death, Antibodies, Monoclonal, Humanized","EJHaem, Cancers, Biomedicines",2021-2026,Europe,5,97.3,99.0,78.7,44.2,99.0,96.6,84.3,Tier 1,False,True
89,moreau_p,Philippe Moreau,"Inserm UMR892, CNRS 6299, Université de Nantes; Centre Hospitalier Universitaire de Nantes, Unité Mixte de Genomique du Cancer, Nantes, France.",France,4,2,3,0.75,2,0,0.10473737418787414,"Prospective Studies, Neoplasm Recurrence, Local, Alternative Splicing, RNA Splicing Factors, Exons, Serine-Arginine Splicing Factors","Clinical lymphoma, myeloma & leukemia, Blood cancer journal, Advances in therapy",2022-2026,Europe,2,78.1,86.2,78.7,95.2,86.2,80.4,84.3,Tier 1,True,True
90,huang_w,Wenpeng Huang,"Department of Hematology, Nanfang Hospital, Southern Medical University, Guangzhou, China.",China,9,4,6,0.667,0,0,0.10225031302321574,"Retrospective Studies, Hematopoietic Stem Cell Transplantation, Transplantation, Autologous, Pneumonia, Dexamethasone, Bortezomib","Translational cancer research, Zhonghua xue ye xue za zhi = Zhonghua xueyexue zazhi, Bioorganic chemistry",2021-2026,Asia-Pacific,4,95.6,97.7,95.4,44.2,97.7,79.3,84.3,Tier 1,False,True
91,li_z,Zhaohuan Li,"School of Pharmacy, Weifang Medical University, Weifang 261053, China.",China,16,2,12,0.75,0,0,0.37887216217058534,"Cell Line, Tumor, Antineoplastic Agents, Cell Proliferation, Animals, Bortezomib, China","Biomolecules, Zhonghua xue ye xue za zhi = Zhonghua xueyexue zazhi, Frontiers in pharmacology",2021-2026,Asia-Pacific,2,98.8,86.2,99.2,44.2,86.2,98.2,84.1,Tier 1,True,True
92,zhong_l,Lili Zhong,"Department of Oncology, The Second Affiliated Hospital of Chengdu Medical College, China National Nuclear Corporation 416 Hospital, Chengdu, China.",China,4,2,3,0.75,1,0,0.13306865134529924,,"Frontiers in oncology, Cancer pathogenesis and therapy",2023-2026,Asia-Pacific,2,78.1,86.2,78.7,91.0,86.2,86.5,84.1,Tier 1,True,True
93,raab_m,Marc S Raab,"Heidelberg Myeloma Center, Department of Internal Medicine V, Heidelberg University Hospital and Faculty, Heidelberg, Germany. Electronic address: marc.raab@med.uni-heidelberg.de.",Germany,6,1,6,1.0,1,0,0.19081695777125007,"Magnetic Resonance Imaging, Whole Body Imaging, Prognosis, Neoplasm Recurrence, Local, Bone Marrow, Drug Resistance, Neoplasm","Journal of clinical oncology : official journal of the American Society of Clinical Oncology, Clinical lymphoma, myeloma & leukemia, Leukemia",2025-2026,Europe,1,89.7,65.9,95.4,91.0,65.9,93.1,84.0,Tier 1,True,True
94,cai_z,Zhen Cai,"Bone Marrow Transplantation Center, the First Affiliated Hospital, Zhejiang University School of Medicine, Zhejiang, Hangzhou, China.",China,6,2,2,0.333,1,1,0.1830914559939282,"Cell Line, Tumor, Cell Proliferation, DNA-Binding Proteins, Up-Regulation, Dexamethasone, Neoplasm Recurrence, Local","Blood science (Baltimore, Md.), Cancer research, Frontiers in oncology",2021-2025,Asia-Pacific,2,89.7,86.2,55.1,91.0,86.2,92.4,84.0,Tier 1,False,False
95,yang_j,Jing Yang,"Department of Hematology, Beijing Tongren Hospital, Capital Medical University, Beijing, China.",China,9,3,4,0.444,0,0,0.21242819625256515,"Bone Marrow, Hematopoietic Stem Cell Transplantation, Transplantation, Autologous, Retrospective Studies, Risk Factors, Gene Expression Profiling","Clinical and translational medicine, Zhongguo shi yan xue ye xue za zhi, Journal of hematology & oncology",2021-2026,Asia-Pacific,3,95.6,94.8,88.8,44.2,94.8,94.5,83.9,Tier 1,False,True
96,gao_w,Wen Gao,"Department of Hematology, Myeloma Research Center of Beijing, Beijing Chaoyang Hospital, Capital Medical University, Beijing, China.",China,8,5,5,0.625,0,0,0.09552267309404414,"Signal Transduction, Apoptosis, Artesunate, Cell Line, Tumor, Cell Proliferation, Phosphatidylinositol 3-Kinases","Zhongguo shi yan xue ye xue za zhi, Frontiers in psychology, Frontiers in oncology",2021-2026,Asia-Pacific,5,94.4,99.0,93.1,44.2,99.0,76.6,83.8,Tier 1,False,True
97,wang_s,Shi-Yi Wang,"Shanghai Institute of Hematology, State Key Laboratory of Medical Genomics, National Research Center for Translational Medicine at Shanghai, Research Unit of Hematologic Malignancies Genomics and Translational Research of Chinese Academy of Medical Sciences, Ruijin Hospital Affiliated to Shanghai Jiao Tong University School of Medicine, Shanghai 200025, China.",China,13,2,11,0.846,0,0,0.2821527575813155,"Cell Line, Tumor, Tumor Microenvironment, Plasma Cells, Single-Cell Analysis, Exome Sequencing, Clinical Relevance","Frontiers in oncology, Proceedings of the National Academy of Sciences of the United States of America, Wounds : a compendium of clinical research and practice",2021-2026,Asia-Pacific,2,98.1,86.2,98.8,44.2,86.2,96.7,83.7,Tier 1,True,True
98,guo_y,Yi Guo,"Department of General Practice and International Medicine, Second Affiliated Hospital, School of Medicine, Zhejiang University, Hangzhou 310009, China.",China,7,3,5,0.714,0,0,0.18617398703758878,,"Brain sciences, Cancers, Cancer pathogenesis and therapy",2021-2026,Asia-Pacific,3,92.7,94.8,93.1,44.2,94.8,92.6,83.7,Tier 1,True,True
99,liu_l,Liang Liu,"Bristol Myers Squibb, Princeton, NJ.",Unknown,14,2,7,0.5,0,0,0.3278837412989548,"Prognosis, MicroRNAs, Gene Expression Regulation, Neoplastic, Dexamethasone, Bone Marrow, Hematopoietic Stem Cell Transplantation","Clinical lymphoma, myeloma & leukemia, Acta pharmaceutica Sinica. B, Annals of palliative medicine",2021-2026,Unknown,2,98.3,86.2,97.0,44.2,86.2,97.7,83.6,Tier 1,False,True
100,li_m,Meng Li,"Institute of Pediatric Research, Children's Hospital of Soochow University, Suzhou, 215025, China. meili_edu@163.com.",China,8,3,7,0.875,0,0,0.11252143217332698,"Animals, Mice, Cell Line, Tumor, Xenograft Model Antitumor Assays, T-Lymphocytes, Receptors, Immunologic","Cancer cell international, Apoptosis : an international journal on programmed cell death, Frontiers in immunology",2021-2026,Asia-Pacific,3,94.4,94.8,97.0,44.2,94.8,82.1,83.6,Tier 1,True,True
101,zhao_y,Ying Zhao,"Sequencing Facility Bioinformatics Group, Biomedical Informatics and Data Science Directorate, Frederick National Laboratory for Cancer Research, Frederick, MD, 21701, USA.",USA,12,2,9,0.75,0,0,0.2639748352500467,"Cell Line, Tumor, Gene Expression Regulation, Neoplastic, Apoptosis, Intracellular Signaling Peptides and Proteins, Proteasome Endopeptidase Complex, Transcription Factors","Nature communications, Cellular and molecular biology (Noisy-le-Grand, France), Cancers",2021-2026,North America,2,97.8,86.2,98.1,44.2,86.2,96.4,83.5,Tier 1,True,True
102,kim_s,Soung Min Kim,"Department of Oncology, Asan Medical Center, University of Ulsan College of Medicine, Seoul, Republic of Korea.",South Korea,8,4,4,0.5,0,0,0.11965434015456003,"Republic of Korea, Prognosis, Vitamin D Deficiency, Vitamin D, Dexamethasone, Rad51 Recombinase","Clinical lymphoma, myeloma & leukemia, Journal of the Korean Association of Oral and Maxillofacial Surgeons, Journal of bone metabolism",2021-2026,Asia-Pacific,4,94.4,97.7,88.8,44.2,97.7,83.9,83.5,Tier 1,False,True
103,li_l,L Li,"Department of Hematology, Myeloma & Lymphoma Center, Second Affiliated Hospital of Naval Medical University, Shanghai 200003, China.",China,13,2,8,0.615,0,0,0.21627618336646776,"Retrospective Studies, Prognosis, Lenalidomide, Bortezomib, Hematologic Neoplasms, Immune Checkpoint Inhibitors","Cancer medicine, Zhonghua xue ye xue za zhi = Zhonghua xueyexue zazhi, Life science alliance",2022-2026,Asia-Pacific,2,98.1,86.2,97.7,44.2,86.2,94.7,83.4,Tier 1,False,True
104,zhang_c,Chong Zhang,"Nuclear Radiation Injury Protection and Treatment Department, Navy Medical Center of People Liberation Army (PLA), Naval Medical University, Shanghai, China.",China,9,3,5,0.556,0,0,0.1046115790872328,"Cell Line, Tumor, Animals, Mice, Bone Marrow, Bortezomib, Core Binding Factor Alpha 1 Subunit","Frontiers in oncology, Molecular cancer therapeutics, Zhongguo shi yan xue ye xue za zhi",2021-2026,Asia-Pacific,3,95.6,94.8,93.1,44.2,94.8,80.3,83.2,Tier 1,False,True
105,liu_w,Weiping Liu,"Department of Immunology, Roswell Park Comprehensive Cancer Center, University at Buffalo, The State University of New York, Buffalo, NY, United States.",USA,10,2,6,0.6,0,0,0.4623895056953658,"Fluorodeoxyglucose F18, Positron Emission Tomography Computed Tomography, Uterine Neoplasms, Leiomyoma, Bone Neoplasms, Ovarian Neoplasms","Frontiers in pharmacology, Clinical nuclear medicine, Technology in cancer research & treatment",2021-2026,North America,2,96.6,86.2,95.4,44.2,86.2,99.0,83.1,Tier 1,False,True
106,wu_j,Jiaying Wu,"Consun Chinese Medicines Research Centre for Renal Diseases, School of Chinese Medicine, Hong Kong Baptist University, Kowloon Tong, Hong Kong, China.",China,10,2,9,0.9,0,0,0.2539062535608243,"Cell Proliferation, Cell Line, Tumor, Apoptosis, Retrospective Studies, Young Adult, Transplantation, Autologous","Phytomedicine : international journal of phytotherapy and phytopharmacology, Ocular immunology and inflammation, Expert opinion on drug safety",2023-2026,Asia-Pacific,2,96.6,86.2,98.1,44.2,86.2,95.9,83.1,Tier 1,True,True
107,abdallah_a,Al-Ola Abdallah,"Division of Hematologic Malignancies & Cellular Therapeutics, University of Kansas Medical Center, Westwood, KS 66205, USA.",USA,8,3,6,0.75,0,0,0.09621083857474758,"Retrospective Studies, Neoplasms, Plasma Cell, Receptors, Chimeric Antigen, B-Cell Maturation Antigen, Antibodies, Bispecific, Antineoplastic Agents","Transplantation and cellular therapy, Current oncology (Toronto, Ont.), EJHaem",2021-2026,North America,3,94.4,94.8,95.4,44.2,94.8,77.0,82.9,Tier 1,True,True
108,pour_l,Ludek Pour,"Department of Internal Medicine, Hematology and Oncology, University Hospital, Brno, Czech Republic.",Czech Republic,9,2,7,0.778,0,0,0.29385910375211555,"Dexamethasone, Czech Republic, Routinely Collected Health Data, Thalidomide, Progression-Free Survival, Retrospective Studies","Clinical lymphoma, myeloma & leukemia, Klinicka onkologie : casopis Ceske a Slovenske onkologicke spolecnosti, Neoplasma",2022-2026,Europe,2,95.6,86.2,97.0,44.2,86.2,97.2,82.9,Tier 1,True,True
109,yong_k,Kwee Yong,University College Hospital London UK.,Unknown,5,2,2,0.4,1,0,0.18088857648389878,"TNF Receptor-Associated Factor 3, Quality of Life, Osteoclasts, Bone Diseases, Autophagy, Glycosphingolipids","EJHaem, Nature communications, The Lancet. Haematology",2022-2025,Unknown,2,85.1,86.2,55.1,91.0,86.2,92.1,82.8,Tier 1,False,True
110,liu_c,Chang Liu,"School of Medicine, National Yang Ming Chiao Tung University, Taipei City, Taiwan.",Taiwan,10,2,6,0.6,0,0,0.21996133385782574,"Receptors, Chimeric Antigen, Plasma Cells, B-Cell Maturation Antigen, Retrospective Studies, Lymphoma, Hematopoietic Stem Cell Transplantation","Transfusion medicine and hemotherapy : offizielles Organ der Deutschen Gesellschaft fur Transfusionsmedizin und Immunhamatologie, Frontiers in neuroinformatics, Bone marrow transplantation",2022-2026,Asia-Pacific,2,96.6,86.2,95.4,44.2,86.2,94.9,82.7,Tier 1,False,True
111,popat_r,Rakesh Popat,"Clinical Haematology Department, University College London Hospitals NHS Foundation Trust, London, UK.",Unknown,4,3,2,0.5,1,0,0.11371604267672965,"Cyclophosphamide, Dexamethasone, Elettaria, Hematopoietic Stem Cell Transplantation, Melphalan, Transplantation, Autologous","The Lancet. Haematology, Frontiers in oncology, EJHaem",2023-2026,Unknown,3,78.1,94.8,55.1,91.0,94.8,82.4,82.7,Tier 1,False,True
112,lee_k,Kelvin P Lee,"Department of Immunology, Roswell Park Comprehensive Cancer Center, University at Buffalo, The State University of New York, Buffalo, NY, United States.",USA,4,2,3,0.75,4,0,0.059156705932910676,"Prognosis, Vitamin D Deficiency, Vitamin D, Republic of Korea, Animals, Plasma Cells","Frontiers in pharmacology, Clinical lymphoma, myeloma & leukemia, Frontiers in immunology",2021-2026,North America,2,78.1,86.2,78.7,98.7,86.2,57.3,82.7,Tier 1,True,True
113,derman_b,Benjamin A Derman,"Section of Hematology/Oncology, Department of Medicine, The University of Chicago, Chicago, IL.",Unknown,5,1,5,1.0,2,0,0.1271305932092514,"Recurrence, Immunotherapy, Adoptive, B-Cell Maturation Antigen, T-Lymphocytes, Receptors, Chimeric Antigen","Blood neoplasia, iScience, EJHaem",2024-2026,Unknown,1,85.1,65.9,93.1,95.2,65.9,85.6,82.6,Tier 1,True,True
114,yang_s,Shuige Yang,"Department of Basic and Translational Sciences, School of Dental Medicine, University of Pennsylvania, Philadelphia, PA, 19104, United States.",USA,9,2,6,0.667,0,0,0.27728105888803917,"Tumor Microenvironment, Bone Marrow, Macrophage Activation, Macrophages, Neoplastic Processes, RGS Proteins","Cancer communications (London, England), Open life sciences, The New England journal of medicine",2021-2026,North America,2,95.6,86.2,95.4,44.2,86.2,96.6,82.6,Tier 1,False,True
115,mohty_m,Mohamad Mohty,"Hôpital Saint-Antoine, APHP, Sorbonne Université, INSERM UMRs 938, Paris, France.",France,6,3,4,0.667,0,0,0.21351848599326112,"Immunotherapy, Adoptive, Receptors, Chimeric Antigen, Accreditation, Bone Marrow, Hematology, Receptors, Antigen, T-Cell","Annals of oncology : official journal of the European Society for Medical Oncology, Bulletin du cancer, Blood cancer journal",2021-2026,Europe,3,89.7,94.8,88.8,44.2,94.8,94.7,82.5,Tier 1,False,True
116,perrot_a,Aurore Perrot,"Hématologie, CHU de Toulouse, IUC T-Oncopole Toulouse France.",France,7,2,7,1.0,0,0,0.4554760167546382,"Antineoplastic Agents, Physicians, Prospective Studies, Comparative Effectiveness Research, Hematopoietic Stem Cell Transplantation, Transplantation, Autologous","EJHaem, Advances in therapy, Blood cancer journal",2024-2026,Europe,2,92.7,86.2,97.0,44.2,86.2,98.9,82.3,Tier 1,True,True
117,zhang_l,Li Zhang,Key Laboratory of Laboratory Medical Diagnostics Designed by the Ministry of Education School of Laboratory Medicine Chongqing Medical University Chongqing China.,China,13,2,5,0.385,0,0,0.1651353138005685,"Prognosis, Retrospective Studies, Immunotherapy, Anemia, Mutation, Myelodysplastic Syndromes","Zhongguo shi yan xue ye xue za zhi, Cancer medicine, EJHaem",2021-2026,Asia-Pacific,2,98.1,86.2,93.1,44.2,86.2,90.5,82.3,Tier 1,False,True
118,chari_a,Ajai Chari,"Tisch Cancer Institute, Icahn School of Medicine at Mount Sinai, New York, New York, USA.",USA,5,3,1,0.2,2,0,0.25102913079129285,"Bortezomib, Dexamethasone, Neoplasm Recurrence, Local, Chromosome Aberrations, Chromosomes, Human, Pair 1, Dose-Response Relationship, Drug","Cancer medicine, Future oncology (London, England), Clinical lymphoma, myeloma & leukemia",2022-2024,North America,3,85.1,94.8,25.6,95.2,94.8,95.8,82.2,Tier 1,False,True
119,goldschmidt_h,Hartmut Goldschmidt,"Medizinische Klinik V, Universitätsklinikum Heidelberg und Nationales Centrum für Tumorerkrankungen (NCT) Heidelberg, Im Neuenheimer Feld 410, 69120, Heidelberg, Deutschland. hartmut.goldschmidt@med.uni-heidelberg.de.",Germany,9,2,5,0.556,0,0,0.20787077370977994,"Positron Emission Tomography Computed Tomography, Bone Marrow, Prognosis, Fluorodeoxyglucose F18, Magnetic Resonance Imaging, Clinical Trials as Topic","Der Radiologe, Journal of clinical oncology : official journal of the American Society of Clinical Oncology, Cells",2022-2026,Europe,2,95.6,86.2,93.1,44.2,86.2,94.1,82.0,Tier 1,False,True
120,zhang_w,Wei Zhang,"Department of Pathology and Laboratory Medicine, Cedars-Sinai Medical Center, 8700 Beverly BLVD #2900A, Los Angeles, CA 90048, USA.",USA,8,2,6,0.75,0,0,0.17787240133014148,"Retrospective Studies, Prognosis, Clinical Relevance, Erythropoietin, Hematologic Neoplasms, Leukemia","Zhongguo shi yan xue ye xue za zhi, Clinical infection in practice, Cellular and molecular biology (Noisy-le-Grand, France)",2022-2026,North America,2,94.4,86.2,95.4,44.2,86.2,91.7,81.8,Tier 1,True,True
121,zhou_y,Yubo Zhou,"Personalized Drug Therapy Key Laboratory of Sichuan Province, Department of Pharmacy, Sichuan Academy of Medical Science&Sichuan Provincial People's Hospital, School of Medicine, University of Electronic Science and Technology of China, 610072, Chengdu, China.",China,10,2,4,0.4,0,0,0.2546528469928814,"Animals, Cell Line, Tumor, Antineoplastic Agents, Biomarkers, Tumor, Combined Modality Therapy, Deubiquitinating Enzymes","European journal of medicinal chemistry, Cells, Frontiers in bioengineering and biotechnology",2021-2025,Asia-Pacific,2,96.6,86.2,88.8,44.2,86.2,96.1,81.8,Tier 1,False,True
122,zhang_m,Minchuan Zhang,"Bone Marrow Transplantation Center, the First Affiliated Hospital, Zhejiang University School of Medicine, Hangzhou, China.",China,8,2,7,0.875,0,0,0.1467973303795134,"B-Cell Maturation Antigen, Immunotherapy, Adoptive, Retrospective Studies, Antigens, CD19, Leukocytes, Mononuclear, Lymphoma","Nature cancer, Journal of translational medicine, The American journal of surgical pathology",2022-2026,Asia-Pacific,2,94.4,86.2,97.0,44.2,86.2,88.1,81.7,Tier 1,True,True
123,wang_f,Fang Wang,"Department of Cardiology, West China Hospital, Sichuan University, Chengdu, China.",China,8,2,5,0.625,0,0,0.19672651301735042,"Hematopoietic Stem Cell Transplantation, Transplantation, Autologous, Lymphoma, China, B-Cell Maturation Antigen, Immunotherapy, Adoptive","Frontiers in cardiovascular medicine, ACS omega, Bone marrow transplantation",2021-2026,Asia-Pacific,2,94.4,86.2,93.1,44.2,86.2,93.4,81.6,Tier 1,False,True
124,zhou_l,Lin Zhou,"Chongqing Key Laboratory of Translational Research for Cancer Metastasis and Individualized Treatment, Chongqing University Cancer Hospital, Chongqing 400030, China.",China,6,3,6,1.0,0,0,0.09440126443635255,"Metabolomics, Metabolome, Case-Control Studies, Liquid Chromatography-Mass Spectrometry, Principal Component Analysis, Chromatography, High Pressure Liquid","Genes & diseases, Zhongguo shi yan xue ye xue za zhi, Frontiers in immunology",2024-2026,Asia-Pacific,3,89.7,94.8,95.4,44.2,94.8,76.2,81.6,Tier 1,True,True
125,cho_h,Hee Jeong Cho,"Icahn School of Medicine at Mt. Sinai, New York, New York.",USA,5,1,4,0.8,1,0,0.13927635796964932,"Transcriptome, CD8-Positive T-Lymphocytes, Pilot Projects, Single-Cell Gene Expression Analysis, Tumor Microenvironment, Prognosis","Haematologica, Cancer research communications, Clinical lymphoma, myeloma & leukemia",2022-2026,North America,1,85.1,65.9,88.8,91.0,65.9,87.2,81.3,Tier 1,True,True
126,jiang_y,Yanxia Jiang,"Department of Endocrinology and Metabolism, First Affiliated Hospital of Nanchang University, Nanchang 330006, Jiangxi, China.",China,8,2,7,0.875,0,0,0.12205315522605197,"Cell Line, Tumor, Bortezomib, Animals, Mice, Xenograft Model Antitumor Assays, Cell Proliferation","Aging, Cell metabolism, Translational cancer research",2022-2026,Asia-Pacific,2,94.4,86.2,97.0,44.2,86.2,84.5,81.3,Tier 1,True,True
127,spencer_a,Andrew Spencer,"Australian Centre for Blood Diseases, Monash University, Melbourne, Victoria, Australia.",Australia,7,2,5,0.714,0,0,0.18468007453358867,"Apoptosis, Bortezomib, Cell Line, Tumor, Cell Proliferation, Chaperone-Mediated Autophagy, Drug Resistance, Neoplasm","Clinical lymphoma, myeloma & leukemia, Cells, Internal medicine journal",2021-2026,Asia-Pacific,2,92.7,86.2,93.1,44.2,86.2,92.5,81.1,Tier 1,True,True
128,sun_y,Yu Sun,"Department of Hematology, Zhongshan Hospital, Fudan University, Shanghai, China.",China,7,3,3,0.429,0,0,0.14725453415704542,"Prognosis, Biomarkers, Tumor, Gene Expression Regulation, Neoplastic, Gene Expression Profiling, Transcriptome, Databases, Genetic","Zhongguo shi yan xue ye xue za zhi, Frontiers in immunology, Frontiers in cell and developmental biology",2021-2025,Asia-Pacific,3,92.7,94.8,78.7,44.2,94.8,88.2,81.1,Tier 1,False,True
129,atrash_s,Shebli Atrash,"Levine Cancer Center, Atrium Health, Wake Forest University School of Medicine, Charlotte, NC 28204, USA.",USA,5,1,4,0.8,2,0,0.09558506965576932,"Retrospective Studies, Transplantation, Autologous","Current oncology (Toronto, Ont.), EJHaem, Expert review of hematology",2021-2026,North America,1,85.1,65.9,88.8,95.2,65.9,76.6,81.1,Tier 1,True,True
130,fu_r,Rong Fu,"Department of Hematology, Tianjin Medical University General Hospital, Tianjin 300052, China.",China,7,3,3,0.429,0,0,0.13284350137073608,"Animals, Tumor Microenvironment, Gene Expression Profiling, Genetic Heterogeneity, Mesenchymal Stem Cells, Single-Cell Analysis","Clinical and translational medicine, Cancers, Frontiers in pharmacology",2021-2026,Asia-Pacific,3,92.7,94.8,78.7,44.2,94.8,86.4,80.9,Tier 1,False,True
131,quach_h,Hang Quach,"Department of Hematology, St. Vincent's Hospital Melbourne and University of Melbourne, Melbourne, VIC, Australia.",Australia,6,2,6,1.0,0,0,0.2176969770910896,"Cytogenetic Analysis, Chromosome Aberrations, Prognosis, In Situ Hybridization, Fluorescence, Dexamethasone, Oligopeptides","Frontiers in oncology, Clinical lymphoma, myeloma & leukemia, Blood cancer journal",2024-2026,Asia-Pacific,2,89.7,86.2,95.4,44.2,86.2,94.8,80.9,Tier 1,True,True
132,yang_x,Xuedong Yang,"Department of Hematology, Changshu No.2 People's Hospital, No.18, Taishan Road, Changshu, 21550, Jiangsu Province, China.",China,6,3,4,0.667,0,0,0.09965779535313311,"Dexamethasone, Neoplasm Recurrence, Local, Thalidomide, CD8-Positive T-Lymphocytes, Cytokines, Interleukin-17","European journal of medical research, Oncology research, Annals of hematology",2022-2026,Asia-Pacific,3,89.7,94.8,88.8,44.2,94.8,78.4,80.9,Tier 1,False,True
133,leleu_x,Xavier Leleu,Department of Haematology University Hospital Centre La Miletrie and Inserm Poitiers France.,France,5,1,3,0.6,1,0,0.34071698749544094,"Prospective Studies, Influenza, Human, Hospitalization, Vaccination, Antineoplastic Agents, Physicians","EJHaem, Clinical lymphoma, myeloma & leukemia, Advances in therapy",2023-2024,Europe,1,85.1,65.9,78.7,91.0,65.9,98.0,80.9,Tier 1,False,True
134,kazandjian_d,Dickran Kazandjian,"Myeloma Program, Lymphoid Malignancies Branch, Center for Cancer Research, National Cancer Institute, National Institutes of Health, Bethesda, MD; Myeloma Program, Sylvester Comprehensive Cancer Center, University of Miami. Electronic address: kazandjiandg@mail.nih.gov.",Unknown,5,4,2,0.4,4,0,0.026999734082111336,"Neoplasm, Residual, Antibodies, Monoclonal, Antineoplastic Agents, Immunological, Prospective Studies, T-Lymphocytes, Armenia","Seminars in oncology, Seminars in hematology, Blood",2021-2025,Unknown,4,85.1,97.7,55.1,98.7,97.7,21.6,80.8,Tier 1,False,True
135,rodriguezotero_p,Paula Rodríguez-Otero,"From the Mount Sinai School of Medicine, New York (A.C.); University Medical Center Utrecht, Utrecht University, Utrecht (M.C.M.), and Amsterdam University Medical Center, Vrije Universiteit Amsterdam, Cancer Center Amsterdam, Amsterdam (N.W.C.J.D.) - both in the Netherlands; Sarah Cannon Research Institute and Tennessee Oncology, Nashville (J.G.B.); Institut Català d'Oncologia and Institut Josep Carreras, Hospital Germans Trias i Pujol, Badalona, Barcelona (A.O.), Clínica Universidad de Navarra, Pamplona (P.R.-O.), Hospital Universitario Fundación Jiménez Díaz, Madrid (E.A.), and University Hospital of Salamanca, Instituto de Investigación Biomédica de Salamanca, Centro de Investigación del Cáncer, Centro de Investigación Biomédica en Red de Cáncer, Salamanca (M.-V.M.) - all in Spain; the University of Alabama at Birmingham, Birmingham (L.J.C.); Centre Hospitalier Universitaire de Liège, Liege, Belgium (J.C.); Janssen Research and Development, Spring House, PA (R.V., S.G., S.Y., R.B.G., K.P., B.W.H., J.R.); Janssen Research and Development, La Jolla (X.Y.), and City of Hope Comprehensive Cancer Center, Duarte (A.K.) - both in California; and Janssen Research and Development, Raritan, NJ (J.D.G.).",Belgium,6,2,5,0.833,0,0,0.28655115692957345,"Antibodies, Bispecific, Neoplasm Recurrence, Local, Cytokine Release Syndrome, Dysgeusia, Receptors, G-Protein-Coupled, T-Lymphocytes","Clinical lymphoma, myeloma & leukemia, The New England journal of medicine, HemaSphere",2022-2026,Europe,2,89.7,86.2,93.1,44.2,86.2,97.0,80.8,Tier 1,True,True
136,zhu_y,Yu Zhu,"Department of Hematology, The First People's Hospital of Lianyungang, No. 182 Tongguan North Road, Haizhou District, Lianyungang City, 222002, Jiangsu Province, China.",China,7,2,5,0.714,0,0,0.14749779415242106,"Bortezomib, Cell Line, Tumor, Cell Proliferation, Thalidomide, Gastrointestinal Microbiome, Membrane Proteins","Cell metabolism, Journal of orthopaedic surgery and research, Chinese medical journal",2021-2025,Asia-Pacific,2,92.7,86.2,93.1,44.2,86.2,88.3,80.7,Tier 1,True,True
137,chen_t,Ting Chen,"The First Clinical Medical College of Nanjing University of Chinese Medicine, 138 Xianlin Road, Nanjing, 210029, China",China,7,2,6,0.857,0,0,0.1194083831385121,"Prognosis, Killer Cells, Natural, Bone Marrow, Flow Cytometry, Immunotherapy, Adoptive, Reactive Oxygen Species","Frontiers in oncology, Iranian journal of immunology : IJI, Annals of hematology",2022-2026,Asia-Pacific,2,92.7,86.2,95.4,44.2,86.2,83.9,80.6,Tier 1,True,True
138,wang_b,Binghua Wang,"Department of Hemolymph, Weihai Central Hospital, Weihai, China.",China,6,2,6,1.0,0,0,0.1641047974871074,"Dexamethasone, Retrospective Studies, Neoplasm Recurrence, Local, Thalidomide, Prognosis, Neutrophils","Annals of hematology, Blood neoplasia, Zhongguo shi yan xue ye xue za zhi",2024-2026,Asia-Pacific,2,89.7,86.2,95.4,44.2,86.2,90.4,80.5,Tier 1,True,True
139,wu_x,X J Wu,"Department of Hematology, the First Affiliated Hospital of Soochow University, Suzhou 215006, China.",China,7,2,6,0.857,0,0,0.10410773364908534,"Cysteine, Reproducibility of Results, Metabolome, Metabolomics, Metabolic Networks and Pathways, Methionine","Zhonghua zhong liu za zhi [Chinese journal of oncology], Genes & diseases, International immunopharmacology",2022-2026,Asia-Pacific,2,92.7,86.2,95.4,44.2,86.2,80.1,80.2,Tier 1,True,True
140,jiang_l,Liansheng Jiang,Department of Pathology Mayo Clinic Jacksonville Florida USA.,USA,6,3,5,0.833,0,0,0.07203253446440379,"ADP-ribosyl Cyclase 1, Randomized Controlled Trials as Topic, Antibodies, Monoclonal, Neoplasm, Residual, Membrane Glycoproteins, Prognosis","Frontiers in immunology, Clinical case reports, AME case reports",2021-2026,North America,3,89.7,94.8,93.1,44.2,94.8,65.5,80.2,Tier 1,True,True
141,cheng_l,Longcan Cheng,"Department of Hematology, Hainan Hospital of Chinese PLA General Hospital, Sanya, China.",China,6,4,4,0.667,0,0,0.0685055455691863,"Magnetic Resonance Imaging, Positron Emission Tomography Computed Tomography, Fluorodeoxyglucose F18, Positron-Emission Tomography, Multimodal Imaging, Radiopharmaceuticals","Translational cancer research, Annals of the Academy of Medicine, Singapore, AME case reports",2021-2025,Asia-Pacific,4,89.7,97.7,88.8,44.2,97.7,63.4,80.2,Tier 1,False,True
142,li_b,Bing-Zong Li,"Department of Haematology, The Second Affiliated Hospital of Soochow University, Suzhou 215004, Jiangsu Province, China.lbzwz0907@hotmail.com.",China,6,2,5,0.833,0,0,0.1569337507764286,"Neoplasm Recurrence, Local, Macrophages, Th1 Cells, Immunomodulation, ATPases Associated with Diverse Cellular Activities, Cantharidin","World journal of clinical cases, International immunopharmacology, Bioorganic & medicinal chemistry letters",2022-2025,Asia-Pacific,2,89.7,86.2,93.1,44.2,86.2,89.6,80.1,Tier 1,True,True
143,ma_y,Yanping Ma,"Department of Lymphoma & Plasma Cell Disease, Senior Department of Hematology, the Fifth Medical Center of PLA General Hospital, Beijing 100071, China.",China,6,2,4,0.667,0,0,0.2274734309149984,"Dexamethasone, Retrospective Studies, Hematopoietic Stem Cell Transplantation, Transplantation, Autologous, Pneumonia, Bortezomib","Zhonghua xue ye xue za zhi = Zhonghua xueyexue zazhi, Pharmaceutics, Annals of hematology",2023-2025,Asia-Pacific,2,89.7,86.2,88.8,44.2,86.2,95.2,80.0,Tier 1,False,True
144,jurczyszyn_a,Artur Jurczyszyn,"Plasma Cell Dyscrasia Center, Department of Hematology, Faculty of Medicine, Jagiellonian University Medical College, 31-501 Krakow, Poland.",Poland,7,2,4,0.571,0,0,0.12499846228592212,"Walking, Biomarkers, Glomerular Filtration Rate, Prognosis, Forkhead Box Protein O3, Vitamin D","Clinical lymphoma, myeloma & leukemia, Current oncology (Toronto, Ont.), Molecules (Basel, Switzerland)",2021-2026,Europe,2,92.7,86.2,88.8,44.2,86.2,85.3,79.7,Tier 1,False,True
145,lu_x,Xiuxiu Lu,"Protein Processing Section, Center for Structural Biology, Center for Cancer Research, National Cancer Institute, National Institutes of Health, Frederick, MD, 21702, USA.",USA,6,2,4,0.667,0,0,0.18734295648457597,"Cell Line, Tumor, Gene Expression Regulation, Neoplastic, Apoptosis, Intracellular Signaling Peptides and Proteins, Proteasome Endopeptidase Complex, Transcription Factors","Nature communications, Bioengineered, Cancer pathogenesis and therapy",2021-2025,North America,2,89.7,86.2,88.8,44.2,86.2,92.8,79.7,Tier 1,False,True
146,li_f,Fangmei Li,"Xi'an Jiaotong University Health Science Center, Xi'An City, Shaanxi Province, China; The Second Affiliated Hospital of Xi'an Jiaotong University, Xi'An City, Shaanxi Province, China.",China,6,3,5,0.833,0,0,0.06280310306144075,"Leukemia, Myeloid, Acute, Syndrome, Amyloidosis, Cysts, Exosomes, Hypoxia-Inducible Factor 1, alpha Subunit","Frontiers in oncology, Life sciences, Cancer genetics",2023-2026,Asia-Pacific,3,89.7,94.8,93.1,44.2,94.8,60.3,79.7,Tier 1,True,True
147,raza_s,Shahzad Raza,"Department of Hematology/Oncology, Cleveland Clinic, Taussig Cancer Institute, Cleveland, Ohio; US Myeloma Innovations Research Collaborative, Westwood, Kansas.",USA,6,2,6,1.0,0,0,0.11206359814686978,"Neoplasms, Plasma Cell, Antineoplastic Agents, B-Cell Maturation Antigen, Retrospective Studies, Antibodies, Bispecific, Receptors, Chimeric Antigen","Transplantation and cellular therapy, Blood cancer journal, Cancer research communications",2024-2026,North America,2,89.7,86.2,95.4,44.2,86.2,82.0,79.7,Tier 1,True,True
148,zhang_z,Zhiyao Zhang,"Personalized Drug Therapy Key Laboratory of Sichuan Province, Department of Pharmacy, Sichuan Academy of Medical Science&Sichuan Provincial People's Hospital, School of Medicine, University of Electronic Science and Technology of China, 610072, Chengdu, China.",China,10,4,2,0.2,0,0,0.1788022177272976,"Animals, Antineoplastic Agents, Biomarkers, Tumor, Combined Modality Therapy, Deubiquitinating Enzymes, Drug Development","European journal of medicinal chemistry, Cancer cell international, Journal of hematology & oncology",2021-2025,Asia-Pacific,4,96.6,97.7,55.1,44.2,97.7,91.9,79.7,Tier 1,False,True
149,yu_z,Zhengyu Yu,"Department of Hematology, Institute of Hematology, West China Hospital, Sichuan University, #37 Guo Xue Xiang Street, 610041 Chengdu, China.",China,7,3,3,0.429,0,0,0.08934882162364463,"Immunotherapy, Adoptive, Immunotherapy, Tumor Microenvironment, Bone Marrow, Receptors, Chimeric Antigen, T-Lymphocytes","International immunopharmacology, Phytomedicine : international journal of phytotherapy and phytopharmacology, Iranian journal of immunology : IJI",2022-2026,Asia-Pacific,3,92.7,94.8,78.7,44.2,94.8,74.0,79.6,Tier 1,False,True
150,visram_a,Alissa Visram,"Division of Hematology, The Ottawa Hospital, Ottawa, ON, Canada.",Canada,6,2,4,0.667,0,0,0.16328093511796582,"Disease Progression, Retrospective Studies, Animals, Immunotherapy, Adoptive, Killer Cells, Natural, Receptors, Chimeric Antigen","Hematology. American Society of Hematology. Education Program, American journal of kidney diseases : the official journal of the National Kidney Foundation, Clinical lymphoma, myeloma & leukemia",2021-2026,North America,2,89.7,86.2,88.8,44.2,86.2,90.3,79.5,Tier 1,False,True
151,kumar_l,Lalit Kumar,"Department of Medical Oncology, B.R. Ambedkar Institute Rotary Cancer Hospital, All India Institute of Medical Sciences, New Delhi, India.",India,5,3,3,0.6,0,0,0.1705354862762765,"Cross-Sectional Studies, Dexamethasone, Health Expenditures, Quality of Life, Surveys and Questionnaires, Biomarkers, Tumor","The Indian journal of medical research, Neoplasma, Indian journal of nephrology",2021-2026,Asia-Pacific,3,85.1,94.8,78.7,44.2,94.8,91.0,79.5,Tier 1,False,True
152,chen_m,Meilan Chen,"Department of Pathology, UT Southwestern Medical Center-Biocenter University of Texas System Dallas Texas USA.",USA,10,2,4,0.4,0,0,0.08625930953156849,"Hematopoietic Stem Cell Transplantation, Retrospective Studies, Transplantation, Autologous, Induction Chemotherapy, Liposomes, Disease-Free Survival","EJHaem, Frontiers in genetics, Zhonghua xue ye xue za zhi = Zhonghua xueyexue zazhi",2021-2026,North America,2,96.6,86.2,88.8,44.2,86.2,72.8,79.4,Tier 1,False,True
153,fu_c,C C Fu,"Department of Hematology, The First Affiliated Hospital of Soochow University, Jiangsu Institute of Hematology, Suzhou 215000, Jiangsu Province, China E-mail: fuzhengzheng@ suda.edu.cn.",China,6,2,1,0.167,1,0,0.1457445487946167,"Busulfan, Cyclophosphamide, Hematopoietic Stem Cell Transplantation, Retrospective Studies, Lenalidomide, Bortezomib","Zhonghua xue ye xue za zhi = Zhonghua xueyexue zazhi, Zhongguo shi yan xue ye xue za zhi, Clinical lymphoma, myeloma & leukemia",2021-2026,Asia-Pacific,2,89.7,86.2,25.6,91.0,86.2,88.0,79.2,Tier 1,False,True
154,chen_q,Qingxiao Chen,"Department of Nephrology, The First Affiliated Hospital of Chongqing Medical University, Chongqing, China",China,7,3,3,0.429,0,0,0.07792729444142815,"Heavy Chain Disease, Immunoglobulin A, Kidney, Kidney Glomerulus, Immunoglobulin Light-chain Amyloidosis, Ulcer","Iranian journal of kidney diseases, Frontiers in oncology, Cancers",2021-2026,Asia-Pacific,3,92.7,94.8,78.7,44.2,94.8,68.9,79.1,Tier 1,False,True
155,yang_l,Li Yang,"Department of Microbiology, Immunology & Molecular Genetics, University of California, Los Angeles, CA 90095, USA.",USA,7,2,3,0.429,0,0,0.18977113811337312,"Allogeneic Cells, Animals, Cell Engineering, Immunotherapy, Leukocytes, Neoplasms","Frontiers in oncology, Cells, Zhonghua zhong liu za zhi [Chinese journal of oncology]",2021-2026,North America,2,92.7,86.2,78.7,44.2,86.2,93.1,79.0,Tier 1,False,True
156,badelita_s,Sorina N Badelita,"Clinical Department I, Hematology, Fundeni Clinical Institute, 022328 Bucharest, Romania.",Romania,4,4,3,0.75,0,0,0.2022316883692793,"Romania, Risk, Recurrence, Tumor Suppressor Protein p53, In Situ Hybridization, Chromosome Deletion","EJHaem, Cancers, International journal of molecular sciences",2023-2026,Europe,4,78.1,97.7,78.7,44.2,97.7,93.7,78.9,Tier 1,True,True
157,pasvolsky_o,Oren Pasvolsky,"Department of Lymphoma and Myeloma, The University of Texas MD Anderson Cancer Center, Houston, Texas, USA.",USA,3,3,3,1.0,1,0,0.04628830651502819,"Retrospective Studies, Hematopoietic Stem Cell Transplantation, Transplantation, Autologous, Neoplasm, Residual, Transplantation Conditioning","Transplantation and cellular therapy, Cancer",2024-2026,North America,3,64.2,94.8,78.7,91.0,94.8,43.5,78.9,Tier 1,True,True
158,luo_y,Y Luo,"Department of Hematology, the Second Affiliated Hospital of Chongqing Medical University, Chongqing 400000.",Unknown,6,2,4,0.667,0,0,0.12048313673278262,"Monoclonal Gammopathy of Undetermined Significance, Paraproteinemias, Chronic Disease, Hemorrhage, Cryoelectron Microscopy, ADP-ribosyl Cyclase 1","Zhonghua xue ye xue za zhi = Zhonghua xueyexue zazhi, Journal of hematology & oncology, Translational cancer research",2022-2026,Unknown,2,89.7,86.2,88.8,44.2,86.2,84.3,78.9,Tier 1,False,True
159,zhang_s,Shuhao Zhang,"The First School of Clinical Medicine, Gansu University of Chinese Medicine.",Unknown,7,2,4,0.571,0,0,0.09436368418242433,"Retrospective Studies, Bone Diseases, Bone Neoplasms, Autophagy, Risk Factors, Calcium","Zhongguo shi yan xue ye xue za zhi, Nature communications, Annals of nuclear medicine",2022-2025,Unknown,2,92.7,86.2,88.8,44.2,86.2,76.1,78.8,Tier 1,False,True
160,li_r,Rong Li,"Nuclear Radiation Injury Protection and Treatment Department, Navy Medical Center of People Liberation Army (PLA), Naval Medical University, Shanghai, China.",China,5,3,4,0.8,0,0,0.07666964459966134,,"Frontiers in oncology, Blood and lymphatic cancer : targets and therapy, Discover oncology",2021-2026,Asia-Pacific,3,85.1,94.8,88.8,44.2,94.8,68.2,78.7,Tier 1,True,True
161,nadeem_o,Omar Nadeem,"Department of Medical Oncology, Dana-Farber Cancer Institute, Harvard Medical School, Boston, MA.",Unknown,4,1,3,0.75,2,0,0.119934328944594,"Paraproteinemias, Kidney Diseases, Kidney, Monoclonal Gammopathy of Undetermined Significance, Recurrence, Immunotherapy, Adoptive","Seminars in nephrology, Blood, Haematologica",2022-2026,Unknown,1,78.1,65.9,78.7,95.2,65.9,84.0,78.6,Tier 1,True,True
162,zhang_q,Qi-Ke Zhang,"Department of Hematology, Gansu Provincial Hospital, Lanzhou 730000, Gansu Province, China.",China,4,1,4,1.0,1,0,0.0934745974115796,"Risk Factors, Retrospective Studies, Bone Diseases, Calcium, Logistic Models, Bone Neoplasms","Zhongguo shi yan xue ye xue za zhi, Frontiers in pharmacology, Nature cancer",2025-2026,Asia-Pacific,1,78.1,65.9,88.8,91.0,65.9,75.6,78.4,Tier 1,True,True
163,martin_t,Thomas Martin,UCSF Helen Diller Family Comprehensive Cancer Center San Francisco California USA.,USA,5,1,2,0.4,5,0,0.16046443795351786,,"Frontiers in oncology, EJHaem, Blood",2021-2026,North America,1,85.1,65.9,55.1,99.5,65.9,90.1,78.2,Tier 1,False,True
164,gao_s,Shuang Gao,"Department of Hematology, Tianjin Medical University Cancer Institute and Hospital, National Clinical Research Center for Cancer, Key Laboratory of Cancer Prevention and Therapy, Tianjin's Clinical Research Center for Cancer, Tianjin, China.",China,7,2,3,0.429,0,0,0.12408846884202902,"Bortezomib, Hematopoietic Stem Cell Transplantation, Transplantation, Autologous, Adenosine, Alpha-Ketoglutarate-Dependent Dioxygenase FTO, Animals","Frontiers in oncology, Molecular therapy : the journal of the American Society of Gene Therapy, Biochimica et biophysica acta. General subjects",2021-2026,Asia-Pacific,2,92.7,86.2,78.7,44.2,86.2,85.0,78.2,Tier 1,False,True
165,mina_r,Roberto Mina,"Division of Hematology, Department of Molecular Biotechnology and Health Sciences, University of Torino, Turin, Italy; Division of Hematology, Azienda Ospedaliero-Universitaria Città della Salute e della Scienza di Torino, Turin, Italy.",Italy,4,3,3,0.75,0,0,0.23935782341940737,"Lenalidomide, Neoplasm, Residual, Dexamethasone, Hematopoietic Stem Cell Transplantation, Cyclophosphamide, Cytogenetic Analysis","Clinical lymphoma, myeloma & leukemia, The Lancet. Oncology, The New England journal of medicine",2023-2026,Europe,3,78.1,94.8,78.7,44.2,94.8,95.6,78.2,Tier 1,True,True
166,feng_y,Yonghuai Feng,Department of Hematology Affiliated Hospital of Zunyi Medical University Zunyi Guizhou China.,China,7,2,3,0.429,0,0,0.12326767215625016,"Retrospective Studies, Chromosome Aberrations, Prognosis, China, Risk Factors, Bone Diseases","Ibrain, ACS omega, Life sciences",2023-2026,Asia-Pacific,2,92.7,86.2,78.7,44.2,86.2,84.8,78.2,Tier 1,False,True
167,zhao_j,Jing Zhao,"Department of Hematology, The First Affiliated Hospital of Xi'an Jiaotong University, Xi'an, China.",China,6,3,3,0.5,0,0,0.0715795471330905,"Biomarkers, Tumor, Prognosis, RNA-Seq, Single-Cell Gene Expression Analysis, Transcription Factors, Animals","Frontiers in genetics, Biomolecules, Oncology research",2021-2026,Asia-Pacific,3,89.7,94.8,78.7,44.2,94.8,65.3,78.0,Tier 2,False,True
168,he_j,Jingsong He,"Bone Marrow Transplantation Center, Department of Hematology, The First Affiliated Hospital, School of Medicine, Zhejiang University, Hangzhou, China.",China,6,2,4,0.667,0,0,0.09402528944994495,"Reactive Oxygen Species, Melphalan, DNA Damage, Apoptosis, Drug Combinations, Allyl Compounds","Frontiers in oncology, Cancers, Annals of hematology",2022-2026,Asia-Pacific,2,89.7,86.2,88.8,44.2,86.2,75.9,78.0,Tier 2,False,True
169,pabst_t,Thomas Pabst,"Department of Medical Oncology, Inselspital, University Hospital Bern, University of Bern, 3010 Bern, Switzerland.",Switzerland,3,2,3,1.0,2,0,0.05151972536313534,,"Current issues in molecular biology, Blood cancer journal, Cancers",2025-2026,Europe,2,64.2,86.2,78.7,95.2,86.2,48.8,77.7,Tier 2,True,True
170,gonzalezcalle_v,Verónica González-Calle,"Hospital Universitario de Salamanca, Instituto de Investigación Biomédica de Salamanca (IBSAL), Centro de Investigación del Cancer (IBMCC-USAL, CSIC), Salamanca, Spain.",Spain,5,2,4,0.8,0,0,0.11321438650872129,"Antineoplastic Agents, Disease Management, Frailty, Immunotherapy, Adoptive, Neoplasm Recurrence, Local, Risk Assessment","HemaSphere, Hematology. American Society of Hematology. Education Program, Clinical lymphoma, myeloma & leukemia",2021-2026,Europe,2,85.1,86.2,88.8,44.2,86.2,82.3,77.5,Tier 2,True,True
171,gao_j,Jianbo Gao,"Department of Radiology, The First Affiliated Hospital of Zhengzhou University, Zhengzhou, Henan Province, China.",China,5,3,4,0.8,0,0,0.05696142054582564,"Cell Line, Tumor, Animals, Mice, Xenograft Model Antitumor Assays, Vancomycin, Flushing","Frontiers in medicine, Medicine, Frontiers in immunology",2023-2025,Asia-Pacific,3,85.1,94.8,88.8,44.2,94.8,55.0,77.4,Tier 2,True,True
172,malhotra_p,Pankaj Malhotra,"Department of Internal Medicine, Post Graduate Institute of Medical Education and Research, Chandigarh, India.",India,6,3,4,0.667,0,0,0.04514867000503607,"Bone Marrow, Feasibility Studies, Flow Cytometry, Follow-Up Studies, Hematopoietic Stem Cell Transplantation, Induction Chemotherapy","Indian journal of hematology & blood transfusion : an official journal of Indian Society of Hematology and Blood Transfusion, Journal of cancer research and therapeutics",2021-2025,Asia-Pacific,3,89.7,94.8,88.8,44.2,94.8,42.4,77.3,Tier 2,False,True
173,botta_c,Cirino Botta,"Laboratory of Experimental Hematology and Immunogenomics, University Hospital of Palermo, Department of Health Promotion, Mother and Child Care, Internal Medicine and Medical Specialties, Hematology Unit, University of Palermo, Palermo, Italy.",Italy,4,2,4,1.0,0,0,0.32253138555055494,"Neoplasm, Residual, Clinical Trials as Topic, Prognosis, High-Throughput Nucleotide Sequencing","Frontiers in medicine, Clinical lymphoma, myeloma & leukemia, Blood neoplasia",2025-2026,Europe,2,78.1,86.2,88.8,44.2,86.2,97.6,77.3,Tier 2,True,True
174,kikuchi_t,Taku Kikuchi,"Department of Hematology, Japanese Red Cross Medical Center, Tokyo, JPN.",Unknown,5,4,3,0.6,0,0,0.05940216114945488,"Bone Marrow, Cadherins, Epithelial-Mesenchymal Transition, Cell Membrane","Cureus, F1000Research, International journal of hematology",2022-2026,Unknown,4,85.1,97.7,78.7,44.2,97.7,57.5,77.0,Tier 2,False,True
175,fu_w,W J Fu,"Department of Hematology, the Myeloma & Lymphoma Center, Changzheng Hospital, Naval Medical University, Shanghai 200433, China.",China,5,1,3,0.6,3,0,0.04812512019837698,"Prognosis, Case-Control Studies, Retrospective Studies, Lenalidomide, Central Nervous System, Amyloidosis","Zhonghua xue ye xue za zhi = Zhonghua xueyexue zazhi, Journal of cutaneous pathology, Chinese medical journal",2022-2026,Asia-Pacific,1,85.1,65.9,78.7,97.4,65.9,45.9,76.9,Tier 2,False,True
176,jung_s,Sung-Hoon Jung,"Department of Internal Medicine, Chonnam National University Hwasun Hospital, 322 Seoyang-ro, Hwasun, Jeollanam-do 519-763, Republic of Korea.",South Korea,5,1,3,0.6,1,0,0.0609019477643402,"Adrenal Cortex Hormones, Adrenal Insufficiency, Adrenocorticotropic Hormone, Hydrocortisone, Prevalence, Retrospective Studies","BioMed research international, Cancer treatment and research communications, Cancer research and treatment",2021-2026,Asia-Pacific,1,85.1,65.9,78.7,91.0,65.9,58.9,76.9,Tier 2,False,True
177,bazarbachi_a,Ali Bazarbachi,"Division of Hematology/Oncology, Department of Internal Medicine, American University of Beirut Medical Center, Beirut, Lebanon.",Lebanon,5,2,4,0.8,0,0,0.09288854235166175,"Neoplasm, Residual, Prognosis, Flow Cytometry, Immunotherapy, Adoptive, Receptors, Chimeric Antigen","Bone marrow transplantation, Frontiers in transplantation, Presse medicale (Paris, France : 1983)",2022-2026,Middle East / GCC,2,85.1,86.2,88.8,44.2,86.2,75.5,76.9,Tier 2,True,True
178,hajek_r,Roman Hájek,"Faculty of Medicine, University of Ostrava, Ostrava, Czechia.",Unknown,6,3,2,0.333,0,0,0.1534361142794002,"Czech Republic, Dexamethasone, Animals, Biomarkers, Cytotoxicity, Immunologic, Disease Management","Clinical lymphoma, myeloma & leukemia, Frontiers in immunology, Neoplasma",2021-2026,Unknown,3,89.7,94.8,55.1,44.2,94.8,89.1,76.9,Tier 2,False,True
179,xia_y,Yuan Xia,"Department of Hematology, The First Affiliated Hospital of Nanjing Medical University, Nanjing, Jiangsu 210029, China.",China,5,4,3,0.6,0,0,0.05838519702335698,"Prognosis, Chromosome Aberrations, Biomarkers, Tumor, In Situ Hybridization, Fluorescence, Retrospective Studies, Mutation","Chinese medical journal, Zhonghua xue ye xue za zhi = Zhonghua xueyexue zazhi, Transfusion",2022-2025,Asia-Pacific,4,85.1,97.7,78.7,44.2,97.7,56.5,76.9,Tier 2,False,True
180,jin_s,Song Jin,"Department of Hematology, The First Affiliated Hospital of Soochow University, Jiangsu Institute of Hematology, Suzhou 215000, Jiangsu Province, China.",China,7,2,3,0.429,0,0,0.0829986260674304,"Hematopoietic Stem Cell Transplantation, Retrospective Studies, Lenalidomide, Bortezomib, Induction Chemotherapy, Transplantation, Autologous","Zhonghua xue ye xue za zhi = Zhonghua xueyexue zazhi, Zhongguo shi yan xue ye xue za zhi, Frontiers in oncology",2021-2026,Asia-Pacific,2,92.7,86.2,78.7,44.2,86.2,71.1,76.8,Tier 2,False,True
181,li_w,Wenjing Li,"Breast Disease Center, The Affiliated Hospital of Qingdao University, Qingdao, Shandong, China.",China,5,3,4,0.8,0,0,0.053203115461613444,"Tandem Mass Spectrometry, Antibodies, Monoclonal, Chromatography, Liquid, Enzyme-Linked Immunosorbent Assay, Reproducibility of Results, Immunoglobulin G","Frontiers in oncology, Genes & diseases, Journal of pharmaceutical and biomedical analysis",2022-2026,Asia-Pacific,3,85.1,94.8,88.8,44.2,94.8,49.8,76.8,Tier 2,True,True
182,szabo_a,Aniko Szabo,"Department of Hematology, Vejle Hospital, Vejle, Denmark.",Denmark,5,2,3,0.6,0,0,0.14991936035909365,"Retrospective Studies, Receptors, Chimeric Antigen, Antibodies, Monoclonal, Life Expectancy, B-Cell Maturation Antigen, Immunotherapy, Adoptive","American journal of hematology, Bone marrow transplantation, Transplantation and cellular therapy",2022-2026,Europe,2,85.1,86.2,78.7,44.2,86.2,88.7,76.7,Tier 2,False,True
183,jiang_s,Songfu Jiang,"The First Affiliated Hospital of Wenzhou Medical University, Department of Hematology, Wenzhou, 325000, Zhejiang, China.",China,4,1,3,0.75,1,0,0.08606888379249535,"Lymphoma, Hematopoietic Stem Cell Transplantation, Transplantation, Autologous, China, Exosomes, Hypoxia-Inducible Factor 1, alpha Subunit","Bone marrow transplantation, International immunopharmacology, Frontiers in pharmacology",2023-2025,Asia-Pacific,1,78.1,65.9,78.7,91.0,65.9,72.7,76.6,Tier 2,True,True
184,bergsagel_p,P Leif Bergsagel,"Division of Hematology Oncology, Mayo Clinic, 13400 East Shea Boulevard, Scottsdale, AZ 85259, USA.",USA,5,2,5,1.0,0,0,0.07430471656516037,"Risk Factors, Smoldering Multiple Myeloma, Lenalidomide, Disease Progression, Monoclonal Gammopathy of Undetermined Significance, Animals","Hematology/oncology clinics of North America, Blood neoplasia, Seminars in hematology",2024-2026,North America,2,85.1,86.2,93.1,44.2,86.2,66.9,76.6,Tier 2,True,True
185,gonsalves_w,Wilson I Gonsalves,"Division of Hematology, Mayo Clinic, Rochester, MN, USA.",USA,5,3,3,0.6,0,0,0.06264537537693227,"Disease Progression, Retrospective Studies, Monoclonal Gammopathy of Undetermined Significance, Paraproteinemias, Waldenstrom Macroglobulinemia, Hematopoietic Stem Cell Transplantation","Annals of internal medicine, Clinical lymphoma, myeloma & leukemia, Blood cancer journal",2022-2026,North America,3,85.1,94.8,78.7,44.2,94.8,60.2,76.4,Tier 2,False,True
186,kim_m,Miyoung Kim,"Department of Laboratory Medicine, Asan Medical Center, University of Ulsan College of Medicine, Seoul, Republic of Korea.",South Korea,5,2,4,0.8,0,0,0.08220028240816257,"Republic of Korea, Prognosis, Adolescent, Artificial Intelligence, Ethnicity, Hematologic Neoplasms","Medicine, Clinical lymphoma, myeloma & leukemia, Annals of laboratory medicine",2021-2026,Asia-Pacific,2,85.1,86.2,88.8,44.2,86.2,70.8,76.4,Tier 2,True,True
187,cook_g,Gordon Cook,"Leeds Cancer Centre, Leeds Teaching Hospitals Trust, Leeds, UK.",Unknown,4,1,2,0.5,4,0,0.15798585316796293,"Vaccination, Influenza, Human, Prospective Studies, Hospitalization, Lenalidomide, Vorinostat","Clinical lymphoma, myeloma & leukemia, British journal of haematology, European journal of haematology",2023-2024,Unknown,1,78.1,65.9,55.1,98.7,65.9,89.7,76.3,Tier 2,False,True
188,xiao_y,Yi Xiao,"Department of Hematology, the Second Affiliated Hospital of Chongqing Medical University, Chongqing 400000.",Unknown,5,4,4,0.8,0,0,0.038176843684383836,"Monoclonal Gammopathy of Undetermined Significance, Paraproteinemias, Chronic Disease, Hemorrhage, B-Cell Maturation Antigen, Immunotherapy, Adoptive","Zhonghua xue ye xue za zhi = Zhonghua xueyexue zazhi, Case reports in hematology, Frontiers in oncology",2022-2026,Unknown,4,85.1,97.7,88.8,44.2,97.7,34.3,76.2,Tier 2,True,True
189,bahlis_n,Nizar J Bahlis,"Departments of Hematology and Oncology, University of Calgary, Calgary, AB, Canada.",Canada,7,1,7,1.0,0,0,0.44790160677094304,"Smoldering Multiple Myeloma, Risk Assessment, Risk Factors, Disease Progression, Genomics","Blood neoplasia, bioRxiv : the preprint server for biology, Haematologica",2025-2026,North America,1,92.7,65.9,97.0,44.2,65.9,98.8,76.2,Tier 2,True,True
190,parekh_s,Samir Parekh,"Department of Medicine, Hematology and Medical Oncology, Icahn School of Medicine at Mount Sinai, New York, NY, USA. samir.parekh@mssm.edu.",USA,4,1,3,0.75,1,0,0.07445757882502725,"B-Cell Maturation Antigen, Immunotherapy, Adoptive, Movement Disorders, Parkinsonian Disorders, Receptors, Chimeric Antigen, Genetic Predisposition to Disease","Nature medicine, Blood neoplasia, Pharmacogenomics and personalized medicine",2021-2025,North America,1,78.1,65.9,78.7,91.0,65.9,67.1,76.0,Tier 2,True,True
191,gao_y,Yang Gao,"Department of Hematology, Sir Run Run Shaw Hospital, Zhejiang University School of Medicine, Hangzhou, China.",China,5,3,3,0.6,0,0,0.05859712490774145,"Leukocytes, Mononuclear, Animals, Antibodies, Monoclonal, Cell Line, Tumor, Graft vs Host Disease, Graft vs Leukemia Effect","Frontiers in immunology, Frontiers in pharmacology, Journal of magnetic resonance imaging : JMRI",2021-2026,Asia-Pacific,3,85.1,94.8,78.7,44.2,94.8,56.7,76.0,Tier 2,False,True
192,yang_g,Guangzhong Yang,"Department of Hematology, Beijing Chao-Yang Hospital, Capital Medical University, Beijing, 100020, China. ygz2003233@163.com.",China,7,2,4,0.571,0,0,0.049163711461592124,"Prognosis, Hematopoietic Stem Cell Transplantation, Retrospective Studies, Transplantation, Autologous, Stem Cell Transplantation, Cell Line, Tumor","BMC cancer, Histology and histopathology, Frontiers in oncology",2022-2026,Asia-Pacific,2,92.7,86.2,88.8,44.2,86.2,46.9,75.9,Tier 2,False,True
193,xu_h,Hao Xu,"Department of Hematology, The First People's Hospital of Yancheng, The Yancheng Clinical College of Xuzhou Medical University, Yancheng, China.",China,9,1,8,0.889,0,0,0.14025805956773502,"Cell Proliferation, Cell Line, Tumor, Gene Expression Regulation, Neoplastic, Antineoplastic Agents, Dose-Response Relationship, Drug, Animals","Frontiers in oncology, Acta pharmaceutica Sinica. B, European journal of medicinal chemistry",2023-2026,Asia-Pacific,1,95.6,65.9,97.7,44.2,65.9,87.3,75.9,Tier 2,True,True
194,mahmoudjafari_z,Zahra Mahmoudjafari,"Division of Hematologic Malignancies & Cellular Therapeutics, University of Kansas Medical Center, Westwood, KS 66205, USA.",USA,9,1,7,0.778,0,0,0.14476112951085718,"Retrospective Studies, B-Cell Maturation Antigen, Neoplasms, Plasma Cell, Antibodies, Bispecific, Antineoplastic Agents, Pharmacovigilance","Transplantation and cellular therapy, Current oncology (Toronto, Ont.), EJHaem",2021-2026,North America,1,95.6,65.9,97.0,44.2,65.9,87.9,75.8,Tier 2,True,True
195,yang_c,Chen Yang,"Department of Hematology, The First Affiliated Hospital, College of Medicine, Zhejiang University, Hangzhou, China.",China,6,2,4,0.667,0,0,0.05550319809977433,"Killer Cells, Natural, Animals, Boron Compounds, Lenalidomide, Glycine, Dexamethasone","Translational cancer research, Zhonghua xue ye xue za zhi = Zhonghua xueyexue zazhi, Chronic diseases and translational medicine",2021-2026,Asia-Pacific,2,89.7,86.2,88.8,44.2,86.2,52.7,75.7,Tier 2,False,True
196,irfan_s,Sohaib Irfan,"Aga Khan University, Karachi, Pakistan.",Pakistan,4,2,4,1.0,0,0,0.10805970294576306,"Hematopoietic Stem Cell Transplantation, Leukemia, Plasma Cell, Graft vs Host Disease, Survival Rate, Transplantation, Homologous, Prognosis","Transplantation and cellular therapy, Leukemia research, British journal of haematology",2025-2026,Asia-Pacific,2,78.1,86.2,88.8,44.2,86.2,81.2,75.7,Tier 2,True,True
197,bal_s,Susan Bal,"Division of Hematology and Oncology, Department of Medicine, University of Alabama at Birmingham, Birmingham, AL, United States.",USA,4,1,2,0.5,4,0,0.10737339583205162,"Biomarkers, Frailty, Lymphocytes, Neutrophils, Prognosis, Retrospective Studies","Journal of geriatric oncology, Journal of clinical oncology : official journal of the American Society of Clinical Oncology, Blood",2022-2026,North America,1,78.1,65.9,55.1,98.7,65.9,81.1,75.4,Tier 2,False,True
198,yao_x,Xingchen Yao,"From the Department of Nuclear Medicine, West China Hospital of Sichuan University, Chengdu, Sichuan, China.",China,5,2,3,0.6,0,0,0.09001843581578041,"Animals, Cell Line, Tumor, Fluorodeoxyglucose F18, Positron Emission Tomography Computed Tomography, Uterine Neoplasms, Leiomyoma","Clinical nuclear medicine, The New England journal of medicine, Apoptosis : an international journal on programmed cell death",2022-2026,Asia-Pacific,2,85.1,86.2,78.7,44.2,86.2,74.3,75.2,Tier 2,False,True
199,zhang_x,Xiao Zhang,"Departments of Pathology and Lab Medicines, H. L. Moffitt Cancer Center and Research Institute, Tampa, FL.",Unknown,15,0,10,0.667,1,0,0.294814151518518,"Cell Line, Tumor, Prognosis, Gene Expression Regulation, Neoplastic, Cell Differentiation, Retrospective Studies, Positron-Emission Tomography","Clinical lymphoma, myeloma & leukemia, Scientific reports, Journal of hematology & oncology",2022-2026,Unknown,0,98.5,26.0,98.4,91.0,26.0,97.3,75.1,Tier 2,False,True
200,sun_c,Chunyan Sun,"Department of Radiology, Peking University People's Hospital, Beijing, China.",China,10,1,4,0.4,0,0,0.1669603379964923,"Animals, Mice, Adenosine, Alpha-Ketoglutarate-Dependent Dioxygenase FTO, Heat Shock Transcription Factors, Mice, Inbred NOD","Frontiers in oncology, Molecular therapy : the journal of the American Society of Gene Therapy, Hematology (Amsterdam, Netherlands)",2021-2026,Asia-Pacific,1,96.6,65.9,88.8,44.2,65.9,90.7,75.1,Tier 2,False,True
201,xu_x,Xiaoxuan Xu,"Department of Pathology, University of Alabama at Birmingham, Birmingham, Alabama.",USA,8,1,5,0.625,0,0,0.155638174831364,"Animals, Bortezomib, Mice, Receptors, Chimeric Antigen, B-Cell Maturation Antigen, Bone Marrow","Molecular cancer therapeutics, European journal of nuclear medicine and molecular imaging, Cell reports. Medicine",2022-2026,North America,1,94.4,65.9,93.1,44.2,65.9,89.3,75.1,Tier 2,False,True
202,ahmed_n,Nausheen Ahmed,Division of Hematologic Malignancies & Cellular Therapeutics University of Kansas Medical Center Westwood Kansas USA.,USA,8,1,6,0.75,0,0,0.1318317670755328,"Retrospective Studies, Receptors, Chimeric Antigen, Neoplasms, Plasma Cell, Immunotherapy, Adoptive, B-Cell Maturation Antigen, Antibodies, Bispecific","Transplantation and cellular therapy, EJHaem, Cureus",2021-2026,North America,1,94.4,65.9,95.4,44.2,65.9,86.1,75.1,Tier 2,True,True
203,lee_s,Seung-Hwan Lee,"Department of Oral and Maxillofacial Surgery, School of Dentistry, Kyungpook National University, Daegu, Korea.",South Korea,7,1,6,0.857,0,0,0.1482933964726921,"Animals, Immunotherapy, Adoptive, Killer Cells, Natural, Receptors, Chimeric Antigen, Xenograft Model Antitumor Assays, Mice","Journal of bone metabolism, Cytotherapy, Seminars in hematology",2021-2026,Asia-Pacific,1,92.7,65.9,95.4,44.2,65.9,88.6,74.9,Tier 2,True,True
204,xu_s,Shengli Xu,"Department of Lymphohematology and Oncology, Jiangxi Cancer Hospital, Nanchang, China.",China,5,3,3,0.6,0,0,0.047903394788753974,,"Annals of translational medicine, Translational cancer research, Antibodies (Basel, Switzerland)",2022-2026,Asia-Pacific,3,85.1,94.8,78.7,44.2,94.8,45.0,74.9,Tier 2,False,True
205,alhadidi_s,Samer Al Hadidi,"Myeloma Center, Winthrop P. Rockefeller Cancer Institute, University of Arkansas for Medical Sciences, Little Rock, AR, USA. Electronic address: salhadidi@uams.edu.",USA,5,4,2,0.4,0,0,0.08487338511913695,"Receptors, Chimeric Antigen, Immunotherapy, Adoptive, Receptors, Antigen, T-Cell, Cell- and Tissue-Based Therapy, B-Cell Maturation Antigen, Patients","European journal of cancer (Oxford, England : 1990), Clinical hematology international, Bone marrow transplantation",2023-2026,North America,4,85.1,97.7,55.1,44.2,97.7,72.3,74.9,Tier 2,False,True
206,huang_y,Ying Huang,"Department of Basic and Translational Sciences, School of Dental Medicine, University of Pennsylvania, Philadelphia, PA, 19104, United States.",USA,9,1,4,0.444,0,0,0.17279407127891946,"Bone Marrow, Macrophage Activation, Macrophages, Neoplastic Processes, RGS Proteins, Tumor Microenvironment","Cancer communications (London, England), Cancer cell international, Journal of hematology & oncology",2021-2026,North America,1,95.6,65.9,88.8,44.2,65.9,91.3,74.9,Tier 2,False,True
207,fonseca_r,Rafael Fonseca,"Division of Hematology and Oncology, Mayo Clinic in Arizona, Phoenix, AZ, USA.",USA,7,1,6,0.857,0,0,0.14525998012939823,"Prognosis, ADP-ribosyl Cyclase 1, Neoplasms, Plasma Cell, Retrospective Studies, Outpatients, Health Resources","Blood cancer journal, Blood neoplasia, JCO oncology practice",2022-2026,North America,1,92.7,65.9,95.4,44.2,65.9,88.0,74.9,Tier 2,True,True
208,li_q,Qian Li,"Department of Cardiology, West China Hospital, Sichuan University, Chengdu, China.",China,8,2,2,0.25,0,0,0.11464035498215547,"Hematopoietic Stem Cell Transplantation, Bone Marrow, Immunoglobulin G, Transplantation, Autologous, Leukemia, Plasma Cell, Biology","Frontiers in cardiovascular medicine, Translational cancer research, Frontiers in oncology",2021-2026,Asia-Pacific,2,94.4,86.2,55.1,44.2,86.2,82.6,74.8,Tier 2,False,True
209,huang_l,Lunhui Huang,"State Key Laboratory of Experimental Hematology, National Clinical Research Center for Blood Diseases, Haihe Laboratory of Cell Ecosystem, Institute of Hematology & Blood Diseases Hospital, Chinese Academy of Medical Sciences & Peking Union Medical College, Tianjin, China.",China,4,2,4,1.0,0,0,0.08394045563218153,"Hematopoietic Stem Cell Transplantation, Hematopoietic Stem Cell Mobilization, Heterocyclic Compounds, Hematopoietic Stem Cells, Blood Component Removal, Antigens, CD34","Transfusion, Zhongguo shi yan xue ye xue za zhi, bioRxiv : the preprint server for biology",2024-2026,Asia-Pacific,2,78.1,86.2,88.8,44.2,86.2,71.7,74.7,Tier 2,True,True
210,freeman_c,Ciara L Freeman,"Division of Medical Oncology, University of British Columbia, Vancouver, BC, Canada.",Canada,4,2,3,0.75,0,0,0.12439271974675487,"Disease Management, Frail Elderly, Frailty, Geriatric Assessment, Neoplasm Recurrence, Local, Receptors, Chimeric Antigen","Hematology. American Society of Hematology. Education Program, Transplantation and cellular therapy, bioRxiv : the preprint server for biology",2021-2026,North America,2,78.1,86.2,78.7,44.2,86.2,85.1,74.6,Tier 2,True,True
211,thomas_s,Sheeba K Thomas,"Department of Lymphoma and Myeloma, The University of Texas MD Anderson Cancer Center, Houston, Texas.",USA,7,1,5,0.714,0,0,0.1404354904023197,"Retrospective Studies, Hematopoietic Stem Cell Transplantation, Transplantation, Autologous, Hematopoietic Stem Cell Mobilization, Heterocyclic Compounds, Antigens, CD34","Transplantation and cellular therapy, Clinical lymphoma, myeloma & leukemia, Cancer",2023-2026,North America,1,92.7,65.9,93.1,44.2,65.9,87.4,74.5,Tier 2,True,True
212,zhao_x,Xiaohong Zhao,"The Whiteoak Group, Inc., Rockville, MD 20855, USA.",USA,6,1,5,0.833,0,0,0.21290231252797864,"Positron Emission Tomography Computed Tomography, Fluorodeoxyglucose F18, Retrospective Studies, Immunotherapy, Adoptive, B-Cell Maturation Antigen, Cytokine Release Syndrome","Pharmaceutics, bioRxiv : the preprint server for biology, Bone marrow transplantation",2023-2026,North America,1,89.7,65.9,93.1,44.2,65.9,94.6,74.4,Tier 2,True,True
213,li_d,Dan Li,"School of Laboratory Medicine, Chengdu Medical College, Chengdu, Sichuan, China.",China,4,2,4,1.0,0,0,0.07421488933598712,"Antibodies, Bispecific, B-Cell Maturation Antigen, Receptors, G-Protein-Coupled, CD3 Complex, Clinical Trials as Topic, Antineoplastic Agents, Immunological","Frontiers in oncology, Frontiers in immunology, Naunyn-Schmiedeberg's archives of pharmacology",2024-2026,Asia-Pacific,2,78.1,86.2,88.8,44.2,86.2,66.8,74.2,Tier 2,True,True
214,chen_j,Jie Chen,"Centre for Global Health, Zhejiang University School of Medicine, 866 Yuhangtang Road, Hangzhou, China.",China,7,1,4,0.571,0,0,0.15283291414699762,"Dexamethasone, Neoplasm Recurrence, Local, Genome-Wide Association Study, Mendelian Randomization Analysis, Genetic Predisposition to Disease, Polymorphism, Single Nucleotide","Arthritis research & therapy, Zhonghua xue ye xue za zhi = Zhonghua xueyexue zazhi, Translational cancer research",2022-2026,Asia-Pacific,1,92.7,65.9,88.8,44.2,65.9,89.0,74.0,Tier 2,False,True
215,zhang_b,Bo Zhang,"School of Pharmacy, Weifang Medical University, Weifang 261053, China.",China,6,3,2,0.333,0,0,0.061469657478358176,"Drug Delivery Systems, Animals, Mice, Antineoplastic Agents, Bortezomib, Cell Line, Tumor","Biomolecules, The Journal of international medical research, Molecular therapy : the journal of the American Society of Gene Therapy",2021-2025,Asia-Pacific,3,89.7,94.8,55.1,44.2,94.8,59.4,73.9,Tier 2,False,True
216,mikala_g,Gabor Mikala,"Department of Hematology and Stem Cell Transplantation, South Pest Central Hospital-National Institute for Hematology and Infectious Diseases, Budapest, Hungary. gmikala@dpckorhaz.hu.",Hungary,4,3,3,0.75,0,0,0.054896142433234416,"Geroscience, Monoclonal Gammopathy of Undetermined Significance, Frailty, Risk Factors","GeroScience, Pharmaceuticals (Basel, Switzerland), Journal of clinical medicine",2023-2025,Europe,3,78.1,94.8,78.7,44.2,94.8,52.1,73.8,Tier 2,True,True
217,wang_m,Meiyi Wang,"Diagnostic Molecular Pathology, Department of Pathology and Laboratory Medicine, Memorial Sloan Kettering Cancer Center, New York, New York.",USA,4,2,4,1.0,0,0,0.06481882827363311,"Reproducibility of Results, Leukemia, Lymphocytic, Chronic, B-Cell, High-Throughput Nucleotide Sequencing, Neoplasm, Residual, Electronic Health Records, United States","The Journal of molecular diagnostics : JMD, AMIA ... Annual Symposium proceedings. AMIA Symposium, European journal of medicinal chemistry",2024-2025,North America,2,78.1,86.2,88.8,44.2,86.2,61.1,73.7,Tier 2,True,True
218,liu_a,Aijun Liu,"Department of Hematology, Harbin Medical University Cancer Hospital, 150 Haping Road, 150081, Harbin, China.",China,5,2,4,0.8,0,0,0.046681277156481245,"Discriminant Analysis, Metal Nanoparticles, Multivariate Analysis, Principal Component Analysis, Spectrum Analysis, Raman, Adenocarcinoma","Analytica chimica acta, Indian journal of pathology & microbiology, Cancer pathogenesis and therapy",2022-2025,Asia-Pacific,2,85.1,86.2,88.8,44.2,86.2,43.8,73.7,Tier 2,True,True
219,rasche_l,Leo Rasche,"Department of Internal Medicine II, University Hospital of Würzburg, Würzburg, Germany.",Germany,6,1,5,0.833,0,0,0.12541804328572834,"Antibodies, Bispecific, T-Lymphocytes, Immunotherapy, Antibodies, Monoclonal, Receptors, Death Domain, Fas-Associated Death Domain Protein","Clinical lymphoma, myeloma & leukemia, Communications biology, Annals of hematology",2023-2026,Europe,1,89.7,65.9,93.1,44.2,65.9,85.3,73.5,Tier 2,True,True
220,rodriguez_c,Cesar Rodriguez,"Icahn School of Medicine at Mount Sinai, New York, NY, USA.",USA,4,2,3,0.75,0,0,0.08886656144966373,"Black People, Bortezomib, Dexamethasone, Hematologic Neoplasms, Lenalidomide, Antibodies, Monoclonal","Future oncology (London, England), Blood neoplasia, Reports of practical oncology and radiotherapy : journal of Greatpoland Cancer Center in Poznan and Polish Society of Radiation Oncology",2022-2026,North America,2,78.1,86.2,78.7,44.2,86.2,73.8,73.4,Tier 2,True,True
221,maiolino_a,Angelo Maiolino,"Universidade Federal do Rio de Janeiro -UFRJ, Rio de Janeiro, Brazil; Instituto Americas de Ensino, Pesquisa e Inovação, Rio de Janeiro, Brazil.",Brazil,3,1,3,1.0,1,0,0.09438182837716602,"Brazil, Antibodies, Bispecific, Argentina, Private Sector","Clinical lymphoma, myeloma & leukemia, Current oncology (Toronto, Ont.), Blood advances",2025-2026,Latin America,1,64.2,65.9,78.7,91.0,65.9,76.1,73.4,Tier 2,True,True
222,soekojo_c,Cinnie Yentia Soekojo,"Department of Haematology-Oncology, National University Cancer Institute, Singapore, Singapore.",Singapore,5,2,4,0.8,0,0,0.04366019878052911,"Magnetic Resonance Imaging, Positron Emission Tomography Computed Tomography, Fluorodeoxyglucose F18, Positron-Emission Tomography, Multimodal Imaging, Radiopharmaceuticals","Annals of the Academy of Medicine, Singapore, Blood neoplasia, Cancer reports (Hoboken, N.J.)",2023-2026,Asia-Pacific,2,85.1,86.2,88.8,44.2,86.2,40.3,73.3,Tier 2,True,True
223,shah_m,Mansi R Shah,"Department of Medicine, Rutgers Cancer Institute, New Brunswick, NJ.",Unknown,5,1,5,1.0,0,0,0.22002587764780598,"Retrospective Studies, Follow-Up Studies, Antibodies, Bispecific, Neoplasm Recurrence, Local, Transplantation, Autologous","Current oncology (Toronto, Ont.), Clinical lymphoma, myeloma & leukemia, HemaSphere",2026-2026,Unknown,1,85.1,65.9,93.1,44.2,65.9,95.0,73.3,Tier 2,True,True
224,jakubowiak_a,Andrzej Jakubowiak,"University of Chicago Medical Center, Chicago, IL, USA.",USA,6,0,5,0.833,4,1,0.20273438498733418,"Black People, Bortezomib, Dexamethasone, Hematologic Neoplasms, Lenalidomide, Antibodies, Monoclonal","Future oncology (London, England), Blood neoplasia, iScience",2022-2026,North America,0,89.7,26.0,93.1,98.7,26.0,93.7,73.3,Tier 2,True,False
225,zweegman_s,Sonja Zweegman,"Department of Hematology, Amsterdam UMC, Amsterdam, the Netherlands.",Netherlands,4,2,3,0.75,0,0,0.08268284177622555,"Consolidation Chemotherapy, Hematopoietic Stem Cell Transplantation, Melphalan, Stem Cell Transplantation, Transplantation Conditioning, Transplantation, Autologous","British journal of haematology, Hematology/oncology clinics of North America, Biomolecules",2022-2026,Europe,2,78.1,86.2,78.7,44.2,86.2,71.0,73.2,Tier 2,True,True
226,niu_t,Ting Niu,"Department of Hematology, West China Hospital, Sichuan University, Chengdu, China.",China,4,3,1,0.25,1,0,0.03584539659356459,"Receptors, Chimeric Antigen, Immunotherapy, Adoptive, Immunotherapy, T-Lymphocytes, Neurotoxicity Syndromes, Hematologic Neoplasms","Frontiers in cardiovascular medicine, Frontiers in pharmacology, International immunopharmacology",2021-2026,Asia-Pacific,3,78.1,94.8,25.6,91.0,94.8,32.2,73.2,Tier 2,False,True
227,sun_x,Xiuli Sun,"Department of Nuclear Medicine, Union Hospital, Tongji Medical College, Huazhong University of Science and Technology, No. 1277 Jiefang Ave, Wuhan, 430022, Hubei Province, China.",China,6,1,4,0.667,0,0,0.1505773802983134,"Positron Emission Tomography Computed Tomography, Positron-Emission Tomography, Fluorodeoxyglucose F18, Retrospective Studies, Prognosis, Succinimides","European journal of nuclear medicine and molecular imaging, American journal of hematology, Cancer pathogenesis and therapy",2023-2026,Asia-Pacific,1,89.7,65.9,88.8,44.2,65.9,88.9,73.2,Tier 2,False,True
228,rajkumar_s,S Vincent Rajkumar,"Division of Hematology, Mayo Clinic, Rochester, Minnesota (W.I.G., S.V.R.).",USA,5,2,3,0.6,0,0,0.05515906440308495,"Disease Progression, Monoclonal Gammopathy of Undetermined Significance, Retrospective Studies, Paraproteinemias, Waldenstrom Macroglobulinemia, Smoldering Multiple Myeloma","Annals of internal medicine, Hematology/oncology clinics of North America, Clinical lymphoma, myeloma & leukemia",2022-2026,North America,2,85.1,86.2,78.7,44.2,86.2,52.2,73.0,Tier 2,False,True
229,cui_j,Jian Cui,"State Key Laboratory of Experimental Hematology, National Clinical Research Center for Blood Diseases, Haihe Laboratory of Cell Ecosystem, Institute of Hematology & Blood Diseases Hospital, Chinese Academy of Medical Sciences & Peking Union Medical College, Tianjin 300020, China.",China,5,1,5,1.0,0,0,0.15837436532667595,"Positron Emission Tomography Computed Tomography, Fluorodeoxyglucose F18, Retrospective Studies, Immunotherapy, Adoptive, B-Cell Maturation Antigen, Cytokine Release Syndrome","Cancers, Bone marrow transplantation, Nature cancer",2025-2026,Asia-Pacific,1,85.1,65.9,93.1,44.2,65.9,89.8,72.8,Tier 2,True,True
230,liu_x,Xin Liu,"Department of Hematology, Affiliated Cancer Hospital of Zhengzhou University, Zhengzhou, China.",China,10,1,3,0.3,0,0,0.11587747579458117,"Antineoplastic Agents, Retrospective Studies, Glutathione, Peripheral Nervous System Diseases, Vitamin B 12, Animals","Annals of palliative medicine, European journal of medicinal chemistry, Clinical and translational medicine",2021-2025,Asia-Pacific,1,96.6,65.9,78.7,44.2,65.9,83.0,72.8,Tier 2,False,True
231,yang_z,Zailin Yang,Center of Haematological Malignancy Chongqing University Cancer Hospital Chongqing China.,China,5,2,2,0.4,0,0,0.12614439852099363,"Cryoelectron Microscopy, ADP-ribosyl Cyclase 1, Antibodies, Monoclonal, Antineoplastic Agents, Lymphoma, Non-Hodgkin, Erythrocytes","EJHaem, Journal of hematology & oncology, Technology in cancer research & treatment",2022-2026,Asia-Pacific,2,85.1,86.2,55.1,44.2,86.2,85.5,72.8,Tier 2,False,True
232,lagana_a,Alessandro Laganà,"Tisch Cancer Institute, Icahn School of Medicine at Mount Sinai, New York, NY, USA.",USA,4,2,3,0.75,0,0,0.07445757882502725,"B-Cell Maturation Antigen, Immunotherapy, Adoptive, Movement Disorders, Parkinsonian Disorders, Receptors, Chimeric Antigen, Genetic Predisposition to Disease","Nature medicine, Blood neoplasia, Pharmacogenomics and personalized medicine",2021-2025,North America,2,78.1,86.2,78.7,44.2,86.2,67.1,72.8,Tier 2,True,True
233,nieto_y,Yago Nieto,"Department of Stem Cell Transplantation and Cellular Therapy, The University of Texas MD Anderson Cancer Center, Houston, Texas, USA.",USA,3,1,3,1.0,5,0,0.0547729187354075,"Hematopoietic Stem Cell Transplantation, Transplantation, Autologous, Retrospective Studies, Neoplasm, Residual, Melphalan, Gemcitabine","Cancer, American journal of hematology, Transplantation and cellular therapy",2024-2025,North America,1,64.2,65.9,78.7,99.5,65.9,52.0,72.7,Tier 2,True,True
234,xu_z,Zhijian Xu,"State Key Laboratory of Drug Research, Drug Discovery and Design Center, Shanghai Institute of Materia Medica, Chinese Academy of Sciences, Shanghai 201203, China.",China,6,1,5,0.833,0,0,0.09570784592878621,"Neoplasm Recurrence, Local, Macrophages, Th1 Cells, Immunomodulation, Animals, Extracellular Vesicles","Frontiers in physiology, International immunopharmacology, Apoptosis : an international journal on programmed cell death",2022-2026,Asia-Pacific,1,89.7,65.9,93.1,44.2,65.9,76.7,72.7,Tier 2,True,True
235,garderet_l,Laurent Garderet,"Clinical Haematology Department, Sorbonne Université, Pitié-Salpêtrière Hospital, APHP, Paris.",Unknown,3,1,3,1.0,1,0,0.07822399959527816,,"Haematologica, Bone marrow transplantation, American journal of hematology",2026-2026,Unknown,1,64.2,65.9,78.7,91.0,65.9,69.0,72.7,Tier 2,True,True
236,tsukada_n,Nobuhiro Tsukada,"Department of Hematology, Japanese Red Cross Medical Center, Tokyo, Japan.",Japan,5,1,4,0.8,0,0,0.23146054755732923,"Dexamethasone, Bortezomib, Antibodies, Monoclonal, Humanized, Japan, Thalidomide, Recurrence","Cureus, Blood neoplasia, International journal of hematology",2023-2026,Asia-Pacific,1,85.1,65.9,88.8,44.2,65.9,95.3,72.7,Tier 2,True,True
237,gupta_r,Ritu Gupta,"Department of Hematology, Sanjay Gandhi Post Graduate Institute of Medical Sciences, Lucknow, U.P. 226014 India.",India,5,2,2,0.4,0,0,0.12300514001910179,"Biomarkers, Tumor, Bortezomib, Cross-Sectional Studies, Dexamethasone, Endoplasmic Reticulum Chaperone BiP, Pilot Projects","Indian journal of clinical biochemistry : IJCB, Neoplasma, Indian journal of nuclear medicine : IJNM : the official journal of the Society of Nuclear Medicine, India",2022-2026,Asia-Pacific,2,85.1,86.2,55.1,44.2,86.2,84.7,72.7,Tier 2,False,True
238,gu_c,Chunyan Gu,"Nanjing Hospital of Chinese Medicine affiliated to Nanjing University of Chinese Medicine, Nanjing, 210022, China.",China,4,2,4,1.0,0,0,0.05092762224602138,"Cell Line, Tumor, Animals, Mice, Cell Proliferation, Wnt Signaling Pathway, Dishevelled Proteins","Advanced science (Weinheim, Baden-Wurttemberg, Germany), Drug resistance updates : reviews and commentaries in antimicrobial and anticancer chemotherapy, Zhonghua xue ye xue za zhi = Zhonghua xueyexue zazhi",2025-2026,Asia-Pacific,2,78.1,86.2,88.8,44.2,86.2,48.3,72.4,Tier 2,True,True
239,min_c,Chang-Ki Min,"Nanchang University, Nanchang, Jiangxi, China.",China,5,1,5,1.0,0,0,0.12664944041567236,"Receptors, Chimeric Antigen, Immunotherapy, Adoptive, Disease Progression, Republic of Korea, Antibodies, Monoclonal, Antineoplastic Agents","Cancer research and treatment, Cancer gene therapy, Clinical lymphoma, myeloma & leukemia",2024-2026,Asia-Pacific,1,85.1,65.9,93.1,44.2,65.9,85.6,72.4,Tier 2,True,True
240,amodio_n,Nicola Amodio,"Dipartimento di Medicina Sperimentale e Clinica, Università degli Studi ""Magna Græcia"" di Catanzaro, Campus ""S. Venuta"", Viale Europa, 88100 Catanzaro, Italy.",Italy,4,2,3,0.75,0,0,0.06673377686455353,"Antibodies, Bispecific, Immunotherapy, Adoptive, Immunotherapy, Animals, Receptors, Chimeric Antigen","Pharmaceuticals (Basel, Switzerland), Expert opinion on pharmacotherapy, International journal of biological macromolecules",2023-2026,Europe,2,78.1,86.2,78.7,44.2,86.2,62.3,72.3,Tier 2,True,True
241,shain_k,Kenneth H Shain,"Department of Malignant Hematology, H. L. Moffitt Cancer Center and Research Institute, Tampa, FL.",Unknown,5,1,4,0.8,0,0,0.17300430331355288,"Anemia, Mutation, Myelodysplastic Syndromes, Myeloproliferative Disorders, Prognosis, Proto-Oncogene Proteins p21(ras)","Clinical lymphoma, myeloma & leukemia, Transplantation and cellular therapy, bioRxiv : the preprint server for biology",2022-2026,Unknown,1,85.1,65.9,88.8,44.2,65.9,91.4,72.3,Tier 2,True,True
242,anderson_k,Kenneth C Anderson,"Department of Medical Oncology, Dana Farber Cancer Institute, Harvard Medical School, Boston, MA, 02115, USA.",USA,7,0,3,0.429,3,1,0.33454014809215815,"Alternative Splicing, RNA Splicing Factors, Exons, Serine-Arginine Splicing Factors, Receptors, Chimeric Antigen, Killer Cells, Natural","Blood cancer journal, Nature communications, International journal of molecular sciences",2022-2026,North America,0,92.7,26.0,78.7,97.4,26.0,97.9,72.1,Tier 2,False,False
243,shi_j,Jumei Shi,"Department of Hematology, Shanghai East Hospital, Tongji University School of Medicine, Shanghai 200120, China. Electronic address: shijumei@tongji.edu.cn.",China,6,1,3,0.5,0,0,0.1722740815365275,"Animals, Antineoplastic Agents, Biomarkers, Tumor, Combined Modality Therapy, Deubiquitinating Enzymes, Drug Development","European journal of medicinal chemistry, Bone marrow transplantation, International immunopharmacology",2022-2025,Asia-Pacific,1,89.7,65.9,78.7,44.2,65.9,91.3,72.0,Tier 2,False,True
244,durie_b,Brian G M Durie,"Cedars Sinai Cancer Center, Los Angeles, CA 90048, USA.",USA,6,0,4,0.667,2,2,0.20872791938806734,"Prospective Studies, Dexamethasone, Antibodies, Monoclonal, Monoclonal Gammopathy of Undetermined Significance, Genome-Wide Association Study, MAP Kinase Signaling System","Clinical lymphoma, myeloma & leukemia, Cells, British journal of haematology",2022-2026,North America,0,89.7,26.0,88.8,95.2,26.0,94.2,72.0,Tier 2,False,False
245,baz_r,Rachid Baz,"Department of Malignant Hematology, H. L. Moffitt Cancer Center and Research Institute, Tampa, FL.",Unknown,6,0,5,0.833,1,0,0.2631753354756041,"Anemia, Mutation, Myelodysplastic Syndromes, Myeloproliferative Disorders, Prognosis, Proto-Oncogene Proteins p21(ras)","Clinical lymphoma, myeloma & leukemia, Transplantation and cellular therapy, bioRxiv : the preprint server for biology",2022-2026,Unknown,0,89.7,26.0,93.1,91.0,26.0,96.3,72.0,Tier 2,True,True
246,zhu_z,Ziang Zhu,"State Key Laboratory of Oncology in South China, Collaborative Innovation Center for Cancer Medicine, Sun Yat-sen University Cancer Center, Guangzhou, Guangdong 510060, China.",China,5,1,5,1.0,0,0,0.10569880013558998,"Dexamethasone, Neoplasm Recurrence, Local, Thalidomide","Genes & diseases, Annals of hematology, Frontiers in pharmacology",2024-2026,Asia-Pacific,1,85.1,65.9,93.1,44.2,65.9,80.8,71.9,Tier 2,True,True
247,waldschmidt_j,Johannes M Waldschmidt,"Department of Internal Medicine II, University Hospital of Würzburg, Würzburg, Germany.",Germany,4,2,3,0.75,0,0,0.05998786164225783,"Immunotherapy, T-Lymphocytes, Antibodies, Monoclonal, Receptors, Death Domain, Fas-Associated Death Domain Protein, Pneumonia, Pneumocystis","Communications biology, Annals of hematology, Clinical lymphoma, myeloma & leukemia",2023-2025,Europe,2,78.1,86.2,78.7,44.2,86.2,58.0,71.9,Tier 2,True,True
248,jia_y,Yachun Jia,"Cancer Science Institute of Singapore, National University of Singapore, Centre for Translational Medicine, Singapore, Republic of Singapore.",Singapore,6,2,2,0.333,0,0,0.07135742425207711,"Receptors, Chimeric Antigen, Neoplasm Recurrence, Local, Immunotherapy, Adoptive, Cell Line, Tumor, Cell Proliferation, DNA-Binding Proteins","Frontiers in immunology, Cancer research, Life sciences",2022-2025,Asia-Pacific,2,89.7,86.2,55.1,44.2,86.2,65.1,71.9,Tier 2,False,True
249,shi_x,X L Shi,"Department of Laboratory Medicine, Affiliated Hospital of Nantong University, Nantong P.R. China.",China,7,1,4,0.571,0,0,0.07475891438808242,"Cell Line, Tumor, Bortezomib, Signal Transduction, Biomarkers, Tumor, Cell Line, Gene Expression Regulation, Neoplastic","Zhonghua xue ye xue za zhi = Zhonghua xueyexue zazhi, Bioengineered, Apoptosis : an international journal on programmed cell death",2021-2025,Asia-Pacific,1,92.7,65.9,88.8,44.2,65.9,67.2,71.8,Tier 2,False,True
250,ye_j,Jing Christine Ye,"Department of Urology, First People’s Hospital of Zigong City, Zigong, China",China,5,1,4,0.8,0,0,0.13394974950635039,"Prognosis, Neoplasm Recurrence, Local, Antibodies, Bispecific, Heavy Chain Disease, Immunoglobulin A, Kidney","Clinical lymphoma, myeloma & leukemia, Iranian journal of kidney diseases, American journal of hematology",2021-2026,Asia-Pacific,1,85.1,65.9,88.8,44.2,65.9,86.6,71.8,Tier 2,True,True
251,hulin_c,Cyrille Hulin,"Department of Haematology, Centre Hospitalier Universitaire de Bordeaux, Bordeaux, France.",France,3,1,2,0.667,2,0,0.13759416313777148,,"Frontiers in nuclear medicine, Blood advances, Clinical hematology international",2021-2026,Europe,1,64.2,65.9,55.1,95.2,65.9,87.0,71.8,Tier 2,False,True
252,zeng_h,Hui Zeng,"Department of Hematology, Guangdong Provincial People's Hospital (Guangdong Academy of Medical Sciences), Southern Medical University, Guangzhou, China. androps2011@hotmail.com.",China,4,2,4,1.0,0,0,0.0442147783873453,"Retrospective Studies, Antibodies, Monoclonal, Bone Diseases, Incidence, STAT3 Transcription Factor, Cell Differentiation","Cell death discovery, BMC cancer, Cancer treatment and research communications",2024-2026,Asia-Pacific,2,78.1,86.2,88.8,44.2,86.2,40.9,71.7,Tier 2,True,True
253,fiala_m,Mark A Fiala,"Washington University School of Medicine, Saint Louis, Missouri.",USA,6,1,3,0.5,0,0,0.15038774180060982,"Pilot Projects, Transcriptome, CD8-Positive T-Lymphocytes, Single-Cell Gene Expression Analysis, Tumor Microenvironment, Prospective Studies","Cancer research communications, Frontiers in oncology, Research and practice in thrombosis and haemostasis",2022-2025,North America,1,89.7,65.9,78.7,44.2,65.9,88.8,71.7,Tier 2,False,True
254,yao_l,Lan Yao,"Institute of Hematology, Union Hospital, Tongji Medical College, Huazhong University of Science and Technology, Wuhan, China.",China,5,2,2,0.4,0,0,0.08936394406094003,"Transcriptome, CD8-Positive T-Lymphocytes, Pilot Projects, Single-Cell Gene Expression Analysis, Tumor Microenvironment, Immunoglobulin Light-chain Amyloidosis","Frontiers in oncology, Cancer research communications, European journal of dermatology : EJD",2021-2024,Asia-Pacific,2,85.1,86.2,55.1,44.2,86.2,74.0,71.6,Tier 2,False,True
255,kourelis_t,Taxiarchis Kourelis,"Division of Hematology, Mayo Clinic, Rochester, MN, United States.",USA,6,1,3,0.5,0,0,0.14458302836841513,"Retrospective Studies, Transcriptome, CD8-Positive T-Lymphocytes, Pilot Projects, Single-Cell Gene Expression Analysis, Tumor Microenvironment","Blood cancer journal, Frontiers in oncology, Cancer research communications",2021-2026,North America,1,89.7,65.9,78.7,44.2,65.9,87.8,71.6,Tier 2,False,True
256,schjesvold_f,Fredrik Schjesvold,"Oslo Myeloma Center, Department of Hematology, Oslo University Hospital, Oslo, Norway.",Norway,3,1,2,0.667,3,0,0.1033234056977355,"Lenalidomide, Renal Insufficiency, Dexamethasone, Prospective Studies, Bortezomib, Young Adult","Frontiers in oncology, Experimental hematology & oncology, Blood cancer journal",2022-2025,Europe,1,64.2,65.9,55.1,97.4,65.9,79.9,71.5,Tier 2,False,True
257,huang_z,Zhiping Huang,"Department of Hematology, Jingzhou Central Hospital, Jingzhou 434020, China.",China,5,1,4,0.8,0,0,0.11523726511074507,"Animals, Mice, Adenosine, Alpha-Ketoglutarate-Dependent Dioxygenase FTO, Heat Shock Transcription Factors, Mice, Inbred NOD","Molecular therapy : the journal of the American Society of Gene Therapy, Annals of hematology, Clinica chimica acta; international journal of clinical chemistry",2022-2026,Asia-Pacific,1,85.1,65.9,88.8,44.2,65.9,82.7,71.5,Tier 2,True,True
258,davis_j,James A Davis,"Medical University of South Carolina College of Pharmacy, Charleston, SC 29425, USA.",USA,5,1,4,0.8,0,0,0.11666784448463938,"Neoplasms, Plasma Cell, B-Cell Maturation Antigen, Retrospective Studies, Antibodies, Bispecific, Antineoplastic Agents, Receptors, Chimeric Antigen","Transplantation and cellular therapy, Journal of hematology, Journal of the advanced practitioner in oncology",2023-2026,North America,1,85.1,65.9,88.8,44.2,65.9,83.2,71.5,Tier 2,True,True
259,liu_k,Kang Liu,"Blood Disease Laboratory, Xiangtan Central Hospital Xiangtan 411100, Hunan Province, China.",China,4,1,2,0.5,1,1,0.057130780239701855,"Apoptosis, Blotting, Western, Cell Line, Tumor, Cell Movement, Cell Proliferation, Cyclin-Dependent Kinase 6","American journal of translational research, Leukemia research, EJHaem",2021-2026,Asia-Pacific,1,78.1,65.9,55.1,91.0,65.9,55.2,71.3,Tier 2,False,False
260,du_x,Xinru Du,"Department of Orthopedics, Beijing Chao-Yang Hospital, Beijing, China. duxinru@ccmu.edu.cn.",China,4,2,4,1.0,0,0,0.04011092708705661,"Animals, Extracellular Vesicles, Mice, Toll-Like Receptor 4, Receptor for Advanced Glycation End Products, Signal Transduction","Apoptosis : an international journal on programmed cell death, Frontiers in surgery, ImmunoTargets and therapy",2024-2026,Asia-Pacific,2,78.1,86.2,88.8,44.2,86.2,36.5,71.2,Tier 2,True,True
261,yu_x,Xue-Feng Yu,"Shenzhen Institute of Advanced Technology, Chinese Academy of Sciences, Shenzhen, China.",China,6,1,5,0.833,0,0,0.06699669756088839,"Antibodies, Monoclonal, Biosensing Techniques, Electrochemical Techniques, Immunoassay, Nanostructures, Hematologic Neoplasms","Technology in cancer research & treatment, Nuclear medicine communications, BMC cancer",2022-2026,Asia-Pacific,1,89.7,65.9,93.1,44.2,65.9,62.5,71.2,Tier 2,True,True
262,fu_j,Jin-Xiang Fu,"Department of Hematology, The Second Affiliated Hospital of Soochow University, Suzhou 215004, Jiangsu Province, China E-mail: fujinxiang@suda.edu.cn.",China,4,3,3,0.75,0,0,0.030369012571966232,"Coculture Techniques, Cell Communication, Connexin 43, Mesenchymal Stem Cells, Adolescent, Young Adult","Zhongguo shi yan xue ye xue za zhi, Translational oncology, The American journal of surgical pathology",2021-2026,Asia-Pacific,3,78.1,94.8,78.7,44.2,94.8,25.1,71.1,Tier 2,True,True
263,ooi_m,Melissa Ooi,"Department of Haematology-Oncology, National University Cancer Institute, Singapore, Singapore.",Singapore,6,1,5,0.833,0,0,0.06480817551474148,"Magnetic Resonance Imaging, Positron Emission Tomography Computed Tomography, Fluorodeoxyglucose F18, Positron-Emission Tomography, Multimodal Imaging, Radiopharmaceuticals","Annals of the Academy of Medicine, Singapore, Blood neoplasia, Cancer reports (Hoboken, N.J.)",2023-2026,Asia-Pacific,1,89.7,65.9,93.1,44.2,65.9,61.0,71.1,Tier 2,True,True
264,touzeau_c,Cyrille Touzeau,"Hématologie Clinique, CHU de Nantes, CRCINA, INSERM, CNRS, Université d'Angers, Université de Nantes Nantes France.",France,4,1,4,1.0,0,0,0.2276773085691474,"Antibodies, Bispecific","EJHaem, Clinical lymphoma, myeloma & leukemia, Clinical hematology international",2024-2026,Europe,1,78.1,65.9,88.8,44.2,65.9,95.2,71.0,Tier 2,True,True
265,chen_c,Chen Chen,"Department of Hematology, Zhongshan Hospital, Fudan University, Shanghai, China.",China,8,0,3,0.375,1,0,0.25143384213358544,"Neoplasm Recurrence, Local, Retrospective Studies, Transplantation, Autologous, Hematopoietic Stem Cell Transplantation, Receptors, Chimeric Antigen, Immunotherapy, Adoptive","Frontiers in immunology, Frontiers in cell and developmental biology, Cancer cell international",2021-2026,Asia-Pacific,0,94.4,26.0,78.7,91.0,26.0,95.8,71.0,Tier 2,False,True
266,sharma_a,Aarti Sharma,"Department of Integrated Oncology, Center for Integrated Oncology, University Hospital of Bonn, Bonn, Germany.",Germany,4,2,3,0.75,0,0,0.05118464961760179,"Cell Line, Tumor, Drug Resistance, Neoplasm, Gene Knockout Techniques, Ferritins, Reactive Oxygen Species, Iron","Frontiers in oncology, Cancers, Hematology, transfusion and cell therapy",2022-2026,Europe,2,78.1,86.2,78.7,44.2,86.2,48.6,70.9,Tier 2,True,True
267,ailawadhi_s,Sikander Ailawadhi,"Mayo Clinic, Jacksonville, FL.",Unknown,6,0,4,0.667,1,0,0.17848115843801932,"Prospective Studies, Quality of Life, Registries, Delivery of Health Care, Receptors, Antigen, T-Cell, Dexamethasone","Clinical lymphoma, myeloma & leukemia, Blood cancer journal, Clinical case reports",2021-2025,Unknown,0,89.7,26.0,88.8,91.0,26.0,91.8,70.9,Tier 2,False,True
268,orlowski_r,Robert Z Orlowski,"Department of Lymphoma and Myeloma, The University of Texas MD Anderson Cancer Center, Houston, Texas; Department of Experimental Therapeutics, The University of Texas MD Anderson Cancer Center, Houston, Texas.",USA,6,0,4,0.667,5,0,0.08793428052425445,"Retrospective Studies, Hematopoietic Stem Cell Transplantation, Transplantation, Autologous, Hematopoietic Stem Cell Mobilization, Heterocyclic Compounds, Antigens, CD34","Transplantation and cellular therapy, Clinical lymphoma, myeloma & leukemia, Cancer",2023-2026,North America,0,89.7,26.0,88.8,99.5,26.0,73.5,70.8,Tier 2,False,True
269,lee_d,Derek Lee,"Department of Microbiology, Immunology & Molecular Genetics, University of California, Los Angeles, CA 90095, USA.",USA,5,1,3,0.6,0,0,0.17002343026774575,"Risk Factors, Allogeneic Cells, Animals, Cell Engineering, Immunotherapy, Leukocytes","Cells, Cancer treatment and research communications, Blood neoplasia",2021-2026,North America,1,85.1,65.9,78.7,44.2,65.9,90.9,70.8,Tier 2,False,True
270,yakoubagha_i,Ibrahim Yakoub-Agha,"Lille University Hospital, Lille University, INSERM U1286, Infinite, Lille, France.",France,4,2,2,0.5,0,0,0.11025028172646567,"Immunotherapy, Adoptive, Receptors, Chimeric Antigen, Accreditation, Bone Marrow, Hematology, Receptors, Antigen, T-Cell","Bone marrow transplantation, Annals of oncology : official journal of the European Society for Medical Oncology, Bulletin du cancer",2021-2026,Europe,2,78.1,86.2,55.1,44.2,86.2,81.6,70.7,Tier 2,False,True
271,zhu_j,Jinlian Zhu,"Department of Oncology, Changshu No.2 People's Hospital, No.18, Taishan Road, Changshu, 21550, Jiangsu Province, China.",China,5,1,3,0.6,0,0,0.16265165592691755,"CD8-Positive T-Lymphocytes, Cytokines, Interleukin-17, Interleukin-6, Programmed Cell Death 1 Receptor, Tumor Necrosis Factor-alpha","European journal of medical research, Bone marrow transplantation, Journal of magnetic resonance imaging : JMRI",2022-2026,Asia-Pacific,1,85.1,65.9,78.7,44.2,65.9,90.2,70.7,Tier 2,False,True
272,akiyama_h,Hidehiko Akiyama,"Field of Clinical Laboratory Sciences, Fujita Health University Graduate School of Health Sciences, Toyoake, 470-1192, Japan.",Japan,4,2,2,0.5,0,0,0.11026507568109786,"Apoptosis, Cell Line, Tumor, Cytarabine, Diterpenes, Reactive Oxygen Species, Andrographis paniculata","F1000Research, [Rinsho ketsueki] The Japanese journal of clinical hematology, Frontiers in oncology",2021-2026,Asia-Pacific,2,78.1,86.2,55.1,44.2,86.2,81.7,70.7,Tier 2,False,True
273,kawano_y,Yawara Kawano,"Department of Hematology, Rheumatology, and Infectious Disease, Faculty of Life Sciences, Kumamoto University, Kumamoto 860-8556, Japan.",Japan,4,1,4,1.0,0,0,0.18224880982821326,"Antibodies, Monoclonal, Immunoglobulin Light-chain Amyloidosis, Translocation, Genetic, Retrospective Studies, Chromosomes, Human, Pair 14, Chromosomes, Human, Pair 11","iScience, Clinical and experimental medicine, Medical molecular morphology",2024-2026,Asia-Pacific,1,78.1,65.9,88.8,44.2,65.9,92.3,70.7,Tier 2,True,True
274,ma_j,Jing Ma,"Department of Hematology, Tianjin Medical University Cancer Institute and Hospital, National Clinical Research Center for Cancer, Key Laboratory of Cancer Prevention and Therapy, Tianjin's Clinical Research Center for Cancer, Tianjin, China.",China,5,1,3,0.6,0,0,0.1592004294370451,"China, Lymphoma, Hematopoietic Stem Cell Transplantation, Transplantation, Autologous, Retrospective Studies, Prognosis","Frontiers in oncology, Bone marrow transplantation, World journal of gastrointestinal oncology",2021-2026,Asia-Pacific,1,85.1,65.9,78.7,44.2,65.9,89.9,70.7,Tier 2,False,True
275,bashir_q,Qaiser Bashir,"Department of Stem Cell Transplantation and Cellular Therapy, The University of Texas MD Anderson Cancer Center, Houston, Texas.",USA,6,0,5,0.833,3,0,0.0800244343511746,"Hematopoietic Stem Cell Transplantation, Transplantation, Autologous, Retrospective Studies, Hematopoietic Stem Cell Mobilization, Heterocyclic Compounds, Antigens, CD34","Transplantation and cellular therapy, Cancer, American journal of hematology",2023-2026,North America,0,89.7,26.0,93.1,97.4,26.0,69.8,70.7,Tier 2,True,True
276,chen_z,Zhi Chen,"Department of Hematology, Sir Run Run Shaw Hospital, Zhejiang University School of Medicine, Hangzhou, China.",China,6,1,3,0.5,0,0,0.10165275666906202,"Animals, Cell Line, Tumor, Hematopoietic Stem Cell Transplantation, Mice, Antibodies, Monoclonal, Graft vs Host Disease","Frontiers in immunology, Chinese medical journal, Frontiers in psychology",2021-2026,Asia-Pacific,1,89.7,65.9,78.7,44.2,65.9,79.1,70.7,Tier 2,False,True
277,hou_j,Jian Hou,"Department of Hematology, Renji Hospital, Shanghai Jiao Tong University School of Medicine, Shanghai, China.",China,3,1,2,0.667,1,1,0.11808779461973741,"Tumor Microenvironment, Plasma Cells, Single-Cell Analysis, Exome Sequencing, Clinical Relevance","Frontiers in genetics, Cancer pathogenesis and therapy, Proceedings of the National Academy of Sciences of the United States of America",2021-2026,Asia-Pacific,1,64.2,65.9,55.1,91.0,65.9,83.6,70.6,Tier 2,False,False
278,wu_q,Qiuling Wu,"Institute of Hematology, Union Hospital, Tongji Medical College, Huazhong University of Science and Technology, Wuhan, China.",China,4,3,3,0.75,0,0,0.02549346483179991,"Animals, Mice, Chromatin, RNA, Long Noncoding, RNA, Small Nucleolar, Mice, Inbred NOD","Frontiers in oncology, American journal of physiology. Cell physiology, Medicine",2021-2025,Asia-Pacific,3,78.1,94.8,78.7,44.2,94.8,19.8,70.6,Tier 2,True,True
279,lutfi_f,Forat Lutfi,"Hematologic Malignancies and Cellular Therapeutics, University of Kansas Medical Center, Kansas City, USA.",USA,4,2,3,0.75,0,0,0.047952491053331825,"Retrospective Studies, Pharmacovigilance, Immunotherapy, Adoptive, Lymphohistiocytosis, Hemophagocytic, Receptors, Chimeric Antigen, United States","Cureus, Frontiers in medicine, Transplantation and cellular therapy",2023-2026,North America,2,78.1,86.2,78.7,44.2,86.2,45.2,70.6,Tier 2,True,True
280,alsina_m,Melissa Alsina,"Department of Malignant Hematology, H. L. Moffitt Cancer Center and Research Institute, Tampa, FL.",Unknown,5,0,4,0.8,2,0,0.17300430331355288,"Anemia, Mutation, Myelodysplastic Syndromes, Myeloproliferative Disorders, Prognosis, Proto-Oncogene Proteins p21(ras)","Clinical lymphoma, myeloma & leukemia, Transplantation and cellular therapy, bioRxiv : the preprint server for biology",2022-2026,Unknown,0,85.1,26.0,88.8,95.2,26.0,91.4,70.6,Tier 2,True,True
281,mei_h,Heng Mei,"Institute of Hematology, Union Hospital, Tongji Medical College, Huazhong University of Science and Technology, Wuhan 430022, China.",China,3,1,2,0.667,1,0,0.11381135328340737,"Adenosine, Alpha-Ketoglutarate-Dependent Dioxygenase FTO, Animals, Heat Shock Transcription Factors, Mice, Mice, Inbred NOD","Molecular therapy : the journal of the American Society of Gene Therapy, Cancer pathogenesis and therapy, Zhonghua xue ye xue za zhi = Zhonghua xueyexue zazhi",2022-2025,Asia-Pacific,1,64.2,65.9,55.1,91.0,65.9,82.5,70.5,Tier 2,False,True
282,gao_x,Xiaoning Gao,"Department of Hematology, Hainan Hospital of Chinese PLA General Hospital, Sanya, China.",China,4,2,3,0.75,0,0,0.046747079363803914,"Neoplasm Recurrence, Local, Macrophages, Th1 Cells, Immunomodulation, Retrospective Studies, Risk Factors","Translational cancer research, International immunopharmacology, British journal of hospital medicine (London, England : 2005)",2021-2025,Asia-Pacific,2,78.1,86.2,78.7,44.2,86.2,44.0,70.4,Tier 2,True,True
283,li_p,Panpan Li,"Department of Pathology, Yale School of Medicine, New Haven, Connecticut, USA.",USA,5,2,2,0.4,0,0,0.0652132583627595,"Immunotherapy, Adoptive, Retrospective Studies, Plasma Cells, Skin Neoplasms, Hematologic Neoplasms, T-Lymphocytes","Journal of cutaneous pathology, Frontiers in cell and developmental biology, Frontiers in immunology",2021-2024,North America,2,85.1,86.2,55.1,44.2,86.2,61.6,70.4,Tier 2,False,True
284,shumilov_e,Evgenii Shumilov,"Department of Medicine A for Hematology, Oncology and Pneumology, University Hospital Muenster, Muenster, Germany. Electronic address: evgenii.shumilov@ukmuenster.de.",Germany,4,1,4,1.0,0,0,0.15586450446920863,"Retrospective Studies, Melphalan, Transplantation, Autologous, Hematopoietic Stem Cell Transplantation, Consolidation Chemotherapy, Age Factors","Journal of clinical oncology : official journal of the American Society of Clinical Oncology, Clinical lymphoma, myeloma & leukemia, Blood cancer journal",2026-2026,Europe,1,78.1,65.9,88.8,44.2,65.9,89.4,70.4,Tier 2,True,True
285,mohan_m,Meera Mohan,Division of Hematology/Oncology Medical College of Wisconsin Milwaukee Wisconsin USA.,USA,4,2,2,0.5,0,0,0.09656092126321544,"Receptors, Chimeric Antigen, B-Cell Maturation Antigen, Immunotherapy, Adoptive, Patients","EJHaem, Bone marrow transplantation, Blood neoplasia",2021-2026,North America,2,78.1,86.2,55.1,44.2,86.2,77.1,70.2,Tier 2,False,True
286,kim_j,Jo Heon Kim,"Pathology, Chonnam National University Medical School & Hwasun Hospital, Hwasun, South Korea.",South Korea,5,1,3,0.6,0,0,0.12322535551934712,"Immunohistochemistry, Sepharose, Biopsy, Fine-Needle, Lymphoma, Large B-Cell, Diffuse, Receptors, Chimeric Antigen, Immunotherapy, Adoptive","Cancer treatment and research communications, Journal of bone metabolism, Journal of hematopathology",2021-2026,Asia-Pacific,1,85.1,65.9,78.7,44.2,65.9,84.7,70.2,Tier 2,False,True
287,thakurta_a,Anjan Thakurta,"Bristol Myers Squibb, 181 Passaic Ave, Summit, NJ, 07901, USA. anjan.thakurta@bms.com.",USA,4,2,2,0.5,0,0,0.0948315086051065,"Cell Cycle, DNA Damage, DNA Repair, Genomics, Risk","BMC medical genomics, Frontiers in oncology, Blood neoplasia",2021-2026,North America,2,78.1,86.2,55.1,44.2,86.2,76.4,70.1,Tier 2,False,True
288,song_j,Jia Song,"Department of Hematology, Affiliated Cancer Hospital of Zhengzhou University, Zhengzhou, China.",China,6,1,3,0.5,0,0,0.0846731406539771,"Animals, Neoplasms, Tumor Microenvironment, Antineoplastic Agents, Glutathione, Peripheral Nervous System Diseases","Annals of palliative medicine, Clinical lymphoma, myeloma & leukemia, Advanced materials (Deerfield Beach, Fla.)",2021-2026,Asia-Pacific,1,89.7,65.9,78.7,44.2,65.9,72.0,70.0,Tier 2,False,True
289,mo_c,Clifton C Mo,"Department of Radiology, Pamela Youde Nethersole Eastern Hospital, Hong Kong.",Hong Kong,4,2,2,0.5,0,0,0.08908119702835034,"Breast, Positron-Emission Tomography, Breast Neoplasms, Fluorodeoxyglucose F18, Mammography, Radiopharmaceuticals","Hong Kong medical journal = Xianggang yi xue za zhi, Cancers, JMIR research protocols",2022-2026,Asia-Pacific,2,78.1,86.2,55.1,44.2,86.2,73.9,69.9,Tier 2,False,True
290,yan_w,Wei Yan,"State Key Laboratory of Experimental Hematology, National Clinical Research Center for Blood Diseases, Institute of Hematology & Blood Diseases Hospital, Chinese Academy of Medical Sciences & Peking Union Medical College, Tianjin 300020, China.",China,4,3,2,0.5,0,0,0.05131415246291175,"Plasma Cells, Immunoglobulin M, In Situ Hybridization, Fluorescence, Prognosis, Bone Marrow, Leukemia, Myeloid, Acute","Zhonghua xue ye xue za zhi = Zhonghua xueyexue zazhi, Annals of palliative medicine, Cancers",2021-2025,Asia-Pacific,3,78.1,94.8,55.1,44.2,94.8,48.7,69.9,Tier 2,False,True
291,lu_y,Yingjie Lu,"Department of Orthopaedics, The First Affiliated Hospital of Soochow University, Soochow University, Suzhou 215006, China.",China,7,0,3,0.429,1,0,0.15352881019649464,"Animals, Bortezomib, Mice, Antineoplastic Agents, Antibodies, Monoclonal, Bone Diseases, Metabolic","Oxidative medicine and cellular longevity, Molecular cancer therapeutics, Journal of hematology & oncology",2021-2025,Asia-Pacific,0,92.7,26.0,78.7,91.0,26.0,89.1,69.9,Tier 2,False,True
292,kristinsson_s,Sigurdur Y Kristinsson,"Faculty of Medicine, University of Iceland, Reykjavík, Iceland.",Unknown,3,3,3,1.0,0,0,0.04800958758615654,"Monoclonal Gammopathy of Undetermined Significance, Thrombosis, Prospective Studies, Iceland, Risk Factors, Follow-Up Studies","British journal of haematology, Blood cancer journal, HemaSphere",2024-2025,Unknown,3,64.2,94.8,78.7,44.2,94.8,45.5,69.7,Tier 2,True,True
293,gao_g,Gongzhizi Gao,"Department of Hematology, Xijing Hospital, Air Force Military Medical University, Xi'an, Shaanxi 710032, China.",China,4,1,4,1.0,0,0,0.11399153356458959,"Prognosis, Biomarkers, Tumor, Mitochondria, Apoptosis, Gene Expression Regulation, Neoplastic, Gene Expression Profiling","Cancer pathogenesis and therapy, Frontiers in immunology, Transplantation and cellular therapy",2024-2026,Asia-Pacific,1,78.1,65.9,88.8,44.2,65.9,82.6,69.7,Tier 2,True,True
294,ito_s,Shigeki Ito,"Department of Pharmaceutical Microbiology, Graduate School of Pharmaceutical Sciences, Kumamoto University, Kumamoto 862-0973, Japan.",Japan,3,2,3,1.0,0,0,0.0835071099347565,"Antibodies, Bispecific, Japan, Recurrence, Survival Rate, East Asian People, Smoldering Multiple Myeloma","iScience, International journal of hematology, [Rinsho ketsueki] The Japanese journal of clinical hematology",2024-2026,Asia-Pacific,2,64.2,86.2,78.7,44.2,86.2,71.3,69.7,Tier 2,True,True
295,lim_k,Kenneth J C Lim,"St Vincent's Hospital, Melbourne, Victoria, Australia.",Australia,3,2,3,1.0,0,0,0.0801120677726863,"Cytogenetic Analysis, Chromosome Aberrations, Prognosis, In Situ Hybridization, Fluorescence, Risk Factors, Immunotherapy, Adoptive","Clinical lymphoma, myeloma & leukemia, Blood cancer journal, British journal of haematology",2025-2026,Asia-Pacific,2,64.2,86.2,78.7,44.2,86.2,69.9,69.6,Tier 2,True,True
296,zhang_t,Tinghu Zhang,"Department of Chemical and Systems Biology, ChEM-H, Stanford Cancer Institute, School of Medicine, Stanford University, Stanford, California 94305, United States.",USA,4,2,3,0.75,0,0,0.037092365123683586,"Prognosis, Risk Factors, Binding Sites, Casein Kinase Ialpha, Cell Line, Tumor, Cell Proliferation","Journal of medicinal chemistry, Zhongguo shi yan xue ye xue za zhi, Leukemia & lymphoma",2022-2026,North America,2,78.1,86.2,78.7,44.2,86.2,33.0,69.4,Tier 2,True,True
297,shi_q,Qinglin Shi,"Department of Orthopaedics, The First Affiliated Hospital of Soochow University, Soochow University, Suzhou 215006, China.",China,6,1,3,0.5,0,0,0.0686479855122911,"Prognosis, Animals, Antineoplastic Agents, Mice, Bone Diseases, Metabolic, Bortezomib","Oxidative medicine and cellular longevity, Chinese medical journal, Aging",2021-2026,Asia-Pacific,1,89.7,65.9,78.7,44.2,65.9,63.5,69.2,Tier 2,False,True
298,lin_z,Zhimei Lin,"Department of Hematology, West China Hospital, Sichuan University, Chengdu610041, P. R. China.",China,3,1,2,0.667,1,0,0.07919980395416326,"Retinoblastoma Binding Proteins, Animals, Retinoblastoma Protein, Mutation, Ubiquitin-Protein Ligases","ACS omega, Frontiers in immunology, Nature cancer",2023-2026,Asia-Pacific,1,64.2,65.9,55.1,91.0,65.9,69.5,69.2,Tier 2,False,True
299,bao_l,Li Bao,"Department of Hematology, Beijing Jishuitan Hospital, 4th Clinical Medical College of Peking University, Beijing 100035, China. Electronic address: baoli@jst-hosp.com.cn.",China,3,3,2,0.667,0,0,0.09531993125869881,"Bortezomib, Brain-Derived Neurotrophic Factor, Cell Line, Tumor, Proteasome Inhibitors","Cancer pathogenesis and therapy, Biochimica et biophysica acta. General subjects",2023-2025,Asia-Pacific,3,64.2,94.8,55.1,44.2,94.8,76.5,69.2,Tier 2,False,True
300,mikhael_j,Joseph Mikhael,"Winship Cancer Institute, Emory University, Atlanta, GA. Electronic address: jmikhael@myeloma.org.",Unknown,4,4,2,0.5,0,0,0.03478176450511528,"Black or African American, Healthcare Disparities, United States, Health Status Disparities, White, Delivery of Health Care","Journal of the National Medical Association, Blood cancer journal, Clinical lymphoma, myeloma & leukemia",2023-2026,Unknown,4,78.1,97.7,55.1,44.2,97.7,30.9,69.0,Tier 2,False,True
301,wang_r,Rui Wang,"Department of Hematology, People's Hospital of Lianshui, Lianshui 223400, Huai'an, China.",China,5,2,2,0.4,0,0,0.05032786523969575,"Gene Expression Regulation, Neoplastic, Prognosis, Cell Line, Tumor, Selenium, Cell Proliferation, Apoptosis","Journal of healthcare engineering, Frontiers in medicine, Histology and histopathology",2021-2026,Asia-Pacific,2,85.1,86.2,55.1,44.2,86.2,47.8,69.0,Tier 2,False,True
302,zhu_w,Weiliang Zhu,"State Key Laboratory of Drug Research, Drug Discovery and Design Center, Shanghai Institute of Materia Medica, Chinese Academy of Sciences, Shanghai 201203, China. Electronic address: wlzhu@simm.ac.cn.",China,4,1,4,1.0,0,0,0.09239025770275365,"Neoplasm Recurrence, Local, Macrophages, Th1 Cells, Immunomodulation, ATPases Associated with Diverse Cellular Activities, Cantharidin","International immunopharmacology, Bioorganic & medicinal chemistry letters, Acta pharmaceutica Sinica. B",2024-2026,Asia-Pacific,1,78.1,65.9,88.8,44.2,65.9,75.1,69.0,Tier 2,True,True
303,valent_j,Jason Valent,"Department of Hematology/Oncology, Cleveland Clinic, Taussig Cancer Institute, Cleveland, Ohio.",USA,5,0,5,1.0,3,0,0.07053751068035402,"Neoplasms, Plasma Cell, Antineoplastic Agents, B-Cell Maturation Antigen, Retrospective Studies, Antibodies, Bispecific, Receptors, Chimeric Antigen","Transplantation and cellular therapy, Blood cancer journal, Cancer research communications",2024-2026,North America,0,85.1,26.0,93.1,97.4,26.0,64.7,69.0,Tier 2,True,True
304,demel_s,Sanjay de Mel,"Department of Haematology-Oncology, National University Cancer Institute, Singapore.",Singapore,5,1,4,0.8,0,0,0.057892258546741286,"Magnetic Resonance Imaging, Positron Emission Tomography Computed Tomography, Fluorodeoxyglucose F18, Positron-Emission Tomography, Multimodal Imaging, Radiopharmaceuticals","Annals of the Academy of Medicine, Singapore, Blood neoplasia, Leukemia & lymphoma",2023-2026,Asia-Pacific,1,85.1,65.9,88.8,44.2,65.9,55.8,68.8,Tier 2,True,True
305,kim_d,Deog-Yoon Kim,"Department of Nuclear Medicine, Kyung Hee University Hospital, Kyung Hee University School of Medicine, Seoul, Korea.",South Korea,5,1,4,0.8,0,0,0.05792056114820836,"Lenalidomide, Antineoplastic Agents, Dexamethasone, Rad51 Recombinase, Animals, Drug Resistance, Neoplasm","Journal of bone metabolism, Journal of physiology and pharmacology : an official journal of the Polish Physiological Society, Seminars in hematology",2021-2026,Asia-Pacific,1,85.1,65.9,88.8,44.2,65.9,55.9,68.8,Tier 2,True,True
306,yu_l,Lisheng Yu,"Department of Otorhinolaryngology, Head and Neck Surgery, Peking University People's Hospital, Beijing, China.",China,4,2,2,0.5,0,0,0.0658382847919703,"Plasma Cells, Plasmacytoma, Turbinates, Cryoelectron Microscopy, ADP-ribosyl Cyclase 1, Antibodies, Monoclonal","The Journal of international medical research, Journal of hematology & oncology, Zhongguo shi yan xue ye xue za zhi",2021-2025,Asia-Pacific,2,78.1,86.2,55.1,44.2,86.2,62.0,68.7,Tier 2,False,True
307,zhu_h,H Zhu,"Department of Hematology, the Affiliated Hospital of Xuzhou Medical University, Xuzhou 221002, China.",China,5,1,3,0.6,0,0,0.08017459474969124,"Prognosis, Receptors, Chimeric Antigen, Immunotherapy, Adoptive, T-Lymphocytes, Risk Factors, Biomarkers, Tumor","Zhonghua xue ye xue za zhi = Zhonghua xueyexue zazhi, Biomolecules, International immunopharmacology",2022-2026,Asia-Pacific,1,85.1,65.9,78.7,44.2,65.9,70.0,68.7,Tier 2,False,True
308,warsame_r,Rahma Warsame,"Division of Hematology, The Ottawa Hospital, Ottawa, ON, Canada.",Canada,5,1,3,0.6,0,0,0.0784319855900602,"Disease Progression, Retrospective Studies, Disease Management, Risk Assessment, Smoldering Multiple Myeloma, Hematopoietic Stem Cell Transplantation","Blood cancer journal, Hematology. American Society of Hematology. Education Program, Clinical lymphoma, myeloma & leukemia",2021-2026,North America,1,85.1,65.9,78.7,44.2,65.9,69.1,68.6,Tier 2,False,True
309,berenson_j,James R Berenson,"Institute for Myeloma and Bone Cancer Research, 9201 Sunset Blvd #300, West Hollywood, CA 90069, USA.",USA,3,2,1,0.333,7,7,0.03346888881207053,"Bone Marrow, T-Lymphocytes, T Lineage-Specific Activation Antigen 1, Receptors, Immunologic, Lymphocyte Activation, Antigens, Differentiation, T-Lymphocyte","Clinical infection in practice, Experimental hematology",2022-2025,North America,2,64.2,86.2,25.6,99.7,86.2,28.4,68.6,Tier 2,False,False
310,song_k,Kevin Song,"Medical Sciences Division, University of Oxford, Oxford, United Kingdom.",UK,4,1,3,0.75,0,0,0.13471981888208634,,"Frontiers in oncology, Leukemia research, Blood neoplasia",2023-2026,Europe,1,78.1,65.9,78.7,44.2,65.9,86.7,68.6,Tier 2,True,True
311,han_j,Joungho Han,"Department of Oral and Maxillofacial Surgery, School of Dentistry, Dental Research Institute, Seoul National University, Seoul, Korea.",South Korea,5,1,3,0.6,0,0,0.07067036225061381,"Immunohistochemistry, Sepharose, Biopsy, Fine-Needle, Lymphoma, Large B-Cell, Diffuse, Immunophenotyping, Neoplasms","Taehan Yongsang Uihakhoe chi, Journal of bone metabolism, Journal of hematopathology",2021-2024,Asia-Pacific,1,85.1,65.9,78.7,44.2,65.9,64.8,68.2,Tier 2,False,True
312,yang_h,Hao Yang,"Institute of Opto-electronics, Harbin Institute of Technology, 2 Yikuang Street, 150080, Harbin, China; National Key Laboratory on Tunable Laser, Harbin Institute of Technology, 2 Yikuang Street, 150080, Harbin, China.",China,6,1,2,0.333,0,0,0.1533899866442008,"Animals, Antineoplastic Agents, Mice, Discriminant Analysis, Metal Nanoparticles, Multivariate Analysis","Analytica chimica acta, Oxidative medicine and cellular longevity, Rheumatology and immunology research",2021-2026,Asia-Pacific,1,89.7,65.9,55.1,44.2,65.9,89.0,68.2,Tier 2,False,True
313,lahuerta_j,Juan J Lahuerta,"Instituto de Investigación Sanitaria, Hospital Universitario 12 de Octubre (imas12) CIBERONC CB16/12/00369, Madrid, Spain.",Spain,3,1,2,0.667,2,0,0.05226497089390961,,"HemaSphere, Frontiers in oncology",2021-2024,Europe,1,64.2,65.9,55.1,95.2,65.9,49.3,68.1,Tier 2,False,True
314,hu_j,Jinsong Hu,"Xi'an Jiaotong University Health Science Center, Xi'An City, Shaanxi Province, China; The Second Affiliated Hospital of Xi'an Jiaotong University, Xi'An City, Shaanxi Province, China.",China,3,1,2,0.667,1,0,0.06044417321463932,"Bortezomib, Gastrointestinal Microbiome, Cell Line, Tumor, Membrane Proteins, NIMA-Related Kinases, Solute Carrier Family 12, Member 2","Life sciences, Cell metabolism, Zhongguo shi yan xue ye xue za zhi",2023-2025,Asia-Pacific,1,64.2,65.9,55.1,91.0,65.9,58.6,68.1,Tier 2,False,True
315,tao_y,Yi Tao,"Department of Pathology, Xiangya Hospital, Central South University, Changsha, China.",China,5,1,3,0.6,0,0,0.06982236513583519,"Tumor Microenvironment, Animals, Drug Resistance, Neoplasm, Immune Checkpoint Inhibitors, Neoplasms, Programmed Cell Death 1 Receptor","Frontiers in immunology, Frontiers in pharmacology, Zhonghua xue ye xue za zhi = Zhonghua xueyexue zazhi",2021-2026,Asia-Pacific,1,85.1,65.9,78.7,44.2,65.9,64.4,68.1,Tier 2,False,True
316,dima_d,Danai Dima,"Department of Hematology/Oncology, Cleveland Clinic, Taussig Cancer Institute, Cleveland, Ohio; US Myeloma Innovations Research Collaborative, Westwood, Kansas. Electronic address: dimad@ccf.org.",USA,4,1,4,1.0,0,0,0.07279535621889845,"Neoplasms, Plasma Cell, Antineoplastic Agents, B-Cell Maturation Antigen, Retrospective Studies, Antibodies, Bispecific, Receptors, Chimeric Antigen","Transplantation and cellular therapy, Blood cancer journal",2024-2026,North America,1,78.1,65.9,88.8,44.2,65.9,66.0,68.0,Tier 2,True,True
317,lin_p,Paul Lin,"Department of Stem Cell Transplantation and Cellular Therapy, The University of Texas MD Anderson Cancer Center, Houston, Texas.",USA,4,1,4,1.0,0,0,0.07173343805638198,"Retrospective Studies, Hematopoietic Stem Cell Transplantation, Transplantation, Autologous, Neoplasm, Residual, Transplantation Conditioning, Flow Cytometry","Transplantation and cellular therapy, Cancer, Modern pathology : an official journal of the United States and Canadian Academy of Pathology, Inc",2024-2026,North America,1,78.1,65.9,88.8,44.2,65.9,65.3,68.0,Tier 2,True,True
318,hu_l,Liang-Ding Hu,"Department of Hematopoietic Stem Cell Transplantation, The Fifth Medical Center of PLA General Hospital, Beijing 100071, China.E-mail: Huliangding@sohu.com.",China,4,3,2,0.5,0,0,0.03377471290936569,"Hematopoietic Stem Cell Mobilization, Lymphoma, Peripheral Blood Stem Cells, Retrospective Studies, RNA, Circular, RNA","Zhongguo shi yan xue ye xue za zhi, Journal of Zhejiang University. Science. B, European journal of medicinal chemistry",2021-2025,Asia-Pacific,3,78.1,94.8,55.1,44.2,94.8,28.7,67.9,Tier 2,False,True
319,wang_c,Chenyan Wang,"Department of Biomedical & Chemical Engineering, The BioInspired Institute for Materials and Living Systems, Syracuse University, Syracuse, New York, USA.",USA,5,1,4,0.8,0,0,0.04838174834246421,"Animals, Cells, Cultured, Chick Embryo, Myocytes, Cardiac, Myofibrils, Pluripotent Stem Cells","Cytoskeleton (Hoboken, N.J.), Zhongguo shi yan xue ye xue za zhi, BMC oral health",2021-2026,North America,1,85.1,65.9,88.8,44.2,65.9,46.3,67.8,Tier 2,True,True
320,zhang_f,Fujing Zhang,"Department of Hematology, Peking Union Medical College Hospital Chinese Academy of Medical Sciences Beijing China.",China,5,1,5,1.0,0,0,0.042723669801223274,"Bone Marrow, Thrombocythemia, Essential, Janus Kinase 2, Colorectal Neoplasms, Adenocarcinoma, Bortezomib","Chronic diseases and translational medicine, Indian journal of pathology & microbiology, Zhongguo shi yan xue ye xue za zhi",2024-2025,Asia-Pacific,1,85.1,65.9,93.1,44.2,65.9,39.3,67.8,Tier 2,True,True
321,kumar_p,Pradeep Kumar,"Department of Hematology, All India Institute of Medical Sciences, New Delhi, India.",India,4,2,3,0.75,0,0,0.023738872403560828,"Plasma Cells, Plasmacytoma, Primary Myelofibrosis, In Situ Hybridization, Fluorescence, Retrospective Studies, Cross-Sectional Studies","Journal of clinical and experimental hematopathology : JCEH, Indian journal of hematology & blood transfusion : an official journal of Indian Society of Hematology and Blood Transfusion, Indian journal of cancer",2023-2025,Asia-Pacific,2,78.1,86.2,78.7,44.2,86.2,16.7,67.7,Tier 2,True,True
322,ma_x,Xiaoyu Ma,"Clinical Laboratory, Tai-Yang-Gong Community Health Service Center, Beijing, China.",China,4,1,3,0.75,0,0,0.09594897401091805,,"Frontiers in psychology, British journal of cancer research, Journal of clinical & experimental oncology",2022-2025,Asia-Pacific,1,78.1,65.9,78.7,44.2,65.9,76.8,67.6,Tier 2,True,True
323,kortum_k,K Martin Kortüm,"Department of Internal Medicine II, University Hospital of Würzburg, Würzburg, Germany.",Germany,4,1,3,0.75,0,0,0.09256471059349983,"Retrospective Studies, Lenalidomide, Spain, Dexamethasone, Thalidomide, Immunotherapy","European journal of haematology, Communications biology, Annals of hematology",2023-2025,Europe,1,78.1,65.9,78.7,44.2,65.9,75.3,67.5,Tier 2,True,True
324,yan_s,S Yan,"The First Affiliated Hospital of Soochow University, Jiangsu Institute of Hematology, Suzhou 215000, China.",China,5,1,3,0.6,0,0,0.0589587559564122,"Lenalidomide, Bortezomib, Induction Chemotherapy, Dexamethasone, Neutropenia, Thrombocytopenia","Zhonghua xue ye xue za zhi = Zhonghua xueyexue zazhi, Zhonghua zhong liu za zhi [Chinese journal of oncology], Case reports in hematology",2022-2026,Asia-Pacific,1,85.1,65.9,78.7,44.2,65.9,57.1,67.4,Tier 2,False,True
325,liu_b,Bin Liu,"Department of Traditional Chinese Medicine, the Second Affiliated Hospital of Guangzhou Medical University, Guangzhou, China. Electronic address: xmhoolv@163.com.",China,4,1,3,0.75,0,0,0.08773400521373013,"Thalidomide, Animals, Mice, STAT3 Transcription Factor, Signal Transduction, Melanoma","Phytomedicine : international journal of phytotherapy and phytopharmacology, Bioorganic chemistry, Annals of hematology",2023-2025,Asia-Pacific,1,78.1,65.9,78.7,44.2,65.9,73.4,67.3,Tier 2,True,True
326,wang_g,Guanli Wang,"Department of Hematology, Shanghai East Hospital, Tongji University School of Medicine, Shanghai 200120, China.",China,4,1,4,1.0,0,0,0.059085222096029094,"ATPases Associated with Diverse Cellular Activities, Cantharidin, Cell Cycle Proteins, Enzyme Inhibitors, Molecular Docking Simulation, Metabolomics","Bioorganic & medicinal chemistry letters, Zhongguo shi yan xue ye xue za zhi, Frontiers in oncology",2024-2026,Asia-Pacific,1,78.1,65.9,88.8,44.2,65.9,57.2,67.2,Tier 2,True,True
327,awadallah_c,Carmel Awadallah,"Division of Internal Medicine, St John Episcopal Hospital, Far Rockaway, NY 11691, USA.",USA,3,2,3,1.0,0,0,0.048273580932001965,"Retrospective Studies, Transplantation, Autologous","Current oncology (Toronto, Ont.), Expert review of hematology",2026-2026,North America,2,64.2,86.2,78.7,44.2,86.2,46.0,67.2,Tier 2,True,True
328,hashmi_h,Hamza Hashmi,"Department of Hematology and Bone Marrow Transplant, Medical University of South Carolina, Hollings Cancer Center, Charleston, SC 29425, USA.",USA,3,3,2,0.667,0,0,0.05856519362649831,"Neoplasms, Plasma Cell, B-Cell Maturation Antigen, Retrospective Studies, Antibodies, Bispecific, Antineoplastic Agents, Receptors, Chimeric Antigen","Transplantation and cellular therapy, Journal of hematology",2023-2024,North America,3,64.2,94.8,55.1,44.2,94.8,56.6,67.2,Tier 2,False,True
329,mirgh_s,Sumeet Mirgh,"Homi Bhabha National Institute (HBNI), Mumbai, Maharashtra India.",India,3,2,3,1.0,0,0,0.04746587555697566,,"Indian journal of hematology & blood transfusion : an official journal of Indian Society of Hematology and Blood Transfusion, EJHaem",2025-2026,Asia-Pacific,2,64.2,86.2,78.7,44.2,86.2,44.5,67.0,Tier 2,True,True
330,zhou_f,Fuling Zhou,"Department of Hematology, Sir Run Run Shaw Hospital, College of Medicine, Zhejiang University, Hangzhou, China.",China,6,0,2,0.333,2,0,0.2028417556344929,"Lymphoma, Hematopoietic Stem Cell Transplantation, Transplantation, Autologous, China, Wnt Signaling Pathway, Animals","Frontiers in oncology, Biomedical optics express, Bone marrow transplantation",2022-2025,Asia-Pacific,0,89.7,26.0,55.1,95.2,26.0,93.8,66.9,Tier 2,False,True
331,scheid_c,Christof Scheid,"Department of Internal Medicine I, University of Cologne, 50923 Cologne, Germany.",Germany,4,0,3,0.75,2,0,0.13271770052640655,,"Journal of clinical oncology : official journal of the American Society of Clinical Oncology, Cancers, Journal of hematology & oncology",2023-2026,Europe,0,78.1,26.0,78.7,95.2,26.0,86.4,66.8,Tier 2,True,True
332,yee_a,Andrew J Yee,"Center for Multiple Myeloma, Massachusetts General Hospital Cancer Center, Boston, MA.",USA,3,1,2,0.667,9,0,0.03189587631969265,"Antineoplastic Agents, Alkylating, Disease Management, Flow Cytometry, Melphalan, Neoplasm, Residual, Stem Cell Transplantation","Hematology. American Society of Hematology. Education Program, Blood cancer journal, Leukemia",2021-2026,North America,1,64.2,65.9,55.1,99.9,65.9,27.1,66.8,Tier 2,False,True
333,wei_z,Zhengxiao Wei,"Department of Clinical Laboratory, Public Health Clinical Medical Center of Chengdu, Chengdu, China.",China,3,2,1,0.333,1,0,0.031891378094031565,"Melphalan, Hematopoietic Stem Cell Transplantation, Transplantation, Autologous, Retrospective Studies, Prognosis","Translational cancer research, Frontiers in cell and developmental biology, Zhongguo shi yan xue ye xue za zhi",2021-2024,Asia-Pacific,2,64.2,86.2,25.6,91.0,86.2,26.9,66.7,Tier 2,False,True
334,cao_y,Yang Cao,"Tongji Hospital, Tongji Medical College, Huazhong University of Science and Technology, Department of Hematology, Wuhan, 430030, Hubei, China.",China,4,1,3,0.75,0,0,0.07312801381063694,"Hematopoietic Stem Cell Transplantation, Lymphoma, Transplantation, Autologous, China, Transplantation Conditioning, Receptors, Chimeric Antigen","Frontiers in oncology, Bone marrow transplantation, Cytotherapy",2023-2025,Asia-Pacific,1,78.1,65.9,78.7,44.2,65.9,66.4,66.6,Tier 2,True,True
335,jelinek_t,Tomas Jelinek,"Faculty of Medicine, University of Ostrava, Ostrava, Czechia.",Unknown,5,1,2,0.4,0,0,0.12440704272401518,"Czech Republic, Animals, Biomarkers, Cytotoxicity, Immunologic, Disease Management, Disease Susceptibility","Frontiers in immunology, Neoplasma, Clinical lymphoma, myeloma & leukemia",2021-2026,Unknown,1,85.1,65.9,55.1,44.2,65.9,85.1,66.6,Tier 2,False,True
336,hayden_p,Patrick J Hayden,"Department of Haematology, St. James's Hospital, Dublin 8, Ireland; Trinity St. James's Cancer Institute, Trinity College and St James's Hospital, Dublin 8, Ireland.",Ireland,4,2,1,0.25,0,0,0.11540209471172834,"Antineoplastic Agents, Apoptosis, Cell Line, Tumor, Cell Survival, Gene Expression, Gene Expression Regulation, Leukemic","Life sciences, Annals of oncology : official journal of the European Society for Medical Oncology, The Lancet. Haematology",2022-2026,Europe,2,78.1,86.2,25.6,44.2,86.2,82.8,66.4,Tier 2,False,True
337,samur_m,Mehmet K Samur,"Department of Data Science, Dana Farber Cancer Institute, Boston, MA, 02215, USA. mehmet_samur@dfci.harvard.edu.",USA,5,1,2,0.4,0,0,0.11272133931448998,"Alternative Splicing, RNA Splicing Factors, Exons, Serine-Arginine Splicing Factors","Blood, Blood cancer journal, Nature communications",2022-2026,North America,1,85.1,65.9,55.1,44.2,65.9,82.2,66.4,Tier 2,False,True
338,yan_y,Yurong Yan,"Hematology Department, First Hospital of Jilin University, Changchun, Jilin, China.",China,4,1,3,0.75,0,0,0.06997570743003602,"Neoplasm, Residual, Chromosome Aberrations, Prognosis, China, Retrospective Studies, Thalidomide","American journal of hematology, BMC cancer, Cancer immunology, immunotherapy : CII",2023-2025,Asia-Pacific,1,78.1,65.9,78.7,44.2,65.9,64.5,66.4,Tier 2,True,True
339,teipel_r,Raphael Teipel,"Department of Internal Medicine I, University Hospital Dresden, Technical University Dresden, Dresden, Germany.",Germany,3,1,3,1.0,0,0,0.43945195211576715,,"The New England journal of medicine, Haematologica, Journal of hematology & oncology",2026-2026,Europe,1,64.2,65.9,78.7,44.2,65.9,98.6,66.3,Tier 2,True,True
340,tan_t,Tze King Tan,"Cancer Science Institute of Singapore, National University of Singapore, Centre for Translational Medicine, Singapore, Republic of Singapore.",Singapore,3,2,2,0.667,0,0,0.0863692971544883,"Cell Line, Tumor, Cell Proliferation, DNA-Binding Proteins, Up-Regulation","Cancer research, EJHaem, Indian journal of hematology & blood transfusion : an official journal of Indian Society of Hematology and Blood Transfusion",2022-2026,Asia-Pacific,2,64.2,86.2,55.1,44.2,86.2,72.9,66.3,Tier 2,False,True
341,prakash_g,Gaurav Prakash,"Department of Clinical Hematology and Medical Oncology, Postgraduate Institute of Medical Education and Research, Sector 12, 160012 Chandigarh, India.",India,5,1,4,0.8,0,0,0.03452710505238099,,"Indian journal of hematology & blood transfusion : an official journal of Indian Society of Hematology and Blood Transfusion, International journal of hematology-oncology and stem cell research",2023-2025,Asia-Pacific,1,85.1,65.9,88.8,44.2,65.9,30.1,66.2,Tier 2,True,True
342,jakubikova_j,J Jakubíková,"Department of Tumor Immunology, Cancer Research Institute, Biomedical Research Center, Slovak Academy of Sciences, Bratislava, Slovakia.",Unknown,3,2,2,0.667,0,0,0.0837658429027014,"Pilot Projects, Quality of Life, Paraproteinemias, Adrenergic Agents, B-Lymphocytes, Bortezomib","Klinicka onkologie : casopis Ceske a Slovenske onkologicke spolecnosti, Cancer biology & therapy, Neoplasma",2023-2026,Unknown,2,64.2,86.2,55.1,44.2,86.2,71.5,66.2,Tier 2,False,True
343,xu_c,Cuiping Xu,"Department of Respiratory and Critical Care Medicine, Beijing Bo-Ai Hospital, China Rehabilitation Research Center, Beijing, China.",China,4,1,3,0.75,0,0,0.06523695344244365,"Animals, Mice, Cell Line, Tumor, Exosomes, Hypoxia-Inducible Factor 1, alpha Subunit, Vascular Endothelial Growth Factor A","Frontiers in psychology, International immunopharmacology, Journal for immunotherapy of cancer",2022-2026,Asia-Pacific,1,78.1,65.9,78.7,44.2,65.9,61.6,66.1,Tier 2,True,True
344,singh_s,Shalendra Singh,"Associate Professor, Department of Anaesthesiology & Critical Care, Armed Forces Medical College, Pune, India.",India,4,2,2,0.5,0,0,0.03845402907704441,"Plasma Cells, Skin Neoplasms","Medical journal, Armed Forces India, Journal of cutaneous pathology, Indian journal of hematology & blood transfusion : an official journal of Indian Society of Hematology and Blood Transfusion",2022-2026,Asia-Pacific,2,78.1,86.2,55.1,44.2,86.2,34.6,66.0,Tier 2,False,True
345,qiu_l,Lugui Qiu,"State Key Laboratory of Experimental Hematology, National Clinical Research Center for Blood Diseases, Haihe Laboratory of Cell Ecosystem, Institute of Hematology & Blood Diseases Hospital, Chinese Academy of Medical Sciences & Peking Union Medical College, Tianjin 300020, China.",China,6,0,2,0.333,2,1,0.12342835315800597,"Plasma Cells, Prognosis, Immunoglobulin M, In Situ Hybridization, Fluorescence, MicroRNAs, Gene Expression Regulation, Neoplastic","Zhonghua xue ye xue za zhi = Zhonghua xueyexue zazhi, Frontiers in immunology, Bone marrow transplantation",2021-2025,Asia-Pacific,0,89.7,26.0,55.1,95.2,26.0,84.8,66.0,Tier 2,False,False
346,kroger_n,Nicolaus Kröger,"Department of Stem Cell Transplantation, University Medical Center Hamburg, Germany.",Germany,4,1,2,0.5,0,0,0.2036556498084183,"Immunotherapy, Adoptive, Receptors, Chimeric Antigen, Accreditation, Bone Marrow, Hematology, Receptors, Antigen, T-Cell","Annals of oncology : official journal of the European Society for Medical Oncology, Transfusion medicine and hemotherapy : offizielles Organ der Deutschen Gesellschaft fur Transfusionsmedizin und Immunhamatologie, Medizinische Klinik, Intensivmedizin und Notfallmedizin",2022-2026,Europe,1,78.1,65.9,55.1,44.2,65.9,93.9,65.8,Tier 2,False,True
347,smith_e,Eric Smith,"Population Bio, Inc., New York, NY, United States.",USA,4,1,2,0.5,0,0,0.2116988201412151,"Receptors, Chimeric Antigen, Immunotherapy, Adoptive, T-Lymphocytes, Receptors, G-Protein-Coupled, Neoplasms, Plasma Cell, Albumins","Frontiers in neurology, The New England journal of medicine, Transplantation and cellular therapy",2022-2025,North America,1,78.1,65.9,55.1,44.2,65.9,94.5,65.8,Tier 2,False,True
348,sperling_a,Adam S Sperling,"Broad Institute of MIT and Harvard, Cambridge, Massachusetts 02142, United States.",USA,4,1,2,0.5,0,0,0.16899339323598353,"Binding Sites, Casein Kinase Ialpha, Cell Line, Tumor, Cell Proliferation, Cyclic Nucleotide Phosphodiesterases, Type 6, Immunotherapy","Journal of medicinal chemistry, Nature communications, Haematologica",2022-2026,North America,1,78.1,65.9,55.1,44.2,65.9,90.8,65.5,Tier 2,False,True
349,alkharabsheh_o,Omar Alkharabsheh,"Division of Hematology and Oncology, Mitchell Cancer Institute, University of South Alabama, Mobile, AL 36604, USA.",USA,4,1,3,0.75,0,0,0.05731461948578948,"Retrospective Studies, Transplantation, Autologous","Current oncology (Toronto, Ont.), Cancers, Expert review of hematology",2021-2026,North America,1,78.1,65.9,78.7,44.2,65.9,55.4,65.5,Tier 2,True,True
350,matsue_k,Kosei Matsue,"Division of Hematology/Oncology, Department of Internal Medicine, Kameda Medical Center, 929 Higashi-chou, Kamogawa, 296-8602, Japan.",Japan,3,2,2,0.667,0,0,0.0688261694688476,"Survival Rate, Bone Neoplasms, Cost of Illness, Diffusion Magnetic Resonance Imaging, Disease-Free Survival, Neoplasm Metastasis","Scientific reports, International journal of hematology, British journal of haematology",2021-2026,Asia-Pacific,2,64.2,86.2,55.1,44.2,86.2,63.7,65.4,Tier 2,False,True
351,rubinstein_s,Samuel M Rubinstein,"Department of Medicine, Division of Hematology, Lineberger Comprehensive Cancer Center, University of North Carolina at Chapel Hill, Chapel Hill, NC, USA.",USA,4,1,3,0.75,0,0,0.056856227532382404,"Prognosis, ADP-ribosyl Cyclase 1, Neoplasms, Plasma Cell, Geriatric Assessment, Feasibility Studies, Neoplasms","Blood cancer journal, Journal of geriatric oncology, Frontiers in artificial intelligence",2022-2026,North America,1,78.1,65.9,78.7,44.2,65.9,54.9,65.4,Tier 2,True,True
352,geraldes_c,Catarina Geraldes,"Departamento de Hematologia Clínica, Centro Hospitalar e Universitário de Coimbra, Coimbra, Portugal.",Portugal,3,2,2,0.667,0,0,0.0690586158481965,,"Frontiers in oncology, EJHaem, Hematology reports",2021-2026,Europe,2,64.2,86.2,55.1,44.2,86.2,64.0,65.4,Tier 2,False,True
353,liu_d,Dong Liu,"Department of Radiology, Peking Union Medical College Hospital, Chinese Academy of Medical Sciences, Beijing, China.",China,4,1,4,1.0,0,0,0.0408877588307447,"Diffusion Magnetic Resonance Imaging, Retrospective Studies, Whole Body Imaging, Echo-Planar Imaging, Tumor Burden, Image Processing, Computer-Assisted","Journal of magnetic resonance imaging : JMRI, Frontiers in oncology, Frontiers in neurology",2024-2025,Asia-Pacific,1,78.1,65.9,88.8,44.2,65.9,37.9,65.2,Tier 2,True,True
354,sunami_k,Kazutaka Sunami,"Department of Hematology, NHO Okayama Medical Center, 1711-1 Tamasu Kitaku, Okayama, Japan. kazusuna@pop12.odn.ne.jp.",Japan,3,1,3,1.0,0,0,0.1440720154928719,"Dexamethasone, Antibodies, Monoclonal, Humanized, Japan, Recurrence, East Asian People, Bortezomib","International journal of hematology, Blood cancer journal",2025-2026,Asia-Pacific,1,64.2,65.9,78.7,44.2,65.9,87.7,65.2,Tier 2,True,True
355,kaiser_m,Martin F Kaiser,"The Institute of Cancer Research, London, UK.",Unknown,3,1,1,0.333,1,0,0.08762419770610443,"Lenalidomide, Vorinostat, Dexamethasone","British journal of haematology, Nature communications, EJHaem",2022-2026,Unknown,1,64.2,65.9,25.6,91.0,65.9,73.2,65.2,Tier 2,False,True
356,baljevic_m,Muhamed Baljevic,"Department of Internal Medicine, Vanderbilt University, Nashville, Tennessee, USA.",USA,3,2,1,0.333,1,0,0.017901517729264533,,"Case reports in oncology, Cureus, EJHaem",2021-2024,North America,2,64.2,86.2,25.6,91.0,86.2,9.8,65.0,Tier 2,False,True
357,deng_j,Jun Deng,"Institute of Hematology, Union Hospital, Tongji Medical College, Huazhong University of Science and Technology, Wuhan 430022, China.",China,4,1,3,0.75,0,0,0.05285329075302231,"Adenosine, Alpha-Ketoglutarate-Dependent Dioxygenase FTO, Animals, Heat Shock Transcription Factors, Mice, Mice, Inbred NOD","Molecular therapy : the journal of the American Society of Gene Therapy, Transplantation and cellular therapy, Cancer treatment and research communications",2022-2026,Asia-Pacific,1,78.1,65.9,78.7,44.2,65.9,49.7,64.9,Tier 2,True,True
358,bobin_a,Arthur Bobin,"Hematology, CIC 1082, U1313, CHU, University, Poitiers, France.",France,3,1,3,1.0,0,0,0.1202924147035718,,"Blood cancer journal, Bulletin du cancer, Clinical hematology international",2024-2026,Europe,1,64.2,65.9,78.7,44.2,65.9,84.2,64.9,Tier 2,True,True
359,yang_m,Miao-Miao Yang,"Department of Clinical Laboratory, Suqian First People's Hospital, Suqian 223800, Jiangsu Province, China.",China,4,1,4,1.0,0,0,0.037615861733568956,"Prognosis, Risk Factors, Complement C3, Complement C4, Nomograms, ROC Curve","Zhongguo shi yan xue ye xue za zhi, Zhonghua xue ye xue za zhi = Zhonghua xueyexue zazhi, Frontiers in oncology",2024-2025,Asia-Pacific,1,78.1,65.9,88.8,44.2,65.9,33.9,64.8,Tier 2,True,True
360,coriu_d,Daniel Coriu,"Clinical Department I, Hematology, Fundeni Clinical Institute, 022328 Bucharest, Romania.",Romania,3,2,3,1.0,0,0,0.02821393977361224,"Romania, Risk, Recurrence, Tumor Suppressor Protein p53, In Situ Hybridization, Chromosome Deletion","Cancers, International journal of molecular sciences, Journal of clinical medicine",2025-2026,Europe,2,64.2,86.2,78.7,44.2,86.2,22.4,64.8,Tier 2,True,True
361,xu_r,Ruqing Xu,"Department of Oncology, The First Affiliated Hospital of Chongqing Medical University, Chongqing 400016, China.",China,3,2,3,1.0,0,0,0.027410277964071205,,"Genes & diseases, EJHaem, Nutrition (Burbank, Los Angeles County, Calif.)",2024-2026,Asia-Pacific,2,64.2,86.2,78.7,44.2,86.2,21.9,64.8,Tier 2,True,True
362,vesole_d,David H Vesole,Hackensack Meridian Health John Theurer Cancer Center Hackensack New Jersey USA.,USA,4,1,2,0.5,0,0,0.11921284473729678,"Leukemia, Plasma Cell, Prognosis, United States, Neoplasm Recurrence, Local, Antibodies, Monoclonal, Humanized, Progression-Free Survival","Clinical lymphoma, myeloma & leukemia, EJHaem, Cancer",2021-2026,North America,1,78.1,65.9,55.1,44.2,65.9,83.8,64.8,Tier 2,False,True
363,zhong_y,Yu Zhong,"Department of Pharmacy, Cancer Hospital of China Medical University, Liaoning Cancer Hospital & Institute, Shenyang, 110042, Liaoning Province, People's Republic of China.",China,3,2,1,0.333,1,0,0.014879916479796071,"Animals, Bone Neoplasms, Capsules, Diphosphonates, Drug Delivery Systems, Liposomes","Drug design, development and therapy, Annals of translational medicine, Chinese medical journal",2021-2026,Asia-Pacific,2,64.2,86.2,25.6,91.0,86.2,6.4,64.6,Tier 2,False,True
364,rosenberg_a,Aaron S Rosenberg,"Division of Malignant Hematology, Cellular Therapy and Transplantation, University of California Davis Comprehensive Cancer Center, Sacramento, CA.",USA,3,1,3,1.0,0,0,0.1069053097455765,"United States, Medicare, Insurance, Health, Transplantation, Autologous, Hematopoietic Stem Cell Transplantation, Antibodies, Bispecific","Clinical lymphoma, myeloma & leukemia, Expert review of anticancer therapy",2024-2026,North America,1,64.2,65.9,78.7,44.2,65.9,81.0,64.6,Tier 2,True,True
365,kumar_a,Abhishek Kumar,"Institute of Bioinformatics, International Technology Park, Bangalore 560066, India.",India,4,1,2,0.5,0,0,0.11288989105461553,"Genome-Wide Association Study, MAP Kinase Signaling System, Whole Genome Sequencing, Germ-Line Mutation, Skin Diseases, Genetic, Myelodysplastic Syndromes","Cells, BMJ case reports, Cureus",2022-2026,Asia-Pacific,1,78.1,65.9,55.1,44.2,65.9,82.3,64.6,Tier 2,False,True
366,bhutani_d,Divaya Bhutani,"Division of Hematology/Oncology, Columbia University Irving Medical Center/New York-Presbyterian Hospital, New York, NY, USA.",USA,3,1,3,1.0,0,0,0.10351067852079492,"Immunotherapy, Adoptive, Receptors, Chimeric Antigen","Bone marrow transplantation, Clinical lymphoma, myeloma & leukemia, The New England journal of medicine",2026-2026,North America,1,64.2,65.9,78.7,44.2,65.9,80.0,64.5,Tier 2,True,True
367,tan_j,Jing Tan,"Department of Hematology, The Third People's Hospital of Chengdu, Chengdu, Sichuan 610031, China.",China,3,1,3,1.0,0,0,0.10663066696588434,"Prognosis, Centrosome, Gene Expression Regulation, Neoplastic, Biomarkers, Tumor, Gene Expression Profiling, Nomograms","Cancer pathogenesis and therapy, PeerJ, Leukemia & lymphoma",2025-2026,Asia-Pacific,1,64.2,65.9,78.7,44.2,65.9,80.9,64.5,Tier 2,True,True
368,he_y,Yi He,"Department of Hematology, The Second Affiliated Hospital of Soochow University, Suzhou 215004, Jiangsu Province, China.",China,9,0,6,0.667,0,0,0.254037968878979,"Cell Communication, Coculture Techniques, Connexin 43, Mesenchymal Stem Cells, Immunotherapy, Plasma Cells","Zhongguo shi yan xue ye xue za zhi, World journal of clinical cases, Frontiers in immunology",2021-2026,Asia-Pacific,0,95.6,26.0,95.4,44.2,26.0,95.9,64.5,Tier 2,False,True
369,yang_b,B Y Yang,"Department of Hematology, the First Affiliated Hospital of Soochow University, Suzhou 215006, China.",China,4,1,3,0.75,0,0,0.04738887506536982,"Cysteine, Reproducibility of Results, Metabolome, Metabolomics, Metabolic Networks and Pathways, Methionine","Zhonghua zhong liu za zhi [Chinese journal of oncology], Ocular immunology and inflammation, Frontiers in immunology",2022-2026,Asia-Pacific,1,78.1,65.9,78.7,44.2,65.9,44.4,64.4,Tier 2,True,True
370,lan_x,Xiaoli Lan,"Department of Nuclear Medicine, Union Hospital, Tongji Medical College, Huazhong University of Science and Technology, No. 1277 Jiefang Ave, Wuhan, 430022, Hubei Province, China. xiaoli_lan@hust.edu.cn.",China,3,3,2,0.667,0,0,0.0329202275524854,"Positron-Emission Tomography, Positron Emission Tomography Computed Tomography, Fluorodeoxyglucose F18, Retrospective Studies, Prognosis, Succinimides","European journal of nuclear medicine and molecular imaging, Chronic diseases and translational medicine, Theranostics",2023-2026,Asia-Pacific,3,64.2,94.8,55.1,44.2,94.8,28.1,64.4,Tier 2,False,True
371,huang_s,Siqing Huang,"Haihe Laboratory of Cell Ecosystem, State Key Laboratory of Experimental Hematology, Bioinformatics Center, National Clinical Research Center for Geriatric Disorders, Key Laboratory for Carcinogenesis and Invasion, Chinese Ministry of Education, Key Laboratory of Carcinogenesis, Chinese Ministry of Health, Furong Laboratory, Department of Hematology, Xiangya Hospital, Central South University, Changsha, Hunan, China; Cancer Research Institute, School of Basic Medical Sciences, Central South University, Changsha, Hunan, China.",China,3,1,3,1.0,0,0,0.1018121126711507,"Bortezomib, Gastrointestinal Microbiome, Cell Line, Tumor, Membrane Proteins, NIMA-Related Kinases, Solute Carrier Family 12, Member 2","Cell metabolism, Journal of investigative medicine high impact case reports, Nature cancer",2024-2026,Asia-Pacific,1,64.2,65.9,78.7,44.2,65.9,79.1,64.4,Tier 2,True,True
372,yin_j,Junqiang Yin,"Department of Musculoskeletal Oncology, The First Affiliated Hospital of Sun Yat-sen University, Guangzhou, Guangdong 510080, China.",China,3,1,3,1.0,0,0,0.09957572233435238,"G-Quadruplexes, Proto-Oncogene Proteins c-bcl-2, Proto-Oncogene Proteins c-myc, Cell Line, Tumor, Molecular Docking Simulation, Molecular Dynamics Simulation","Cancer pathogenesis and therapy, Chemical biology & drug design",2024-2025,Asia-Pacific,1,64.2,65.9,78.7,44.2,65.9,78.2,64.3,Tier 2,True,True
373,yu_m,Meng Yu,"Sound Biopharmaceuticals Co., Ltd., Tianfu International Bio-Town, Huigu Dong 2nd Road 8, Chengdu, Sichuan, 610200, People's Republic of China.",China,4,1,2,0.5,0,0,0.10028371941564396,"Animals, Mice, Cryoelectron Microscopy, ADP-ribosyl Cyclase 1, Antibodies, Monoclonal, Antineoplastic Agents","Journal of hematology & oncology, Cell reports. Medicine, Gene",2022-2025,Asia-Pacific,1,78.1,65.9,55.1,44.2,65.9,78.7,64.3,Tier 2,False,True
374,zhang_g,Guangbing Zhang,"State Key Laboratory of Biotherapy and Cancer Center/Collaborative Innovation Center for Biotherapy, West China Hospital, Sichuan University, 3-17 People Road, Chengdu, Sichuan, 610041, People's Republic of China.",China,3,2,2,0.667,0,0,0.0551696138797867,"Animals, Cryoelectron Microscopy, ADP-ribosyl Cyclase 1, Antibodies, Monoclonal, Antineoplastic Agents, Lymphoma, Non-Hodgkin","Journal of hematology & oncology, Current research in translational medicine, Pathology",2022-2026,Asia-Pacific,2,64.2,86.2,55.1,44.2,86.2,52.3,64.3,Tier 2,False,True
375,riedhammer_c,Christine Riedhammer,"Department of Internal Medicine II, University Hospital of Würzburg, Würzburg, Germany. Riedhammer_C@ukw.de.",Germany,3,1,3,1.0,0,0,0.09716300770381982,"Pneumonia, Pneumocystis, Retrospective Studies, Pneumocystis carinii, Prognosis","Annals of hematology, HemaSphere, American journal of hematology",2024-2026,Europe,1,64.2,65.9,78.7,44.2,65.9,77.3,64.2,Tier 2,True,True
376,zhu_x,Xuesong Zhu,"Department of Orthopaedics, The First Affiliated Hospital of Soochow University, Soochow University, Suzhou 215006, China.",China,4,1,3,0.75,0,0,0.04584180551048188,"Transplantation, Autologous, Animals, Antineoplastic Agents, Bone Diseases, Metabolic, Bortezomib, Mice","Oxidative medicine and cellular longevity, ACS pharmacology & translational science, Medicine",2021-2026,Asia-Pacific,1,78.1,65.9,78.7,44.2,65.9,42.9,64.2,Tier 2,True,True
377,sharma_s,Sanjeevan Sharma,"Senior Advisor (Medicine & Clinical Hematology), Command Hospital (Central Command), Lucknow, India.",India,4,1,2,0.5,0,0,0.0957887424132548,,"Medical journal, Armed Forces India, South Asian journal of cancer, Cureus",2022-2026,Asia-Pacific,1,78.1,65.9,55.1,44.2,65.9,76.7,64.1,Tier 2,False,True
378,ack_d,Didar Yanardağ Açık,"Department of Hematology, SBU Adana City Training and Research Hospital, University of Health Sciences, Yüreğir, Adana, P.K.34098 Turkey.",Turkey,3,2,3,1.0,0,0,0.020923799738301076,,"Indian journal of hematology & blood transfusion : an official journal of Indian Society of Hematology and Blood Transfusion, Transplantation and cellular therapy, BMC cancer",2025-2026,Middle East / GCC,2,64.2,86.2,78.7,44.2,86.2,13.6,63.9,Tier 2,True,True
379,delforge_m,Michel Delforge,"Department of Hematology, University Hospitals Leuven, KU Leuven, Leuven, Belgium.",Belgium,4,0,2,0.5,2,1,0.18579441263688393,"Antineoplastic Agents, Physicians, Prospective Studies, Comparative Effectiveness Research","Frontiers in oncology, Advances in therapy, The New England journal of medicine",2022-2026,Europe,0,78.1,26.0,55.1,95.2,26.0,92.6,63.9,Tier 2,False,False
380,roussel_m,Murielle Roussel,"Centre Hospitalo-Universitaire Dupuytren, Limoges, France.",France,3,0,3,1.0,2,0,0.16512843305734465,"Oligopeptides, Quality of Life, Feasibility Studies, Pilot Projects, Cost-Benefit Analysis, Patient Satisfaction","Blood cancer journal, Bulletin du cancer, Clinical hematology international",2024-2026,Europe,0,64.2,26.0,78.7,95.2,26.0,90.4,63.8,Tier 2,True,True
381,sureda_a,Anna Sureda,"Clinical Hematology Department, Institut Català d'Oncologia-Hospitalet, Institut d'Investigació Biomèdica de Bellvitge (IDIBELL), University of Barcelona, Barcelona, Spain.",Spain,3,1,3,1.0,0,0,0.08732180446038328,,"Bone marrow transplantation, HemaSphere",2024-2026,Europe,1,64.2,65.9,78.7,44.2,65.9,73.1,63.8,Tier 2,True,True
382,sachpekidis_c,Christos Sachpekidis,"Klinische Kooperationseinheit Nuklearmedizin, Deutsches Krebsforschungszentrum (DKFZ), Im Neuenheimer Feld 280, 69210, Heidelberg, Deutschland. c.sachpekidis@dkfz-heidelberg.de.",Germany,3,3,2,0.667,0,0,0.026750840574942415,"Fluorodeoxyglucose F18, Positron Emission Tomography Computed Tomography, Magnetic Resonance Imaging, Positron-Emission Tomography, Radiopharmaceuticals, Artificial Intelligence","Der Radiologe, Seminars in nuclear medicine, European journal of nuclear medicine and molecular imaging",2022-2026,Europe,3,64.2,94.8,55.1,44.2,94.8,20.8,63.7,Tier 2,False,True
383,banerjee_r,Rahul Banerjee,"Department of Medicine, University of Washington, Seattle, WA.",Unknown,2,2,2,1.0,4,1,0.032677637383409314,,"JCO oncology practice, Journal of clinical oncology : official journal of the American Society of Clinical Oncology",2025-2026,Unknown,2,27.3,86.2,55.1,98.7,86.2,27.6,63.5,Tier 2,False,False
384,wu_k,Kai Yi Wu,"Mazankowski Alberta Heart Institute, Division of Cardiology, University of Alberta, Edmonton, Alberta, Canada.",Canada,3,1,3,1.0,0,0,0.07940772686137251,"Follow-Up Studies, Antibodies, Bispecific, Neoplasm Recurrence, Local","JACC. Case reports, Clinical lymphoma, myeloma & leukemia, ImmunoTargets and therapy",2024-2026,North America,1,64.2,65.9,78.7,44.2,65.9,69.6,63.4,Tier 2,True,True
385,gutierrez_n,Norma C Gutiérrez,"Department of Hematology, University Hospital of Salamanca Institute of Biomedical Research of Salamanca (IBSAL) Salamanca Spain.",Spain,3,1,3,1.0,0,0,0.07980410113762,"Transplantation, Autologous, Monoclonal Gammopathy of Undetermined Significance, Retrospective Studies, Prognosis, Hematopoietic Stem Cell Transplantation","HemaSphere, Clinical lymphoma, myeloma & leukemia",2024-2026,Europe,1,64.2,65.9,78.7,44.2,65.9,69.7,63.4,Tier 2,True,True
386,ren_h,Hefei Ren,"Department of General Education, Wuhan Vocational College of Software and Engineering, Wuhan, China.",China,4,1,3,0.75,0,0,0.037605790526657024,"Prognosis, B-Cell Maturation Antigen, Retrospective Studies, Immunotherapy, Adoptive, Receptors, Chimeric Antigen","Frontiers in psychology, Frontiers in immunology, American journal of cancer research",2022-2026,Asia-Pacific,1,78.1,65.9,78.7,44.2,65.9,33.9,63.3,Tier 2,True,True
387,mushtaq_m,Muhammad Umair Mushtaq,"University of Kansas Medical Center, Kansas City, KS, United States.",USA,3,1,3,1.0,0,0,0.07523368699075196,"Hematopoietic Stem Cell Transplantation, Leukemia, Plasma Cell, Graft vs Host Disease, Survival Rate, Transplantation, Homologous, Prognosis","Leukemia research, Expert review of hematology, Current oncology (Toronto, Ont.)",2025-2026,North America,1,64.2,65.9,78.7,44.2,65.9,67.4,63.2,Tier 2,True,True
388,zanwar_s,Saurabh Zanwar,"Division of Hematology, Mayo Clinic, Rochester, MN, USA.",USA,3,1,3,1.0,0,0,0.07476742601342917,"Risk Assessment, Neoplasm, Residual, Prognosis, Disease Management, Risk Factors","Leukemia & lymphoma, American journal of hematology, Journal of clinical oncology : official journal of the American Society of Clinical Oncology",2025-2026,North America,1,64.2,65.9,78.7,44.2,65.9,67.2,63.2,Tier 2,True,True
389,khattry_n,Navin Khattry,"Department of Medical Oncology, Tata Memorial Center-Advanced Center for Treatment Research and Education in Cancer, Homi Bhabha National Institute, Navi Mumbai, Maharashtra, India.",India,3,2,2,0.667,0,0,0.04341282841109697,,"Asian journal of transfusion science, Indian journal of hematology & blood transfusion : an official journal of Indian Society of Hematology and Blood Transfusion, EJHaem",2023-2026,Asia-Pacific,2,64.2,86.2,55.1,44.2,86.2,40.1,63.0,Tier 2,False,True
390,pacaud_l,Lida Pacaud,"Legend Biotech USA Inc., Somerset, NJ.",USA,3,1,3,1.0,0,0,0.072192890003247,"Progression-Free Survival, Prospective Studies, Neoplasm Recurrence, Local, Proteasome Inhibitors, Lenalidomide, Antibodies, Monoclonal","Clinical lymphoma, myeloma & leukemia, European journal of cancer (Oxford, England : 1990), Clinical pharmacology and therapeutics",2024-2026,North America,1,64.2,65.9,78.7,44.2,65.9,65.7,63.0,Tier 2,True,True
391,peng_y,Yumeng Peng,"Xi'an Jiaotong University Health Science Center, Xi'An City, Shaanxi Province, China; The Second Affiliated Hospital of Xi'an Jiaotong University, Xi'An City, Shaanxi Province, China.",China,4,1,2,0.5,0,0,0.0671896024459183,"Wnt Signaling Pathway, Animals, Mice, Dishevelled Proteins, Osteogenesis, Osteoclasts","Life sciences, Frontiers in medicine, Advanced science (Weinheim, Baden-Wurttemberg, Germany)",2023-2026,Asia-Pacific,1,78.1,65.9,55.1,44.2,65.9,62.8,62.7,Tier 2,False,True
392,zhao_h,Houli Zhao,"Hunan Province Key Laboratory of Tumor Cellular & Molecular Pathology, Cancer Research Institute, Hengyang Medical School, University of South China, Changshengxi Road 28#, Hengyang, 421001, Hunan, China.",China,6,0,5,0.833,0,0,0.235337079136127,"B-Cell Maturation Antigen, Animals, Mice, Receptors, Chimeric Antigen, T-Lymphocytes, Immunotherapy, Adoptive","Annals of hematology, Cell reports. Medicine, Frontiers in immunology",2023-2026,Asia-Pacific,0,89.7,26.0,93.1,44.2,26.0,95.5,62.6,Tier 2,True,True
393,strouse_c,Christopher Strouse,"US Myeloma Innovations Research Collaborative, Westwood, Kansas; Division of Hematology, Oncology and Blood & Marrow Transplantation, Holden Comprehensive Cancer Center, University of Iowa Hospitals and Clinics, Iowa City, Iowa.",USA,3,0,3,1.0,4,0,0.08439703592993003,"B-Cell Maturation Antigen, Retrospective Studies, Neoplasms, Plasma Cell, Antibodies, Bispecific, Antineoplastic Agents, United States","Transplantation and cellular therapy, Expert review of hematology, Cancer",2024-2026,North America,0,64.2,26.0,78.7,98.7,26.0,71.8,62.6,Tier 2,True,True
394,sanmiguel_j,Jesús F San Miguel,"Department of Hematology Clínica Universidad de Navarra, Centro de Investigaciones Biomédicas Aplicadas (CIMA), Instituto de Investigación Sanitaria de Navarra (IdiSNA) Pamplona Spain.",Spain,3,1,3,1.0,0,0,0.06423722863890335,"Risk Factors, Molecular Targeted Therapy, Mutation","HemaSphere, American Society of Clinical Oncology educational book. American Society of Clinical Oncology. Annual Meeting",2024-2026,Europe,1,64.2,65.9,78.7,44.2,65.9,60.7,62.5,Tier 2,True,True
395,ocio_e,Enrique M Ocio,"Department of Hematology, University Hospital Marqués de Valdecilla/IDIVAL, Santander, Spain; University of Cantabria, Santander, Spain. Electronic address: ocioem@unican.es.",Spain,2,1,2,1.0,1,0,0.22590528629042095,"Bone Marrow, Biopsy","Clinical lymphoma, myeloma & leukemia, HemaSphere",2024-2025,Europe,1,27.3,65.9,55.1,91.0,65.9,95.0,62.5,Tier 2,False,True
396,gentile_m,Massimo Gentile,"Hematology Unit, Department of Onco-Hematology, AO of Cosenza, Cosenza, Italy.",Italy,3,1,3,1.0,0,0,0.061631152280141904,"Antibodies, Bispecific, Immunotherapy, Adoptive, Immunotherapy, Animals, Receptors, Chimeric Antigen","Expert opinion on pharmacotherapy, Pharmaceuticals (Basel, Switzerland), International journal of biological macromolecules",2025-2026,Europe,1,64.2,65.9,78.7,44.2,65.9,59.5,62.4,Tier 2,True,True
397,slrdahl_t,Tobias S Slørdahl,"Department of Clinical and Molecular Medicine, Norwegian University of Science and Technology - NTNU, Trondheim, Norway.",Norway,3,1,3,1.0,0,0,0.06179825724476893,"Antibodies, Bispecific, Immunoglobulins, Intravenous, Immunoglobulin G, Lenalidomide, Renal Insufficiency, Dexamethasone","Frontiers in immunology, Blood cancer journal, American journal of hematology",2025-2026,Europe,1,64.2,65.9,78.7,44.2,65.9,59.9,62.4,Tier 2,True,True
398,chen_g,Guoan Chen,"Department of Hematology, First Affiliated Hospital of Nanchang University, Nanchang 330006, Jiangxi, China.",China,3,1,1,0.333,2,0,0.03929999450773992,"Nomograms, Proteasome Endopeptidase Complex, Prognosis, Ubiquitins, Carrier Proteins, Neoplasm Proteins","Aging, Translational cancer research, International immunopharmacology",2022-2024,Asia-Pacific,1,64.2,65.9,25.6,95.2,65.9,35.9,62.3,Tier 2,False,True
399,locke_f,Frederick L Locke,"Moffitt Cancer Center, Tampa, Florida.",USA,3,0,3,1.0,1,0,0.11803102597443674,"Receptors, Chimeric Antigen, Immunotherapy, Adoptive, Neoplasms, Plasma Cell, Albumins","Transplantation and cellular therapy, bioRxiv : the preprint server for biology, Blood",2024-2026,North America,0,64.2,26.0,78.7,91.0,26.0,83.5,62.2,Tier 2,True,True
400,liu_m,Mei Liu,"Department of Cardiology, West China Hospital, Sichuan University, Chengdu, China.",China,4,1,2,0.5,0,0,0.057672678105579585,"Neoplasm, Residual, Stomatitis, Melphalan, Retrospective Studies, Oral Hygiene, Transplantation, Autologous","Frontiers in cardiovascular medicine, American journal of hematology, Medicine",2021-2026,Asia-Pacific,1,78.1,65.9,55.1,44.2,65.9,55.7,62.0,Tier 2,False,True
401,holstein_s,Sarah A Holstein,"Division of Oncology & Hematology, Department of Internal Medicine, University of Nebraska Medical Center, Omaha, Nebraska, USA.",USA,3,2,1,0.333,0,0,0.08736744443828265,"Black People, Bortezomib, Dexamethasone, Hematologic Neoplasms, Lenalidomide, Antibodies, Monoclonal","Future oncology (London, England), International journal of molecular sciences, JBMR plus",2022-2025,North America,2,64.2,86.2,25.6,44.2,86.2,73.2,61.9,Tier 2,False,True
402,weinhold_n,Niels Weinhold,"Department of Internal Medicine V, University of Heidelberg, 69120 Heidelberg, Germany.",Germany,6,0,4,0.667,0,0,0.2049559450726946,"Genome-Wide Association Study, MAP Kinase Signaling System, Whole Genome Sequencing, Germ-Line Mutation, Magnetic Resonance Imaging, Whole Body Imaging","Journal of clinical oncology : official journal of the American Society of Clinical Oncology, Cells, Nature communications",2022-2026,Europe,0,89.7,26.0,88.8,44.2,26.0,94.0,61.8,Tier 2,False,True
403,wu_l,Lei Wu,"Bristol Myers Squibb, Translational Development, Summit, NJ.",Unknown,3,1,3,1.0,0,0,0.05413068884011938,"Biomarkers, Tumor, Ubiquitin-Protein Ligases, Prognosis, Cell Line, Tumor, Gene Expression Regulation, Neoplastic, Protein Interaction Maps","Blood neoplasia, Frontiers in psychiatry, Hereditas",2025-2026,Unknown,1,64.2,65.9,78.7,44.2,65.9,51.6,61.6,Tier 2,True,True
404,maura_f,Francesco Maura,"Myeloma Service, Memorial Sloan Kettering Cancer Center, New York, NY, USA.",USA,3,1,2,0.667,0,0,0.14036584107249886,,"medRxiv : the preprint server for health sciences, bioRxiv : the preprint server for biology, Cancer research",2023-2026,North America,1,64.2,65.9,55.1,44.2,65.9,87.4,61.6,Tier 2,False,True
405,ding_l,Li Ding,"Washington University School of Medicine, Saint Louis, Missouri.",USA,3,2,1,0.333,0,0,0.0794179392974184,"Transcriptome, CD8-Positive T-Lymphocytes, Pilot Projects, Single-Cell Gene Expression Analysis, Tumor Microenvironment","Cancer research communications, Frontiers in neuroinformatics, iScience",2022-2025,North America,2,64.2,86.2,25.6,44.2,86.2,69.6,61.6,Tier 2,False,True
406,anwer_f,Faiz Anwer,"Department of Hematology/Oncology, Cleveland Clinic, Taussig Cancer Institute, Cleveland, Ohio; US Myeloma Innovations Research Collaborative, Westwood, Kansas.",USA,6,0,6,1.0,0,0,0.11206359814686978,"Neoplasms, Plasma Cell, Antineoplastic Agents, B-Cell Maturation Antigen, Retrospective Studies, Antibodies, Bispecific, Receptors, Chimeric Antigen","Transplantation and cellular therapy, Blood cancer journal, Cancer research communications",2024-2026,North America,0,89.7,26.0,95.4,44.2,26.0,82.0,61.6,Tier 2,True,True
407,maral_s,Senem Maral,"Department of Hematology, Faculty of Medicine, Istanbul Medipol University, Istanbul, Turkey.",Turkey,3,1,2,0.667,0,0,0.12420062216599727,,"Memo, Indian journal of hematology & blood transfusion : an official journal of Indian Society of Hematology and Blood Transfusion, The New England journal of medicine",2022-2026,Middle East / GCC,1,64.2,65.9,55.1,44.2,65.9,85.0,61.4,Tier 2,False,True
408,lu_j,J Lu,"Department of Hematology, the Myeloma & Lymphoma Center, Changzheng Hospital, Naval Medical University, Shanghai 200433, China.",China,5,0,2,0.4,1,1,0.060264952296340754,"Prognosis, Case-Control Studies, Retrospective Studies, Lenalidomide, Central Nervous System, Receptors, Chimeric Antigen","Zhonghua xue ye xue za zhi = Zhonghua xueyexue zazhi, British journal of cancer research, Journal of thrombosis and thrombolysis",2022-2026,Asia-Pacific,0,85.1,26.0,55.1,91.0,26.0,58.5,61.4,Tier 2,False,False
409,ho_p,P Joy Ho,"Institute of Haematology, Royal Prince Alfred Hospital and University of Sydney, Sydney, NSW, Australia.",Australia,3,1,3,1.0,0,0,0.05099953148201699,"Cytogenetic Analysis, Chromosome Aberrations, Prognosis, In Situ Hybridization, Fluorescence","Frontiers in oncology, Clinical lymphoma, myeloma & leukemia, British journal of haematology",2024-2026,Asia-Pacific,1,64.2,65.9,78.7,44.2,65.9,48.5,61.3,Tier 2,True,True
410,mcguirk_j,Joseph McGuirk,Division of Hematologic Malignancies & Cellular Therapeutics University of Kansas Medical Center Westwood Kansas USA.,USA,6,0,5,0.833,0,0,0.11633261792440239,"Receptors, Chimeric Antigen, Immunotherapy, Adoptive, Retrospective Studies, Frailty, Neoplasms, Plasma Cell, Cytokine Release Syndrome","Transplantation and cellular therapy, EJHaem, Expert review of hematology",2021-2026,North America,0,89.7,26.0,93.1,44.2,26.0,83.1,61.3,Tier 2,True,True
411,xiao_x,X B Xiao,"Department of Lymphoma & Plasma Cell Disease, Senior Department of Hematology, the Fifth Medical Center of PLA General Hospital, Beijing 100071, China.",China,4,1,2,0.5,0,0,0.05174858090076464,"Bortezomib, Retrospective Studies, Hematopoietic Stem Cell Transplantation, Transplantation, Autologous, Pneumonia, Dexamethasone","Zhonghua xue ye xue za zhi = Zhonghua xueyexue zazhi, Frontiers in medicine, Biochemical pharmacology",2023-2026,Asia-Pacific,1,78.1,65.9,55.1,44.2,65.9,49.0,61.3,Tier 2,False,True
412,he_p,Pengcheng He,"Department of Hematology, The First Affiliated Hospital of Xi'an Jiaotong University, Xi'an, China.",China,4,2,0,0.0,0,0,0.06261332660789022,"Hematopoietic Stem Cell Transplantation, Lymphoma, Transplantation, Autologous, Adolescent, Cost-Benefit Analysis, Febrile Neutropenia","Frontiers in genetics, Hematology (Amsterdam, Netherlands), Biomolecules",2021-2023,Asia-Pacific,2,78.1,86.2,6.4,44.2,86.2,60.1,61.2,Tier 2,False,True
413,varoczy_l,László Váróczy,"Department of Internal Medicine, Division of Hematology, University of Debrecen, Debrecen, Hungary.",Hungary,3,1,3,1.0,0,0,0.04896142433234421,"Fibrinolysis, Factor XIII, Fibrinolysin, Antifibrinolytic Agents, Factor XIII Deficiency, Thrombophilia","Thrombosis research, Journal of clinical medicine, Journal of hematology",2024-2025,Europe,1,64.2,65.9,78.7,44.2,65.9,46.7,61.1,Tier 2,True,True
414,mullertidow_c,Carsten Müller-Tidow,"Department of Internal Medicine V, Hematology, Oncology and Rheumatology, Heidelberg University Hospital, Medical Faculty, Heidelberg University, Heidelberg, Germany.",Germany,3,0,3,1.0,1,1,0.08482930783387485,"Magnetic Resonance Imaging, Whole Body Imaging, Prognosis, Neoplasm Recurrence, Local, Bone Marrow, Drug Resistance, Neoplasm","Journal of clinical oncology : official journal of the American Society of Clinical Oncology, Leukemia",2026-2026,Europe,0,64.2,26.0,78.7,91.0,26.0,72.2,61.1,Tier 2,True,False
415,kang_l,Lei Kang,"Department of Nuclear Medicine, Peking University First Hospital, Beijing 100034, China.",China,3,2,2,0.667,0,0,0.026817079034300015,"Mice, Animals, Cell Line, Tumor, Positron-Emission Tomography, Gallium Radioisotopes, Peptides","Molecular pharmaceutics, Frontiers in medicine, European journal of nuclear medicine and molecular imaging",2023-2025,Asia-Pacific,2,64.2,86.2,55.1,44.2,86.2,21.2,61.1,Tier 2,False,True
416,dimitrakopouloustrauss_a,Antonia Dimitrakopoulou-Strauss,"Klinische Kooperationseinheit Nuklearmedizin, Deutsches Krebsforschungszentrum (DKFZ), Im Neuenheimer Feld 280, 69210, Heidelberg, Deutschland.",Germany,3,2,2,0.667,0,0,0.026750840574942415,"Fluorodeoxyglucose F18, Positron Emission Tomography Computed Tomography, Magnetic Resonance Imaging, Positron-Emission Tomography, Radiopharmaceuticals, Artificial Intelligence","Der Radiologe, Seminars in nuclear medicine, European journal of nuclear medicine and molecular imaging",2022-2026,Europe,2,64.2,86.2,55.1,44.2,86.2,20.8,61.1,Tier 2,False,True
417,alonso_r,Rafael Alonso,"Hematology Department, Hospital Universitario 12 de Octubre, CIBERONC CB16/12/00369, Madrid, Spain.",Spain,5,1,1,0.2,0,0,0.08987461788353393,"Antibodies, Monoclonal, Antibodies, Viral, Antiviral Agents, Biomarkers, Disease Progression, Disease Susceptibility","Frontiers in oncology, Frontiers in immunology, Blood cancer journal",2021-2025,Europe,1,85.1,65.9,25.6,44.2,65.9,74.2,61.1,Tier 2,False,True
418,rognvaldsson_s,Sæmundur Rögnvaldsson,"Faculty of Medicine, University of Iceland, Reykjavík, Iceland.",Unknown,3,1,3,1.0,0,0,0.04800958758615654,"Monoclonal Gammopathy of Undetermined Significance, Thrombosis, Prospective Studies, Iceland, Risk Factors, Follow-Up Studies","British journal of haematology, Blood cancer journal, HemaSphere",2024-2025,Unknown,1,64.2,65.9,78.7,44.2,65.9,45.5,61.0,Tier 2,True,True
419,wang_d,Du Wang,"The Institute of Technological Sciences, Wuhan University, Wuhan, 430072, China.",China,5,0,4,0.8,0,0,0.2822501381316268,"Amyloidosis, Cysts","Biomedical optics express, Blood neoplasia, Journal of cutaneous pathology",2022-2026,Asia-Pacific,0,85.1,26.0,88.8,44.2,26.0,96.7,60.9,Tier 2,True,True
420,gokarn_a,Anant Gokarn,"Homi Bhabha National Institute (HBNI), Mumbai, Maharashtra India.",India,3,1,3,1.0,0,0,0.04746587555697566,,"Indian journal of hematology & blood transfusion : an official journal of Indian Society of Hematology and Blood Transfusion, EJHaem",2025-2026,Asia-Pacific,1,64.2,65.9,78.7,44.2,65.9,44.5,60.9,Tier 2,True,True
421,berdeja_j,Jesus G Berdeja,Sarah Cannon Research Institute Nashville Tennessee USA.,USA,4,1,1,0.25,0,0,0.14776301268054207,"Influenza, Human, Prospective Studies, Hospitalization, Vaccination, Antibodies, Bispecific, Cytokine Release Syndrome","EJHaem, Clinical lymphoma, myeloma & leukemia, The New England journal of medicine",2022-2026,North America,1,78.1,65.9,25.6,44.2,65.9,88.3,60.8,Tier 2,False,True
422,giri_s,Smith Giri,"Institute for Cancer Outcomes & Survivorship, University of Alabama at Birmingham, Birmingham, AL, United States; Division of Hematology and Oncology, Department of Medicine, University of Alabama at Birmingham, Birmingham, AL, United States. Electronic address: smithgiri@uabmc.edu.",USA,3,1,0,0.0,2,0,0.053191676553748644,"Prognosis, Biomarkers, Frailty, Lymphocytes, Neutrophils, Retrospective Studies","Journal of geriatric oncology, Journal of clinical oncology : official journal of the American Society of Clinical Oncology, Blood cancer journal",2022-2022,North America,1,64.2,65.9,6.4,95.2,65.9,49.8,60.8,Tier 2,False,True
423,ye_c,Carrie Ye,"University of Alberta, Edmonton, Canada. cye@ualberta.ca.",Canada,3,1,2,0.667,0,0,0.09960610564221692,"Risk Assessment, Osteoporosis, Osteoporotic Fractures, Bone Density, Risk Factors, Bone Diseases, Metabolic","Osteoporosis international : a journal established as result of cooperation between the European Foundation for Osteoporosis and the National Osteoporosis Foundation of the USA, Transplantation and cellular therapy, bioRxiv : the preprint server for biology",2023-2026,North America,1,64.2,65.9,55.1,44.2,65.9,78.3,60.7,Tier 2,False,True
424,ishida_t,Tadao Ishida,"Department of Hematology, Japanese Red Cross Medical Center, Tokyo, JPN.",Unknown,3,2,2,0.667,0,0,0.02335359860195554,,"Cureus, British journal of haematology",2023-2026,Unknown,2,64.2,86.2,55.1,44.2,86.2,16.5,60.7,Tier 2,False,True
425,zou_l,Liqun Zou,"Department of Medical Oncology of Cancer Center, West China Hospital, Sichuan University, Chengdu, China.",China,3,1,2,0.667,0,0,0.09961474814057467,"Venous Thromboembolism, Risk Assessment, Risk Factors, Prediction Algorithms","Frontiers in oncology, Cell reports, PeerJ",2023-2026,Asia-Pacific,1,64.2,65.9,55.1,44.2,65.9,78.3,60.7,Tier 2,False,True
426,jiang_x,Xiaowen Jiang,"School of Pharmacy, Weifang Medical University, Weifang 261053, China.",China,5,1,1,0.2,0,0,0.0772914786170821,"Antineoplastic Agents, Bortezomib, Cell Line, Tumor, Drug Delivery Systems, Proteasome Inhibitors, Databases, Factual","Biomolecules, Cancer cell international, AMIA ... Annual Symposium proceedings. AMIA Symposium",2021-2026,Asia-Pacific,1,85.1,65.9,25.6,44.2,65.9,68.5,60.6,Tier 2,False,True
427,jin_y,Y Y Jin,"Department of Hematology, the First Affiliated Hospital of Nanjing Medical University, Jiangsu Province Hospital, Nanjing 210029, China.",China,5,1,2,0.4,0,0,0.028456198336583517,"Hematopoietic Stem Cell Transplantation, Transplantation, Autologous, Retrospective Studies, Prognosis, Antigens, CD34, Granulocyte Colony-Stimulating Factor","Zhonghua xue ye xue za zhi = Zhonghua xueyexue zazhi, Annals of medicine, Leukemia & lymphoma",2022-2026,Asia-Pacific,1,85.1,65.9,55.1,44.2,65.9,23.4,60.5,Tier 2,False,True
428,mi_j,Jian-Qing Mi,"Shanghai Institute of Hematology, State Key Laboratory of Medical Genomics, National Research Center for Translational Medicine at Shanghai, RuiJin Hospital Affiliated to Shanghai Jiao Tong University School of Medicine, Shanghai, P.R. China.",China,5,0,4,0.8,0,0,0.1719823188668318,"TNF Receptor-Associated Factor 3, Quality of Life, Osteoclasts, Bone Diseases, Autophagy, Glycosphingolipids","Nature communications, Cancer pathogenesis and therapy, Zhonghua xue ye xue za zhi = Zhonghua xueyexue zazhi",2022-2026,Asia-Pacific,0,85.1,26.0,88.8,44.2,26.0,91.2,60.4,Tier 2,True,True
429,cea_m,Michele Cea,"Clinic of Hematology, Department of Internal Medicine (DiMI), University of Genoa, and IRCCS Ospedale Policlinico San Martino, Genoa, Italy.",Italy,3,1,2,0.667,0,0,0.09124822807239671,"Lenalidomide, Neoplasm, Residual, Dexamethasone, Hematopoietic Stem Cell Transplantation, Cyclophosphamide, Cytogenetic Analysis","The Lancet. Oncology, Blood neoplasia, Cancers",2023-2026,Europe,1,64.2,65.9,55.1,44.2,65.9,74.7,60.4,Tier 2,False,True
430,huang_x,Xiaobing Huang,"Sichuan Academy of Medical Sciences and Sichuan Provincial People's Hospital, School of Medicine, University of Electronic Science and Technology of China, Chengdu, China.",China,6,0,3,0.5,0,0,0.18790889371848346,"Lymphoma, Hematopoietic Stem Cell Transplantation, Transplantation, Autologous, China, Antineoplastic Agents, Animals","Translational cancer research, Frontiers in pharmacology, Bone marrow transplantation",2022-2026,Asia-Pacific,0,89.7,26.0,78.7,44.2,26.0,92.8,60.2,Tier 2,False,True
431,khouri_j,Jack Khouri,"Department of Hematology/Oncology, Cleveland Clinic, Taussig Cancer Institute, Cleveland, Ohio; US Myeloma Innovations Research Collaborative, Westwood, Kansas.",USA,5,0,5,1.0,0,0,0.11802606901975428,"Neoplasms, Plasma Cell, B-Cell Maturation Antigen, Retrospective Studies, Antibodies, Bispecific, Antineoplastic Agents, Receptors, Chimeric Antigen","Transplantation and cellular therapy, Cancers, European journal of haematology",2024-2026,North America,0,85.1,26.0,93.1,44.2,26.0,83.4,60.2,Tier 2,True,True
432,shi_y,Ying Shi,"Department of Pathology, Xiangya Hospital, Central South University, Changsha, China.",China,7,0,4,0.571,0,0,0.07909088543931006,"Animals, Drug Resistance, Neoplasm, Immune Checkpoint Inhibitors, Neoplasms, Programmed Cell Death 1 Receptor, Tumor Microenvironment","Frontiers in immunology, Frontiers in pharmacology, Chinese medical journal",2021-2026,Asia-Pacific,0,92.7,26.0,88.8,44.2,26.0,69.4,60.1,Tier 2,False,True
433,zhou_m,Mi Zhou,"Department of Hematology, Tongji Hospital, Tongji Medical College, Huazhong University of Science and Technology, Wuhan, Hubei, China, hust.edu.cn.",China,4,0,4,1.0,1,0,0.020618876952609506,"Leukemia, Plasma Cell, Remission Induction, Antibodies, Monoclonal, Humanized, Chromosomes, Human, Pair 1, B-Cell Maturation Antigen, Immunotherapy, Adoptive","Case reports in hematology, Stem cell reviews and reports, Frontiers in immunology",2025-2026,Asia-Pacific,0,78.1,26.0,88.8,91.0,26.0,12.2,60.1,Tier 2,True,True
434,tan_m,Min Tan,"Department of Hematology, Hainan Hospital of Chinese PLA General Hospital, Sanya, China.",China,3,1,2,0.667,0,0,0.0829309423598991,"Risk Factors, Immunotherapy, Adoptive, Neurotoxicity Syndromes, Antigens, CD19, Dexamethasone, Bortezomib","Translational cancer research, Blood cancer journal, Leukemia & lymphoma",2021-2026,Asia-Pacific,1,64.2,65.9,55.1,44.2,65.9,71.0,60.0,Tier 2,False,True
435,zhao_r,Ruogang Zhao,"School of Pharmacy, Weifang Medical University, Weifang 261053, China.",China,4,1,2,0.5,0,0,0.03893179281126824,"Antineoplastic Agents, Bortezomib, Cell Line, Tumor, Drug Delivery Systems, Proteasome Inhibitors, Cysteine","Biomolecules, Zhonghua zhong liu za zhi [Chinese journal of oncology], Journal of proteome research",2021-2026,Asia-Pacific,1,78.1,65.9,55.1,44.2,65.9,35.7,60.0,Tier 2,False,True
436,huang_m,Mei-Zhou Huang,"Stem Cell Laboratory, Academician (Expert) Workstation of Sichuan Province, The Affiliated Hospital of Southwest Medical University, Luzhou, 646000, China. 13141254071@163.com.",China,3,2,2,0.667,0,0,0.018013542921493736,"Fatigue, Surveys and Questionnaires, Nomograms, Risk Factors, Retrospective Studies, Disease Progression","Supportive care in cancer : official journal of the Multinational Association of Supportive Care in Cancer, AME case reports, Zhongguo shi yan xue ye xue za zhi",2022-2025,Asia-Pacific,2,64.2,86.2,55.1,44.2,86.2,9.9,60.0,Tier 2,False,True
437,gozzetti_a,Alessandro Gozzetti,"Hematology, Azienda Ospedaliera Universitaria Senese, University of Siena, 53100 Siena, Italy.",Italy,4,1,1,0.25,0,0,0.10264611821492946,"Lenalidomide, Neoplasm, Residual, Dexamethasone, Hematopoietic Stem Cell Transplantation, Cyclophosphamide, Cytogenetic Analysis","Journal of personalized medicine, The Lancet. Oncology, Frontiers in oncology",2022-2026,Europe,1,78.1,65.9,25.6,44.2,65.9,79.5,59.9,Tier 2,False,True
438,weber_t,Tim Frederik Weber,"Sektion Radiologie in der Inneren Medizin, Klinik für Diagnostische und Interventionelle Radiologie, Universitätsklinikum Heidelberg, Im Neuenheimer Feld 410, 69120, Heidelberg, Deutschland. tim.weber@med-uni-heidelberg.de.",Germany,3,1,2,0.667,0,0,0.08041689454488805,"Magnetic Resonance Imaging, Bone and Bones, Paraproteinemias, Tomography, X-Ray Computed, Whole Body Imaging, Prognosis","Der Radiologe, Leukemia, Journal of hematology & oncology",2021-2026,Europe,1,64.2,65.9,55.1,44.2,65.9,70.2,59.9,Tier 2,False,True
439,kapoor_p,Prashant Kapoor,"Division of Hematology, Mayo Clinic, Rochester, Minnesota, USA.",USA,5,0,4,0.8,0,0,0.13034616680907168,"Retrospective Studies, Hematopoietic Stem Cell Transplantation, In Situ Hybridization, Fluorescence, Transplantation, Autologous, Neoplasm Recurrence, Local, Disease Progression","Blood cancer journal, American journal of hematology, Clinical lymphoma, myeloma & leukemia",2023-2026,North America,0,85.1,26.0,88.8,44.2,26.0,86.1,59.8,Tier 2,True,True
440,spicka_i,Ivan Špička,"1st Department of Medicine-Department of Hematology, First Faculty of Medicine, Charles University and General Hospital,, Prague, Czech Republic.",Czech Republic,6,0,4,0.667,0,0,0.08770159932948772,"Czech Republic, Dexamethasone, Routinely Collected Health Data, Thalidomide, Progression-Free Survival, Retrospective Studies","Clinical lymphoma, myeloma & leukemia, Neoplasma, Blood cancer journal",2022-2026,Europe,0,89.7,26.0,88.8,44.2,26.0,73.3,59.7,Tier 2,False,True
441,fu_y,Yunfeng Fu,"Department of Blood Transfusion, The Third Xiangya Hospital of Central South University, Changsha 410000, China; Department of Hematology, The Third Xiangya Hospital of Central South University, Changsha 410000, China.",China,3,1,3,1.0,0,0,0.03701719662291785,"Exosomes, Hypoxia-Inducible Factor 1, alpha Subunit, Animals, Vascular Endothelial Growth Factor A, Neovascularization, Pathologic, Signal Transduction","International immunopharmacology, Zhongguo shi yan xue ye xue za zhi, Chinese medical journal",2025-2026,Asia-Pacific,1,64.2,65.9,78.7,44.2,65.9,32.9,59.7,Tier 2,True,True
442,leung_n,Nelson Leung,"Nephrology and Hypertension, Department of Medicine, Mayo Clinic, Rochester, Minnesota, USA; Division of Hematology, Mayo Clinic, Rochester, Minnesota, USA.",USA,5,0,4,0.8,0,0,0.12392655209004733,"Kidney Diseases, Glomerulosclerosis, Focal Segmental, Fanconi Syndrome, Paraffin, Kidney, Renal Insufficiency","Kidney international, Clinical lymphoma, myeloma & leukemia, Clinical kidney journal",2023-2026,North America,0,85.1,26.0,88.8,44.2,26.0,84.9,59.7,Tier 2,True,True
443,shen_x,Xuxing Shen,"Department of Hematology, Jiangsu Province Hospital, The First Affiliated Hospital of Nanjing Medical University, Nanjing, China.",China,7,0,4,0.571,0,0,0.07047206971433599,"Retrospective Studies, Prognosis, Animals, Mice, Hematopoietic Stem Cell Transplantation, Transplantation, Autologous","Oxidative medicine and cellular longevity, Zhonghua xue ye xue za zhi = Zhonghua xueyexue zazhi, Annals of medicine",2021-2026,Asia-Pacific,0,92.7,26.0,88.8,44.2,26.0,64.6,59.6,Tier 2,False,True
444,deng_s,Shuhui Deng,"State Key Laboratory of Experimental Hematology, National Clinical Research Center for Blood Diseases, Institute of Hematology & Blood Diseases Hospital, Chinese Academy of Medical Sciences & Peking Union Medical College, Tianjin 300020, China.",China,4,0,2,0.5,1,0,0.05822364004090256,"Plasma Cells, Immunoglobulin M, In Situ Hybridization, Fluorescence, Prognosis, Immunotherapy, Bone Marrow","Zhonghua xue ye xue za zhi = Zhonghua xueyexue zazhi, Frontiers in immunology, Cell death discovery",2021-2025,Asia-Pacific,0,78.1,26.0,55.1,91.0,26.0,56.3,59.4,Tier 2,False,True
445,lv_x,Xinyu Lv,Department of Hematology Affiliated Hospital of Zunyi Medical University Zunyi Guizhou China.,China,4,1,2,0.5,0,0,0.03470566593535695,"RNA, Untranslated, MicroRNAs, Prognosis, Drug Resistance, Neoplasm, Doxorubicin, Apoptosis","Ibrain, Biomarkers in medicine, Drug resistance updates : reviews and commentaries in antimicrobial and anticancer chemotherapy",2022-2026,Asia-Pacific,1,78.1,65.9,55.1,44.2,65.9,30.3,59.4,Tier 2,False,True
446,xia_j,Jingyi Xia,"Sichuan Academy of Medical Sciences and Sichuan Provincial People's Hospital, School of Medicine, University of Electronic Science and Technology of China, Chengdu, China.",China,3,1,2,0.667,0,0,0.07145152107238112,"Reactive Oxygen Species, Melphalan, DNA Damage, Apoptosis, Drug Combinations, Allyl Compounds","Frontiers in pharmacology, Annals of hematology, Blood",2022-2026,Asia-Pacific,1,64.2,65.9,55.1,44.2,65.9,65.2,59.4,Tier 2,False,True
447,parrondo_r,Ricardo Parrondo,Division of Hematology-Oncology Mayo Clinic Jacksonville Florida USA.,USA,3,1,2,0.667,0,0,0.07000068692842368,"Retrospective Studies, Outpatients, Health Resources, Patient Acceptance of Health Care, Risk Factors, Immunotherapy, Adoptive","Clinical case reports, JCO oncology practice, Blood cancer journal",2021-2025,North America,1,64.2,65.9,55.1,44.2,65.9,64.5,59.4,Tier 2,False,True
448,shune_l,Leyla Shune,Division of Hematologic Malignancies & Cellular Therapeutics University of Kansas Medical Center Westwood Kansas USA.,USA,4,1,1,0.25,0,0,0.0865528259087141,"Black People, Bortezomib, Dexamethasone, Hematologic Neoplasms, Lenalidomide, Antibodies, Monoclonal","EJHaem, Future oncology (London, England), Transplantation and cellular therapy",2021-2024,North America,1,78.1,65.9,25.6,44.2,65.9,72.9,59.3,Tier 2,False,True
449,pei_l,Lixia Pei,"Janssen Research & Development, Raritan, NJ, USA.",USA,4,0,4,1.0,0,0,0.42136781125468425,"Antineoplastic Agents, Physicians, Prospective Studies, Comparative Effectiveness Research, Antibodies, Bispecific, Japan","Advances in therapy, International journal of hematology, Haematologica",2024-2026,North America,0,78.1,26.0,88.8,44.2,26.0,98.5,59.3,Tier 2,True,True
450,zeng_m,Min Zeng,"Department of Clinical Pharmacy, Shanghai General Hospital, School of Medicine, Shanghai Jiao Tong University, Shanghai, China.",China,3,1,3,1.0,0,0,0.03277986758181854,"Prognosis, Vancomycin, Flushing, Anti-Bacterial Agents, Administration, Oral, Syndrome","Medicine, BMC cancer, Frontiers in immunology",2024-2025,Asia-Pacific,1,64.2,65.9,78.7,44.2,65.9,27.9,59.2,Tier 2,True,True
451,venner_c,Christopher P Venner,"BC Cancer Centre for Lymphoid Cancer, University of British Columbia, Vancouver, British Columbia, Canada.",Canada,4,0,4,1.0,0,0,0.236611734258882,,"JACC. Case reports, Blood advances, Leukemia research",2024-2026,North America,0,78.1,26.0,88.8,44.2,26.0,95.5,59.0,Tier 2,True,True
452,silbermann_r,Rebecca Silbermann,"Oregon Health & Science University, Portland, OR.",USA,3,0,2,0.667,3,0,0.08787296130982414,"Antibodies, Monoclonal, Dexamethasone, Lenalidomide, Neoplasm, Residual, Oligopeptides, Follow-Up Studies","Journal of clinical oncology : official journal of the American Society of Clinical Oncology, Blood neoplasia, Clinical lymphoma, myeloma & leukemia",2022-2026,North America,0,64.2,26.0,55.1,97.4,26.0,73.5,58.9,Tier 2,False,True
453,ozkalemkas_f,Fahir Ozkalemkas,"Department of Internal Medicine, Bursa Uludag University, Bursa, TUR.",Unknown,3,1,3,1.0,0,0,0.029973170278586155,,"Cureus, Transplantation and cellular therapy, Diagnostics (Basel, Switzerland)",2024-2026,Unknown,1,64.2,65.9,78.7,44.2,65.9,24.6,58.9,Tier 2,True,True
454,yoon_d,Dok Hyun Yoon,"Department of Oncology, Asan Medical Center, University of Ulsan College of Medicine, Seoul, Republic of Korea. Electronic address: dhyoon@amc.seoul.kr.",South Korea,3,1,3,1.0,0,0,0.029715684165010848,"Prognosis, Vitamin D Deficiency, Vitamin D, Republic of Korea, B-Cell Maturation Antigen, Antibodies, Bispecific","Clinical lymphoma, myeloma & leukemia, Seminars in hematology, Haematologica",2024-2026,Asia-Pacific,1,64.2,65.9,78.7,44.2,65.9,24.1,58.9,Tier 2,True,True
455,vij_r,Ravi Vij,"Washington University School of Medicine, Saint Louis, Missouri.",USA,5,0,3,0.6,0,0,0.1703238820088644,"Pilot Projects, Transcriptome, CD8-Positive T-Lymphocytes, Single-Cell Gene Expression Analysis, Tumor Microenvironment, Lenalidomide","Cancer research communications, Research and practice in thrombosis and haemostasis, iScience",2022-2025,North America,0,85.1,26.0,78.7,44.2,26.0,90.9,58.8,Tier 2,False,True
456,storti_p,Paola Storti,"Department of Medicine and Surgery, University of Parma, 43126 Parma, Italy.",Italy,3,1,2,0.667,0,0,0.06058034320826943,"Bone Marrow, Plasma Cells, Paraproteinemias, Monoclonal Gammopathy of Undetermined Significance, Tumor Microenvironment, Neoplasm, Residual","International journal of molecular sciences, Clinical lymphoma, myeloma & leukemia, Annals of hematology",2022-2026,Europe,1,64.2,65.9,55.1,44.2,65.9,58.7,58.8,Tier 2,False,True
457,besemer_b,Britta Besemer,"University of Tübingen, Tübingen, Germany.",Germany,4,0,4,1.0,0,0,0.18953135403846694,"Antineoplastic Agents, Physicians, Prospective Studies, Comparative Effectiveness Research, Lenalidomide, COVID-19","Journal of clinical oncology : official journal of the American Society of Clinical Oncology, Advances in therapy, Frontiers in immunology",2024-2026,Europe,0,78.1,26.0,88.8,44.2,26.0,93.0,58.8,Tier 2,True,True
458,larocca_a,Alessandra Larocca,"Struttura Complessa (SC) Ematologia, Azienda Ospedaliero-Universitaria (AOU) Città della Salute e della Scienza di Torino, Torino, Italy.",Italy,3,1,0,0.0,1,0,0.04076693386420735,"Bone Marrow, Neoplasm Recurrence, Local, Tumor Microenvironment, Hepatitis A Virus Cellular Receptor 2, Programmed Cell Death 1 Receptor, Zoledronic Acid","Frontiers in immunology, International journal of molecular sciences, medRxiv : the preprint server for health sciences",2022-2023,Europe,1,64.2,65.9,6.4,91.0,65.9,37.8,58.8,Tier 2,False,True
459,jiang_h,H Jiang,"Department of Hematology, the Myeloma & Lymphoma Center, Changzheng Hospital, Naval Medical University, Shanghai 200433, China.",China,6,0,4,0.667,0,0,0.0696877562352559,"Prognosis, Retrospective Studies, Case-Control Studies, Lenalidomide, Central Nervous System, Thrombocytopenia","Zhonghua xue ye xue za zhi = Zhonghua xueyexue zazhi, Heliyon, European journal of medicinal chemistry",2022-2026,Asia-Pacific,0,89.7,26.0,88.8,44.2,26.0,64.3,58.8,Tier 2,False,True
460,chang_s,Su-Hsin Chang,"Research Service, St. Louis Veterans Affairs Medical Center, St. Louis, MO.",Unknown,3,1,3,1.0,0,0,0.02744769618327194,"Electronic Health Records, United States, United States Department of Veterans Affairs, Natural Language Processing, International Classification of Diseases, Machine Learning","AMIA ... Annual Symposium proceedings. AMIA Symposium, Clinical lymphoma, myeloma & leukemia, Journal of clinical & experimental oncology",2024-2025,Unknown,1,64.2,65.9,78.7,44.2,65.9,22.0,58.7,Tier 2,True,True
461,steinhardt_m,Maximilian J Steinhardt,"Department of Internal Medicine II, University Hospital of Würzburg, Würzburg, Germany.",Germany,3,1,2,0.667,0,0,0.05998786164225783,"Immunotherapy, T-Lymphocytes, Antibodies, Monoclonal, Receptors, Death Domain, Fas-Associated Death Domain Protein, Pneumonia, Pneumocystis","Communications biology, Annals of hematology, Expert opinion on biological therapy",2023-2025,Europe,1,64.2,65.9,55.1,44.2,65.9,58.0,58.7,Tier 2,False,True
462,liu_p,Peng Liu,"Department of Hematology, Zhongshan Hospital, Fudan University, Shanghai, China.",China,2,2,1,0.5,4,0,0.029850339153606374,"China, Retrospective Studies, Early Detection of Cancer, Myeloma Proteins, Blood Protein Electrophoresis, Follow-Up Studies","Frontiers in cell and developmental biology, Cancer medicine",2021-2024,Asia-Pacific,2,27.3,86.2,25.6,98.7,86.2,24.3,58.7,Tier 2,False,True
463,yang_q,Qi Yang,"Clinical Medical College, Chengdu Medical College, Chengdu, China.",China,5,0,4,0.8,0,0,0.09118638978014267,"Cell Line, Tumor, Mice, Animals, Bortezomib, Positron-Emission Tomography, Gallium Radioisotopes","Frontiers in oncology, Cell metabolism, Molecular pharmaceutics",2023-2025,Asia-Pacific,0,85.1,26.0,88.8,44.2,26.0,74.6,58.7,Tier 2,True,True
464,vanrhee_f,Frits van Rhee,"Myeloma Center, Department of Internal Medicine, University of Arkansas for Medical Sciences, Little Rock, AR 72205, USA.",USA,4,1,0,0.0,0,0,0.2164559008675891,"Influenza, Human, Prospective Studies, Hospitalization, Vaccination, Receptors, Chimeric Antigen, B-Cell Maturation Antigen","Cancers, Clinical lymphoma, myeloma & leukemia, Bone marrow transplantation",2021-2023,North America,1,78.1,65.9,6.4,44.2,65.9,94.8,58.6,Tier 2,False,True
465,park_s,Sung-Soo Park,"Department of Hematology, Seoul St. Mary's Hospital, College of Medicine, The Catholic University of Korea, Seoul, Korea.",South Korea,3,0,3,1.0,2,0,0.040917596288277,"Antineoplastic Agents, Republic of Korea, Antibodies, Monoclonal, Lenalidomide, Models, Biological, Prospective Studies","Cancer research and treatment, Haematologica, Drug design, development and therapy",2025-2026,Asia-Pacific,0,64.2,26.0,78.7,95.2,26.0,38.0,58.5,Tier 2,True,True
466,dsouza_a,Anita D'Souza,"Division of Hematology/Oncology, Department of Medicine, Medical College of Wisconsin, Milwaukee, WI.",USA,5,0,3,0.6,0,0,0.13941082446419426,"Receptors, Chimeric Antigen, B-Cell Maturation Antigen, Immunotherapy, Adoptive, Antibodies, Monoclonal, Dexamethasone, Lenalidomide","Journal of clinical oncology : official journal of the American Society of Clinical Oncology, Bone marrow transplantation, Transplantation and cellular therapy",2022-2026,North America,0,85.1,26.0,78.7,44.2,26.0,87.2,58.5,Tier 2,False,True
467,saini_n,Neeraj Saini,"Department of Stem Cell Transplantation and Cellular Therapy, The University of Texas MD Anderson Cancer Center, Houston, Texas.",USA,5,0,5,1.0,0,0,0.07286797923469028,"Retrospective Studies, Hematopoietic Stem Cell Transplantation, Transplantation, Autologous, Neoplasm, Residual, Transplantation Conditioning, Central Nervous System Neoplasms","Transplantation and cellular therapy, Cancer, Clinical lymphoma, myeloma & leukemia",2024-2026,North America,0,85.1,26.0,93.1,44.2,26.0,66.1,58.5,Tier 2,True,True
468,hu_c,Chi-Ding Hu,"Department of Oncology, The Affiliated Hospital of Jianghan University, Wuhan 430015, Hubei Province, China,E-mail: 764036070@qq.com.",China,3,1,2,0.667,0,0,0.0566991590933684,"Bone Marrow, Hematopoietic Stem Cell Transplantation, Immunoglobulin G, Transplantation, Autologous, Bortezomib, Gastrointestinal Microbiome","Zhongguo shi yan xue ye xue za zhi, Cell metabolism, Frontiers in medicine",2021-2025,Asia-Pacific,1,64.2,65.9,55.1,44.2,65.9,54.7,58.4,Tier 2,False,True
469,wang_p,Ping Wang,"Department of Nuclear Medicine, The First College of Clinical Medical Science, China Three Gorges University, Yichang, 443000, Hubei, China.",China,5,0,4,0.8,0,0,0.08462280727786278,"Retrospective Studies, Positron Emission Tomography Computed Tomography, Prognosis, Fluorodeoxyglucose F18, Radiopharmaceuticals, Tumor Burden","Annals of nuclear medicine, Cancer medicine, PloS one",2023-2025,Asia-Pacific,0,85.1,26.0,88.8,44.2,26.0,71.9,58.4,Tier 2,True,True
470,cohen_a,Adam D Cohen,"Division of Hematology/Oncology, Department of Medicine, Abramson Cancer Center, University of Pennsylvania, 3400 Civic Center Boulevard, 12th Floor South Tower, Philadelphia, PA 19104, USA. Electronic address: Adam.Cohen@pennmedicine.upenn.edu.",USA,2,1,2,1.0,1,0,0.05570943449968896,"Receptors, Chimeric Antigen, Immunotherapy, Adoptive, B-Cell Maturation Antigen, T-Lymphocytes","Hematology/oncology clinics of North America, Clinical lymphoma, myeloma & leukemia",2024-2026,North America,1,27.3,65.9,55.1,91.0,65.9,53.0,58.3,Tier 2,False,True
471,callander_n,Natalie S Callander,"University of Wisconsin, Madison, WI.",USA,2,2,1,0.5,3,0,0.02822659880774166,"Antibodies, Monoclonal, Dexamethasone, Lenalidomide, Neoplasm, Residual, Oligopeptides, Receptors, Chimeric Antigen","Journal of clinical oncology : official journal of the American Society of Clinical Oncology, European journal of haematology",2022-2024,North America,2,27.3,86.2,25.6,97.4,86.2,22.7,58.3,Tier 2,False,True
472,li_n,Na Li,"Department of Research and Development, Hrain Biotechnology Co., Ltd., 9th Floor, Building 1, 1238 Zhangjiang Road, Pudong New District, Shanghai, China.",China,5,0,3,0.6,0,0,0.12920483284235154,"Antigens, CD19, B-Cell Maturation Antigen, Immunotherapy, Adoptive, Leukocytes, Mononuclear, Lymphoma, Monocytes","Journal of translational medicine, Indian journal of pathology & microbiology, Cancers",2022-2025,Asia-Pacific,0,85.1,26.0,78.7,44.2,26.0,85.9,58.3,Tier 2,False,True
473,kebriaei_p,Partow Kebriaei,"Department of Stem Cell Transplantation and Cellular Therapy, The University of Texas MD Anderson Cancer Center, Houston, Texas.",USA,3,0,3,1.0,1,0,0.04628830651502819,"Retrospective Studies, Hematopoietic Stem Cell Transplantation, Transplantation, Autologous, Neoplasm, Residual, Transplantation Conditioning","Transplantation and cellular therapy, Cancer",2024-2026,North America,0,64.2,26.0,78.7,91.0,26.0,43.5,58.2,Tier 2,True,True
474,ding_m,Mengyuan Ding,"Shanghai Engineering Research Center of Molecular Therapeutics and New Drug Development, School of Chemistry and Molecular Engineering, East China Normal University, Shanghai 200062, PR China.",China,3,2,1,0.333,0,0,0.03932538322175085,"Nuclear Proteins, Transcription Factors, Cell Line, Tumor, Leukemia, Cell Cycle Proteins, Bromodomain Containing Proteins","Bioorganic & medicinal chemistry, Zhonghua xue ye xue za zhi = Zhonghua xueyexue zazhi, Zhongguo shi yan xue ye xue za zhi",2023-2025,Asia-Pacific,2,64.2,86.2,25.6,44.2,86.2,36.0,58.2,Tier 2,False,True
475,yan_h,Han Yan,"Institute of Hematology, Union Hospital, Tongji Medical College, Huazhong University of Science and Technology, Wuhan 430022, China.",China,3,1,2,0.667,0,0,0.055069118980108356,"Animals, Mice, Adenosine, Alpha-Ketoglutarate-Dependent Dioxygenase FTO, Heat Shock Transcription Factors, Mice, Inbred NOD","Molecular therapy : the journal of the American Society of Gene Therapy, Frontiers in oncology, Journal for immunotherapy of cancer",2022-2026,Asia-Pacific,1,64.2,65.9,55.1,44.2,65.9,52.1,58.1,Tier 2,False,True
476,hoffmann_m,Martin Hoffmann,"Department of Medical Oncology, Inselspital, University Hospital Bern, University of Bern, 3010 Bern, Switzerland.",Switzerland,4,0,4,1.0,0,0,0.12965771679451718,"Kansas, Healthcare Disparities, Standard of Care, Immunotherapy, Adoptive, Health Services Accessibility, Young Adult","Journal of clinical oncology : official journal of the American Society of Clinical Oncology, Current issues in molecular biology, Cancer medicine",2025-2026,Europe,0,78.1,26.0,88.8,44.2,26.0,85.9,58.1,Tier 2,True,True
477,wu_d,D P Wu,"Center for Cancer Research and Therapeutic Development and Department of Biological Sciences, Clark Atlanta University, Atlanta, GA, USA.",USA,5,1,1,0.2,0,0,0.04660044887335966,"Busulfan, Cyclophosphamide, Hematopoietic Stem Cell Transplantation, Retrospective Studies, Lenalidomide, Bortezomib","Bio-protocol, Zhongguo shi yan xue ye xue za zhi, Zhonghua xue ye xue za zhi = Zhonghua xueyexue zazhi",2021-2026,North America,1,85.1,65.9,25.6,44.2,65.9,43.6,58.1,Tier 2,False,True
478,jain_a,Arihant Jain,"Department of Malignant Hematology, H. L. Moffitt Cancer Center and Research Institute, Tampa, FL.",Unknown,5,0,3,0.6,0,0,0.11657175382294699,"Anemia, Mutation, Myelodysplastic Syndromes, Myeloproliferative Disorders, Prognosis, Proto-Oncogene Proteins p21(ras)","Indian journal of hematology & blood transfusion : an official journal of Indian Society of Hematology and Blood Transfusion, Clinical lymphoma, myeloma & leukemia",2022-2025,Unknown,0,85.1,26.0,78.7,44.2,26.0,83.2,58.0,Tier 2,False,True
479,htut_m,Myo Htut,"City of Hope National Medical Center, Duarte, California, USA.",USA,3,0,2,0.667,1,0,0.09661249541239608,"Bortezomib, Chromosome Aberrations, Chromosomes, Human, Pair 1, Dexamethasone, Dose-Response Relationship, Drug, Maximum Tolerated Dose","Cancer medicine, Blood, Transplantation and cellular therapy",2022-2026,North America,0,64.2,26.0,55.1,91.0,26.0,77.2,58.0,Tier 2,False,True
480,liubarets_t,T F Liubarets,"O. O. Bogomolets National Medical University, 13 Taras Shevchenko Blvd., Kyiv, 01601, Ukraine.",Unknown,4,3,0,0.0,0,0,0.010385756676557863,"Cytokines, Chernobyl Nuclear Accident, Interleukin-10, Radiation Dosage, Radiation, Ionizing, Tumor Necrosis Factor-alpha",Problemy radiatsiinoi medytsyny ta radiobiolohii,2022-2023,Unknown,3,78.1,94.8,6.4,44.2,94.8,2.3,58.0,Tier 2,False,True
481,grajalescruz_a,Ariel Grajales-Cruz,"Moffitt Cancer Center, Tampa, Florida.",USA,4,0,4,1.0,0,0,0.126384396497799,"Receptors, Chimeric Antigen, Immunotherapy, Adoptive, Neoplasms, Plasma Cell, Albumins","Transplantation and cellular therapy, Blood, Clinical epidemiology",2024-2026,North America,0,78.1,26.0,88.8,44.2,26.0,85.5,58.0,Tier 2,True,True
482,huang_c,Chiung-Yu Huang,"Department of Epidemiology and Biostatistics, University of California, San Francisco, San Francisco, CA, United States.",USA,5,0,3,0.6,0,0,0.11531119853063831,"Fatigue, Surveys and Questionnaires, Melphalan, Hematopoietic Stem Cell Transplantation, Transplantation, Autologous, Retrospective Studies","Frontiers in oncology, Supportive care in cancer : official journal of the Multinational Association of Supportive Care in Cancer, Zhongguo shi yan xue ye xue za zhi",2021-2026,North America,0,85.1,26.0,78.7,44.2,26.0,82.8,58.0,Tier 2,False,True
483,ciceri_f,Fabio Ciceri,"Hematology and BMT Unit, IRCCS San Raffaele Hospital, Milano, Italy.",Italy,3,0,2,0.667,1,1,0.09278440220565452,"Accreditation, Bone Marrow, Hematology, Immunotherapy, Adoptive, Receptors, Antigen, T-Cell, Receptors, Chimeric Antigen","Bone marrow transplantation, Annals of oncology : official journal of the European Society for Medical Oncology",2022-2026,Europe,0,64.2,26.0,55.1,91.0,26.0,75.4,57.9,Tier 2,False,False
484,aygun_b,Bilal Aygün,"Department of Hematology, SBU Adana City Training and Research Hospital, University of Health Sciences, Yüreğir, Adana, P.K.34098 Turkey.",Turkey,3,1,3,1.0,0,0,0.020923799738301076,,"Indian journal of hematology & blood transfusion : an official journal of Indian Society of Hematology and Blood Transfusion, Transplantation and cellular therapy, BMC cancer",2025-2026,Middle East / GCC,1,64.2,65.9,78.7,44.2,65.9,13.6,57.8,Tier 2,True,True
485,suyan_e,Elif Suyanı,"Department of Hematology, SBU Adana City Training and Research Hospital, University of Health Sciences, Yüreğir, Adana, P.K.34098 Turkey.",Turkey,3,1,3,1.0,0,0,0.020923799738301076,,"Indian journal of hematology & blood transfusion : an official journal of Indian Society of Hematology and Blood Transfusion, Transplantation and cellular therapy, BMC cancer",2025-2026,Middle East / GCC,1,64.2,65.9,78.7,44.2,65.9,13.6,57.8,Tier 2,True,True
486,qu_y,Ying Qu,"Department of Hematology, West China Hospital, Sichuan University, Chengdu610041, P. R. China.",China,3,1,2,0.667,0,0,0.05165146992039854,"Biomarkers, Tumor, Ubiquitin-Protein Ligases, Prognosis, Cell Line, Tumor, Gene Expression Regulation, Neoplastic, Protein Interaction Maps","ACS omega, Clinical hematology international, Hereditas",2023-2025,Asia-Pacific,1,64.2,65.9,55.1,44.2,65.9,48.9,57.8,Tier 2,False,True
487,wennmann_m,Markus Wennmann,"Abteilung Radiologie, Deutsches Krebsforschungszentrum (DKFZ), Im Neuenheimer Feld 280, 69120, Heidelberg, Deutschland. m.wennmann@dkfz.de.",Germany,3,1,2,0.667,0,0,0.0512413323893234,"Magnetic Resonance Imaging, Whole Body Imaging, Artificial Intelligence, Positron-Emission Tomography, Tomography, X-Ray Computed, Prognosis","Der Radiologe, Leukemia, European journal of nuclear medicine and molecular imaging",2022-2026,Europe,1,64.2,65.9,55.1,44.2,65.9,48.6,57.8,Tier 2,False,True
488,mai_e,Elias K Mai,"Heidelberg Myeloma Center, Department of Internal Medicine V, Heidelberg University Hospital, Medical Faculty Heidelberg, Heidelberg University, Heidelberg, Germany.",Germany,4,0,4,1.0,0,0,0.10693756970243953,"Magnetic Resonance Imaging, Whole Body Imaging, Prognosis, Neoplasm Recurrence, Local, Bone Marrow, Drug Resistance, Neoplasm","Journal of clinical oncology : official journal of the American Society of Clinical Oncology, Leukemia, European journal of nuclear medicine and molecular imaging",2026-2026,Europe,0,78.1,26.0,88.8,44.2,26.0,81.0,57.6,Tier 2,True,True
489,dong_x,Xifeng Dong,"Department of Hematology, Tianjin Medical University General Hospital, Tianjin 300052, China.",China,3,1,2,0.667,0,0,0.048011153745867445,"Leukemia, Plasma Cell, Remission Induction, Antibodies, Monoclonal, Humanized, Chromosomes, Human, Pair 1","Cancers, Acta pharmaceutica Sinica. B, Frontiers in immunology",2022-2026,Asia-Pacific,1,64.2,65.9,55.1,44.2,65.9,45.8,57.5,Tier 2,False,True
490,choi_y,Y J Choi,"CellenGene Inc., Bundang-gu, Seongjam-si, Gyeonggi-do 13488, Republic of Korea.",South Korea,3,0,3,1.0,1,0,0.03933990342965739,"Dexamethasone, Rad51 Recombinase, Animals, Lenalidomide, Drug Resistance, Neoplasm, Cell Line, Tumor","Journal of physiology and pharmacology : an official journal of the Polish Physiological Society, Haematologica, Pharmaceuticals (Basel, Switzerland)",2024-2026,Asia-Pacific,0,64.2,26.0,78.7,91.0,26.0,36.0,57.5,Tier 2,True,True
491,oriol_a,Albert Oriol,"From the Mount Sinai School of Medicine, New York (A.C.); University Medical Center Utrecht, Utrecht University, Utrecht (M.C.M.), and Amsterdam University Medical Center, Vrije Universiteit Amsterdam, Cancer Center Amsterdam, Amsterdam (N.W.C.J.D.) - both in the Netherlands; Sarah Cannon Research Institute and Tennessee Oncology, Nashville (J.G.B.); Institut Català d'Oncologia and Institut Josep Carreras, Hospital Germans Trias i Pujol, Badalona, Barcelona (A.O.), Clínica Universidad de Navarra, Pamplona (P.R.-O.), Hospital Universitario Fundación Jiménez Díaz, Madrid (E.A.), and University Hospital of Salamanca, Instituto de Investigación Biomédica de Salamanca, Centro de Investigación del Cáncer, Centro de Investigación Biomédica en Red de Cáncer, Salamanca (M.-V.M.) - all in Spain; the University of Alabama at Birmingham, Birmingham (L.J.C.); Centre Hospitalier Universitaire de Liège, Liege, Belgium (J.C.); Janssen Research and Development, Spring House, PA (R.V., S.G., S.Y., R.B.G., K.P., B.W.H., J.R.); Janssen Research and Development, La Jolla (X.Y.), and City of Hope Comprehensive Cancer Center, Duarte (A.K.) - both in California; and Janssen Research and Development, Raritan, NJ (J.D.G.).",Belgium,4,0,3,0.75,0,0,0.23250416144629144,"Antibodies, Bispecific, Neoplasm Recurrence, Local, Cytokine Release Syndrome, Dysgeusia, Receptors, G-Protein-Coupled, T-Lymphocytes","The New England journal of medicine, HemaSphere, Clinical lymphoma, myeloma & leukemia",2022-2026,Europe,0,78.1,26.0,78.7,44.2,26.0,95.4,57.5,Tier 2,True,True
492,champlin_r,Richard E Champlin,"Department of Stem Cell Transplantation and Cellular Therapy, The University of Texas MD Anderson Cancer Center, Houston, Texas.",USA,5,0,4,0.8,0,0,0.06550532701508581,"Hematopoietic Stem Cell Transplantation, Retrospective Studies, Transplantation, Autologous, Hematopoietic Stem Cell Mobilization, Heterocyclic Compounds, Antigens, CD34","Transplantation and cellular therapy, Cancer, Cureus",2023-2026,North America,0,85.1,26.0,88.8,44.2,26.0,61.7,57.4,Tier 3,True,False
493,caers_j,Jo Caers,Department of Haematology Liège University Hospital Centre Liège Belgium.,Belgium,3,1,1,0.333,0,0,0.15759205011114982,"T-Lymphocytes, Antibodies, Bispecific, Cytokine Release Syndrome, Dysgeusia, Neoplasm Recurrence, Local, Receptors, G-Protein-Coupled","EJHaem, The New England journal of medicine, Cells",2022-2025,Europe,1,64.2,65.9,25.6,44.2,65.9,89.6,57.4,Tier 3,False,False
494,cheng_q,Qianwen Cheng,"Institute of Hematology, Union Hospital, Tongji Medical College, Huazhong University of Science and Technology, Wuhan 430022, China.",China,3,1,2,0.667,0,0,0.047169236809343595,"Animals, Mice, Adenosine, Alpha-Ketoglutarate-Dependent Dioxygenase FTO, Heat Shock Transcription Factors, Mice, Inbred NOD","Molecular therapy : the journal of the American Society of Gene Therapy, Zhongguo shi yan xue ye xue za zhi, Cancer immunology, immunotherapy : CII",2022-2025,Asia-Pacific,1,64.2,65.9,55.1,44.2,65.9,44.1,57.3,Tier 3,False,False
495,patel_n,Nitin Patel,"Department of Radiology, Oxford University Hospitals NHS Foundation Trust, Oxford OX3 9DU, UK.",Unknown,4,0,3,0.75,0,0,0.1879839637667568,"Lenalidomide, Antibodies, Monoclonal, Drug Resistance, Neoplasm, Progression-Free Survival","Cancers, European journal of cancer (Oxford, England : 1990), Cancer research communications",2022-2026,Unknown,0,78.1,26.0,78.7,44.2,26.0,92.9,57.3,Tier 3,True,False
496,liu_t,Tingting Liu,"Department of Hematology, Jiangxi Provincial People's Hospital, Nanchang, China.",China,4,0,3,0.75,0,0,0.19290045944020676,,"Frontiers in oncology, Cancer pathogenesis and therapy, bioRxiv : the preprint server for biology",2022-2026,Asia-Pacific,0,78.1,26.0,78.7,44.2,26.0,93.3,57.3,Tier 3,True,False
497,hultcrantz_m,Malin Hultcrantz,"Myeloma Service, Department of Medicine, Memorial Sloan-Kettering Cancer Center, New York, New York, USA.",USA,2,1,2,1.0,2,0,0.037366272715902295,"Monoclonal Gammopathy of Undetermined Significance, Thrombosis, Prospective Studies, Iceland, Risk Factors, Follow-Up Studies","British journal of haematology, Journal of the National Comprehensive Cancer Network : JNCCN",2025-2026,North America,1,27.3,65.9,55.1,95.2,65.9,33.7,57.3,Tier 3,False,False
498,jia_x,Xuefei Jia,"Department of Biostatistics and Quantitative Health Science, Cleveland Clinic, Cleveland, Ohio.",USA,4,0,4,1.0,0,0,0.09858018084565377,"Neoplasms, Plasma Cell, Neoplasm Recurrence, Local, Macrophages, Th1 Cells, Immunomodulation, B-Cell Maturation Antigen","Transplantation and cellular therapy, International immunopharmacology, Nature communications",2024-2025,North America,0,78.1,26.0,88.8,44.2,26.0,77.8,57.3,Tier 3,True,False
499,moore_s,Sally Moore,"Bath Royal United Hospitals, Oxford University Hospitals NHS Trust, Bath, UK.",Unknown,2,1,2,1.0,1,0,0.0440221718792136,"T-Lymphocytes, COVID-19, COVID-19 Vaccines, Antibodies, Vaccination, Antibodies, Viral","European journal of haematology, EJHaem",2024-2025,Unknown,1,27.3,65.9,55.1,91.0,65.9,40.6,57.1,Tier 3,False,False
500,du_m,M Y Du,"Institute of Hematology, Union Hospital, Tongji Medical College, Huazhong University of Science and Technology, Wuhan 430022, China.",China,4,0,4,1.0,0,0,0.09309090745422959,"Thrombocytopenia, Immunotherapy, Adoptive, Receptors, Chimeric Antigen, Retrospective Studies, B-Cell Maturation Antigen, Angiopoietin-Like Protein 4","Zhonghua xue ye xue za zhi = Zhonghua xueyexue zazhi, Frontiers in oncology, Cytokine",2024-2026,Asia-Pacific,0,78.1,26.0,88.8,44.2,26.0,75.6,57.1,Tier 3,True,False
501,chalopin_t,Thomas Chalopin,"Hematology Department, CHRU Tours, Tours, France.",France,4,0,3,0.75,0,0,0.17383097430009087,,"Frontiers in nuclear medicine, Blood cancer journal, Clinical hematology international",2023-2026,Europe,0,78.1,26.0,78.7,44.2,26.0,91.5,57.1,Tier 3,True,False
502,zheng_y,Yuhuan Zheng,"Department of Neurology, Second Affiliated Hospital, School of Medicine, Zhejiang University, Hangzhou 310009, China.",China,4,1,1,0.25,0,0,0.05396112737749838,"Receptors, Chimeric Antigen, Immunotherapy, Adoptive, Immunotherapy, T-Lymphocytes, Neurotoxicity Syndromes","Brain sciences, International immunopharmacology, ACS omega",2021-2025,Asia-Pacific,1,78.1,65.9,25.6,44.2,65.9,51.4,57.1,Tier 3,False,False
503,becnel_m,Melody R Becnel,"Department of Lymphoma/Myeloma, The University of Texas MD Anderson Cancer Center, Houston, TX.",USA,3,0,2,0.667,1,1,0.07210685253943844,"Retrospective Studies, Cyclophosphamide, Dexamethasone, Thrombocytopenia, Oligopeptides, Antibodies, Monoclonal","Clinical lymphoma, myeloma & leukemia, Transplantation and cellular therapy",2023-2025,North America,0,64.2,26.0,55.1,91.0,26.0,65.6,56.9,Tier 3,False,False
504,wiita_a,Arun P Wiita,"Department of Laboratory Medicine, University of California San Francisco, San Francisco, CA.",USA,2,2,2,1.0,0,0,0.08191844482967114,,"Blood neoplasia, bioRxiv : the preprint server for biology",2024-2026,North America,2,27.3,86.2,55.1,44.2,86.2,70.7,56.9,Tier 3,False,False
505,yang_w,Wei Yang,"Department of Hematology, Shengjing Hospital of China Medical University, Shenyang, China.",China,4,0,3,0.75,0,0,0.14376807917081694,"Bone Marrow, Leukemia, Myeloid, Acute, Myelodysplastic Syndromes, Plasma Cells, Dexamethasone, Neoplasm Recurrence, Local","Annals of palliative medicine, Annals of hematology, Cancer pathogenesis and therapy",2021-2025,Asia-Pacific,0,78.1,26.0,78.7,44.2,26.0,87.7,56.8,Tier 3,True,False
506,cook_j,Joselle Cook,"Division of Hematology, The Ottawa Hospital, Ottawa, ON, Canada.",Canada,3,0,2,0.667,1,0,0.06795558945076935,"Disease Management, Disease Progression, Risk Assessment, Smoldering Multiple Myeloma, Risk Factors, Immunotherapy, Adoptive","Hematology. American Society of Hematology. Education Program, Blood cancer journal, American journal of hematology",2021-2026,North America,0,64.2,26.0,55.1,91.0,26.0,63.3,56.7,Tier 3,False,False
507,dispenzieri_a,Angela Dispenzieri,"Division of Hematology, Mayo Clinic Rochester, Rochester, MN.",Unknown,3,0,2,0.667,3,0,0.053633234740057434,"Retrospective Studies, Hematopoietic Stem Cell Transplantation, In Situ Hybridization, Fluorescence, Transplantation, Autologous, Neoplasm Recurrence, Local, Disease Progression","Clinical lymphoma, myeloma & leukemia, Blood cancer journal, American journal of hematology",2023-2026,Unknown,0,64.2,26.0,55.1,97.4,26.0,51.1,56.7,Tier 3,False,False
508,puig_n,Noemi Puig,"Hematology Department, Hospital Universitario de Salamanca (HUSAL), IBSAL, IBMCC (USAL-CSIC), CIBERONC, Salamanca, Spain.",Spain,4,0,3,0.75,0,0,0.1365871321406872,"Influenza, Human, Prospective Studies, Hospitalization, Vaccination, Transplantation, Autologous, Monoclonal Gammopathy of Undetermined Significance","Clinical lymphoma, myeloma & leukemia, HemaSphere",2023-2026,Europe,0,78.1,26.0,78.7,44.2,26.0,86.9,56.7,Tier 3,True,False
509,janakiram_m,Murali Janakiram,"City of Hope, Duarte, CA, USA.",USA,2,2,2,1.0,0,0,0.07734509693583116,,"Clinical epidemiology, American journal of hematology",2026-2026,North America,2,27.3,86.2,55.1,44.2,86.2,68.6,56.6,Tier 3,False,False
510,minarik_j,Jiří Minařík,"Department of Hemato-Oncology, University Hospital Olomouc, Olomouc, Czech Republic.",Czech Republic,5,0,3,0.6,0,0,0.07868945869261287,"Czech Republic, Dexamethasone, Routinely Collected Health Data, Thalidomide, Progression-Free Survival, Retrospective Studies","Clinical lymphoma, myeloma & leukemia, Neoplasma, Blood cancer journal",2022-2026,Europe,0,85.1,26.0,78.7,44.2,26.0,69.2,56.6,Tier 3,False,False
511,tian_w,Wei-Wei Tian,"The Third Hospital of Shanxi Medical University, Shanxi Bethune Hospital, Shanxi Academy of Medical Sciences, Tongji Shanxi Hospital,Taiyuan 030000, Shanxi Province, China.",China,2,1,2,1.0,2,0,0.031311469560758795,"Retrospective Studies, Risk Factors, Hospitalization, Bortezomib, Infections, Antibodies, Monoclonal","Zhongguo shi yan xue ye xue za zhi, Cancer medicine",2024-2026,Asia-Pacific,1,27.3,65.9,55.1,95.2,65.9,26.2,56.5,Tier 3,False,False
512,bumma_n,Naresh Bumma,"Division of Hematology, The Ohio State University Wexner Medical Center, Columbus, OH.",USA,3,1,1,0.333,0,0,0.10308378679855183,"Melphalan, Hematopoietic Stem Cell Transplantation, Retrospective Studies, Prospective Studies, Transplantation, Autologous, Salvage Therapy","Clinical lymphoma, myeloma & leukemia, Journal of hematology",2023-2026,North America,1,64.2,65.9,25.6,44.2,65.9,79.7,56.5,Tier 3,False,False
513,qi_k,Keqin Qi,Janssen R&D LLC Titusville New Jersey USA.,USA,4,0,3,0.75,0,0,0.12248069844438558,"Lenalidomide, Antibodies, Monoclonal, Drug Resistance, Neoplasm, Progression-Free Survival, Neoplasm Recurrence, Local, Antibodies, Bispecific","EJHaem, European journal of cancer (Oxford, England : 1990), Clinical lymphoma, myeloma & leukemia",2022-2026,North America,0,78.1,26.0,78.7,44.2,26.0,84.6,56.4,Tier 3,True,False
514,cheng_y,Yuexin Cheng,"Department of Hematology, The First People's Hospital of Yancheng, The Yancheng Clinical College of Xuzhou Medical University, Yancheng, China.",China,3,1,2,0.667,0,0,0.0387803391780306,"Wnt Signaling Pathway, Animals, Mice, Dishevelled Proteins, Osteogenesis, Osteoclasts","Frontiers in oncology, Advanced science (Weinheim, Baden-Wurttemberg, Germany), Radiography (London, England : 1995)",2023-2026,Asia-Pacific,1,64.2,65.9,55.1,44.2,65.9,35.4,56.4,Tier 3,False,False
515,mailankody_s,Sham Mailankody,"Memorial Sloan Kettering Cancer Center, New York, NY.",USA,2,1,1,0.5,3,0,0.06887023043930733,"Receptors, Chimeric Antigen, Immunotherapy, Adoptive, T-Lymphocytes, Receptors, G-Protein-Coupled","The New England journal of medicine, bioRxiv : the preprint server for biology",2022-2025,North America,1,27.3,65.9,25.6,97.4,65.9,63.8,56.3,Tier 3,False,False
516,nishihori_t,Taiga Nishihori,"Department of Bone Marrow Transplantation, H. L. Moffitt Cancer Center and Research Institute, Tampa, FL.",Unknown,4,0,3,0.75,0,0,0.11626560526912015,"Anemia, Mutation, Myelodysplastic Syndromes, Myeloproliferative Disorders, Prognosis, Proto-Oncogene Proteins p21(ras)","Clinical lymphoma, myeloma & leukemia, Transplantation and cellular therapy, Blood",2022-2026,Unknown,0,78.1,26.0,78.7,44.2,26.0,83.1,56.3,Tier 3,True,False
517,hao_m,M Hao,"State Key Laboratory of Experimental Hematology, National Clinical Research Center for Blood Diseases, Haihe Laboratory of Cell Ecosystem, Institute of Hematology & Blood Diseases Hospital, Chinese Academy of Medical Sciences & Peking Union Medical College, Tianjin 300020, China.",China,3,2,1,0.333,0,0,0.0222583649562601,"Prognosis, MicroRNAs, Gene Expression Regulation, Neoplastic, Immunotherapy, Plasma Cells, Bone Marrow","Zhonghua xue ye xue za zhi = Zhonghua xueyexue zazhi, Frontiers in immunology",2022-2024,Asia-Pacific,2,64.2,86.2,25.6,44.2,86.2,14.8,56.1,Tier 3,False,False
518,lonial_s,Sagar Lonial,"Translational Genomics Research Institute, Phoenix, AZ 85004.",USA,3,0,2,0.667,1,0,0.05921446688072572,"Black or African American, Health Status Disparities, Healthcare Disparities, White, United States, Immunotherapy, Adoptive","Journal of the National Medical Association, Biomaterials, American Society of Clinical Oncology educational book. American Society of Clinical Oncology. Annual Meeting",2023-2026,North America,0,64.2,26.0,55.1,91.0,26.0,57.3,56.1,Tier 3,False,False
519,sharma_p,Praveen Sharma,"Department of Hematology, Post Graduate Institute of Medical Education and Research, Chandigarh, India.",India,3,2,1,0.333,0,0,0.022365256363877803,"Bone Marrow, Feasibility Studies, Flow Cytometry, Follow-Up Studies, Hematopoietic Stem Cell Transplantation, Induction Chemotherapy","Journal of cancer research and therapeutics, Indian journal of hematology & blood transfusion : an official journal of Indian Society of Hematology and Blood Transfusion, Journal of family medicine and primary care",2021-2024,Asia-Pacific,2,64.2,86.2,25.6,44.2,86.2,15.3,56.1,Tier 3,False,False
520,hillengass_j,Jens Hillengass,"Department of Medicine, Roswell Park Comprehensive Cancer Center, Buffalo, NY, United States of America. Electronic address: Jens.Hillengass@roswellpark.org.",USA,2,1,2,1.0,2,0,0.028219109313388283,"Magnetic Resonance Imaging, Positron Emission Tomography Computed Tomography, Tomography, X-Ray Computed","Presse medicale (Paris, France : 1983), European journal of nuclear medicine and molecular imaging",2025-2026,North America,1,27.3,65.9,55.1,95.2,65.9,22.6,56.1,Tier 3,False,False
521,sun_h,H Sun,"State Key Laboratory of Experimental Hematology, National Clinical Research Center for Blood Diseases, Haihe Laboratory of Cell Ecosystem, Institute of Hematology & Blood Diseases Hospital, Chinese Academy of Medical Sciences & Peking Union Medical College, Tianjin 300020, China.",China,5,0,3,0.6,0,0,0.06724128757559407,"Prognosis, MicroRNAs, Gene Expression Regulation, Neoplastic, Immunotherapy, Plasma Cells, Bone Marrow","Zhonghua xue ye xue za zhi = Zhonghua xueyexue zazhi, Frontiers in immunology, Bioorganic & medicinal chemistry letters",2022-2025,Asia-Pacific,0,85.1,26.0,78.7,44.2,26.0,62.9,56.0,Tier 3,False,False
522,verona_r,Raluca Verona,"Janssen Pharmaceutical Companies of Johnson & Johnson, Philadelphia, Pennsylvania.",USA,3,1,1,0.333,0,0,0.08973078977388305,"Antibodies, Bispecific, T-Lymphocytes, Amyloid Precursor Protein Secretases, Antineoplastic Agents, B-Cell Maturation Antigen, Leukemia, Lymphocytic, Chronic, B-Cell","Cancer research communications, The New England journal of medicine, Haematologica",2022-2026,North America,1,64.2,65.9,25.6,44.2,65.9,74.2,55.9,Tier 3,False,False
523,luo_z,Zimian Luo,"Department of Hematology, Xiangtan Central Hospital Xiangtan 411100, Hunan Province, China.",China,3,2,1,0.333,0,0,0.020212685206044977,"Apoptosis, Blotting, Western, Cell Line, Tumor, Cell Movement, Cell Proliferation, Cyclin-Dependent Kinase 6","American journal of translational research, Leukemia research, Cancer treatment and research communications",2021-2026,Asia-Pacific,2,64.2,86.2,25.6,44.2,86.2,12.0,55.8,Tier 3,False,False
524,bergantim_r,Rui Bergantim,Hematology Department ULS São João Porto Portugal.,Portugal,2,2,2,1.0,0,0,0.06305801158463331,,"EJHaem, Hematology reports",2024-2026,Europe,2,27.3,86.2,55.1,44.2,86.2,60.4,55.8,Tier 3,False,False
525,zeng_x,Xiangjun Zeng,"Bone Marrow Transplantation Center, The First Affiliated Hospital, Zhejiang University School of Medicine, Hangzhou, China.",China,4,0,3,0.75,0,0,0.09864724255827448,"Animals, Antibodies, Monoclonal, Cell Line, Tumor, Graft vs Host Disease, Graft vs Leukemia Effect, Healthy Volunteers","Frontiers in immunology, Annals of hematology, Nature cancer",2021-2026,Asia-Pacific,0,78.1,26.0,78.7,44.2,26.0,77.9,55.8,Tier 3,True,False
526,zonder_j,Jeffrey A Zonder,"Karmanos Cancer Institute, Detroit, Michigan, USA.",USA,3,0,1,0.333,2,0,0.1563831051516139,"Neoplasm Recurrence, Local, Bortezomib, Chromosome Aberrations, Chromosomes, Human, Pair 1, Dexamethasone, Dose-Response Relationship, Drug","Clinical lymphoma, myeloma & leukemia, Cancer medicine",2022-2026,North America,0,64.2,26.0,25.6,95.2,26.0,89.5,55.7,Tier 3,False,False
527,zhao_m,Min Zhao,"Department of Hematology, Affiliated Cancer Hospital of Zhengzhou University, Zhengzhou, China.",China,4,0,3,0.75,0,0,0.09603630351316984,"Antineoplastic Agents, Glutathione, Peripheral Nervous System Diseases, Retrospective Studies, Vitamin B 12, Animals","Annals of palliative medicine, Journal of multidisciplinary healthcare, Nature cancer",2021-2026,Asia-Pacific,0,78.1,26.0,78.7,44.2,26.0,77.0,55.7,Tier 3,True,False
528,xu_l,Linping Xu,"Department of Hematology, Affiliated Cancer Hospital of Zhengzhou University and Henan Cancer Hospital, Zhengzhou, Henan 450008, China.",China,3,1,2,0.667,0,0,0.03159927868986953,"Bone Marrow, Plasma Cells, Diagnostic Imaging, Bone and Bones, Neoplasm Recurrence, Local, Macrophages","Genes & diseases, Medicine, International immunopharmacology",2023-2024,Asia-Pacific,1,64.2,65.9,55.1,44.2,65.9,26.5,55.6,Tier 3,False,False
529,yang_t,Ting Yang,"Department of Hematology, Hainan Hospital of Chinese PLA General Hospital, Sanya, China.",China,3,1,1,0.333,0,0,0.07985881676013327,,"Translational cancer research, Life (Basel, Switzerland), Nature cancer",2021-2026,Asia-Pacific,1,64.2,65.9,25.6,44.2,65.9,69.7,55.5,Tier 3,False,False
530,buadi_f,Francis K Buadi,"Division of Hematology, Mayo Clinic Rochester, Rochester, MN.",Unknown,3,0,2,0.667,1,0,0.053633234740057434,"Retrospective Studies, Hematopoietic Stem Cell Transplantation, In Situ Hybridization, Fluorescence, Transplantation, Autologous, Neoplasm Recurrence, Local, Disease Progression","Clinical lymphoma, myeloma & leukemia, Blood cancer journal, American journal of hematology",2023-2026,Unknown,0,64.2,26.0,55.1,91.0,26.0,51.1,55.4,Tier 3,False,False
531,giuliani_n,Nicola Giuliani,"Department of Medicine and Surgery, University of Parma, 43126 Parma, Italy.",Italy,3,1,1,0.333,0,0,0.07804343991821845,"Bone Marrow, Plasma Cells, Paraproteinemias, Monoclonal Gammopathy of Undetermined Significance, Tumor Microenvironment, Lenalidomide","International journal of molecular sciences, The Lancet. Oncology, Annals of hematology",2022-2026,Europe,1,64.2,65.9,25.6,44.2,65.9,68.9,55.4,Tier 3,False,False
532,giannotta_c,Claudia Giannotta,"Laboratorio di Immunologia dei Tumori del Sangue (LITS), Centro Interdipartimentale di Biotecnologie Molecolari ""Guido Tarone"", Dipartimento di Biotecnologie Molecolari e Scienze della Salute, Università degli Studi di Torino, Torino, Italy.",Italy,3,2,0,0.0,0,0,0.03964917432248117,"Tumor Microenvironment, Myeloid-Derived Suppressor Cells, Immunosuppression Therapy, Cytokines, Hepatitis A Virus Cellular Receptor 2, Bone Marrow","Frontiers in immunology, medRxiv : the preprint server for health sciences",2022-2023,Europe,2,64.2,86.2,6.4,44.2,86.2,36.2,55.3,Tier 3,False,False
533,massaia_m,Massimo Massaia,"Laboratorio di Immunologia dei Tumori del Sangue (LITS), Centro Interdipartimentale di Biotecnologie Molecolari ""Guido Tarone"", Dipartimento di Biotecnologie Molecolari e Scienze della Salute, Università degli Studi di Torino, Torino, Italy.",Italy,3,2,0,0.0,0,0,0.03964917432248117,"Tumor Microenvironment, Myeloid-Derived Suppressor Cells, Immunosuppression Therapy, Cytokines, Hepatitis A Virus Cellular Receptor 2, Bone Marrow","Frontiers in immunology, medRxiv : the preprint server for health sciences",2022-2023,Europe,2,64.2,86.2,6.4,44.2,86.2,36.2,55.3,Tier 3,False,False
534,ramdial_j,Jeremy Ramdial,"Department of Stem Cell Transplantation and Cellular Therapy, The University of Texas MD Anderson Cancer Center, Houston, Texas, USA.",USA,4,0,4,1.0,0,0,0.06005545932765957,"Hematopoietic Stem Cell Transplantation, Transplantation, Autologous, Retrospective Studies, Neoplasm, Residual, Melphalan, Gemcitabine","Transplantation and cellular therapy, Cancer, American journal of hematology",2024-2026,North America,0,78.1,26.0,88.8,44.2,26.0,58.2,55.3,Tier 3,True,False
535,cao_j,Jing Cao,"Department of Laboratory Medicine, Affiliated Hospital of Nantong University, Nantong P.R. China.",China,3,1,2,0.667,0,0,0.029369730057732416,"Biomarkers, Tumor, Cell Line, Cell Line, Tumor, Gene Expression Regulation, Neoplastic, MicroRNAs, Prognosis","Bioengineered, Zhongguo shi yan xue ye xue za zhi, Frontiers in immunology",2021-2025,Asia-Pacific,1,64.2,65.9,55.1,44.2,65.9,23.9,55.3,Tier 3,False,False
536,srour_s,Samer Srour,"Department of Stem Cell Transplantation and Cellular Therapy, The University of Texas MD Anderson Cancer Center, Houston, Texas, USA.",USA,4,0,4,1.0,0,0,0.06005545932765957,"Hematopoietic Stem Cell Transplantation, Transplantation, Autologous, Retrospective Studies, Neoplasm, Residual, Melphalan, Gemcitabine","Transplantation and cellular therapy, Cancer, American journal of hematology",2024-2026,North America,0,78.1,26.0,88.8,44.2,26.0,58.2,55.3,Tier 3,True,False
537,gupta_p,Pooja Gupta,"Department of Pharmacology, All India Institute of Medical Sciences (AIIMS), New Delhi, India.",India,3,1,2,0.667,0,0,0.027818180229236246,"Biomarkers, Tumor, Bortezomib, Cross-Sectional Studies, Dexamethasone, Endoplasmic Reticulum Chaperone BiP, Pilot Projects","Neoplasma, Leukemia & lymphoma, Indian journal of hematology & blood transfusion : an official journal of Indian Society of Hematology and Blood Transfusion",2022-2025,Asia-Pacific,1,64.2,65.9,55.1,44.2,65.9,22.2,55.1,Tier 3,False,False
538,lin_j,Jiayi Lin,"Department of Cardiology, Affiliated Nanping First Hospital, Fujian Medical University, Nanping, China.",China,3,1,2,0.667,0,0,0.027123850238859312,"Diagnosis, Differential, Biomarkers, Tumor, Prognosis, 5-Methylcytosine, Cell-Free Nucleic Acids, Liquid Biopsy","Translational cancer research, Cancer medicine, Frontiers in oncology",2023-2026,Asia-Pacific,1,64.2,65.9,55.1,44.2,65.9,21.9,55.1,Tier 3,False,False
539,yu_h,Hongbin Yu,"Department of Hematology, West China Hospital, Sichuan University, Chengdu, People's Republic of China.",China,3,1,1,0.333,0,0,0.07374449909773188,"Cryoelectron Microscopy, ADP-ribosyl Cyclase 1, Antibodies, Monoclonal, Antineoplastic Agents, Lymphoma, Non-Hodgkin, Erythrocytes","Journal of hematology & oncology, Frontiers in endocrinology, Clinical cancer research : an official journal of the American Association for Cancer Research",2022-2026,Asia-Pacific,1,64.2,65.9,25.6,44.2,65.9,66.5,55.1,Tier 3,False,False
540,javaid_m,Muhammad Kassim Javaid,"Botnar Research Centre, The Nuffield Department of Orthopaedics Rheumatology and Musculoskeletal Sciences, University of Oxford, Oxford OX3 7LD, UK.",Unknown,3,1,1,0.333,0,0,0.06967737434468836,"T-Lymphocytes, COVID-19, COVID-19 Vaccines, Antibodies, Vaccination, Antibodies, Viral","Cancers, European journal of haematology, Frontiers in oncology",2022-2024,Unknown,1,64.2,65.9,25.6,44.2,65.9,64.2,54.9,Tier 3,False,False
541,shen_c,Chun-Hong Shen,"Department of Neurology, Second Affiliated Hospital, School of Medicine, Zhejiang University, Hangzhou 310009, China.",China,3,1,2,0.667,0,0,0.02382559984672626,"Enhancer of Zeste Homolog 2 Protein, DEAD-box RNA Helicases, Prognosis, Gene Expression Regulation, Neoplastic, Biomarkers, Tumor, Transcriptome","Brain sciences, Hematology (Amsterdam, Netherlands), BMC cancer",2021-2025,Asia-Pacific,1,64.2,65.9,55.1,44.2,65.9,17.1,54.6,Tier 3,False,False
542,xie_y,Ying Xie,"Department of Physiology and Pathophysiology, School of Basic Medical Science, Tianjin Medical University, Tianjin, China.",China,4,0,3,0.75,0,0,0.07260947397659213,"Animals, Mice, Cell Line, Tumor, Xenograft Model Antitumor Assays, Cell Proliferation, Antineoplastic Agents","Frontiers in oncology, Biochemical pharmacology, Frontiers of medicine",2021-2026,Asia-Pacific,0,78.1,26.0,78.7,44.2,26.0,65.9,54.6,Tier 3,True,False
543,moukalled_n,Nour Moukalled,"Bone Marrow Transplantation Program, Department of Internal Medicine, American University of Beirut Medical Center, Beirut, Lebanon.",Lebanon,3,1,2,0.667,0,0,0.02171077387077776,"Neoplasm, Residual, Prognosis, Flow Cytometry","Frontiers in transplantation, Presse medicale (Paris, France : 1983), Bone marrow transplantation",2022-2026,Middle East / GCC,1,64.2,65.9,55.1,44.2,65.9,14.4,54.3,Tier 3,False,False
544,khadwal_a,Alka Khadwal,"Department of Clinical Hematology and Medical Oncology, Postgraduate Institute of Medical Education and Research, Sector 12, 160012 Chandigarh, India.",India,3,1,2,0.667,0,0,0.021002483350985528,,Indian journal of hematology & blood transfusion : an official journal of Indian Society of Hematology and Blood Transfusion,2023-2025,Asia-Pacific,1,64.2,65.9,55.1,44.2,65.9,13.9,54.3,Tier 3,False,False
545,yuan_s,Shuai Yuan,"Unit of Cardiovascular and Nutritional Epidemiology, Institute of Environmental Medicine, Karolinska Institutet, Stockholm, Sweden.",Sweden,3,2,0,0.0,0,0,0.03050148362532778,"Mendelian Randomization Analysis, Polymorphism, Single Nucleotide, Kidney Neoplasms, Nails, Selenium, Genome-Wide Association Study","International journal of cancer, Arthritis research & therapy, Zhonghua xue ye xue za zhi = Zhonghua xueyexue zazhi",2022-2023,Europe,2,64.2,86.2,6.4,44.2,86.2,25.4,54.3,Tier 3,False,False
546,khan_a,Abdullah M Khan,"Division of Hematology, The Ohio State University Wexner Medical Center, Columbus, OH. Electronic address: Abdullah.Khan@osumc.edu.",USA,2,1,1,0.5,2,0,0.0500874622283863,"Melphalan, Hematopoietic Stem Cell Transplantation, Retrospective Studies, Prospective Studies, Transplantation, Autologous, Salvage Therapy","Clinical lymphoma, myeloma & leukemia, Expert review of hematology",2023-2026,North America,1,27.3,65.9,25.6,95.2,65.9,47.6,54.2,Tier 3,False,False
547,nishimura_n,Noriko Nishimura,"Division of Hematology/Oncology, Cancer Institute Hospital, Japanese Foundation for Cancer Research, Japan.",Japan,2,2,1,0.5,0,0,0.14800369613337055,"Plasmacytoma, Gallbladder Neoplasms, Translocation, Genetic, Antibodies, Monoclonal, Immunoglobulin Light-chain Amyloidosis, Retrospective Studies","Internal medicine (Tokyo, Japan), Clinical and experimental medicine",2023-2025,Asia-Pacific,2,27.3,86.2,25.6,44.2,86.2,88.5,54.2,Tier 3,False,False
548,biran_n,Noa Biran,Hackensack Meridian Health John Theurer Cancer Center Hackensack New Jersey USA.,USA,2,1,1,0.5,1,0,0.057326098518699284,"Neoplasm Recurrence, Local, Antibodies, Bispecific","EJHaem, Clinical lymphoma, myeloma & leukemia",2021-2026,North America,1,27.3,65.9,25.6,91.0,65.9,55.4,54.2,Tier 3,False,False
549,fulciniti_m,Mariateresa Fulciniti,"Department of Medical Oncology, Dana Farber Cancer Institute, Harvard Medical School, Boston, MA, 02115, USA.",USA,3,1,1,0.333,0,0,0.05885690108412542,"Alternative Splicing, RNA Splicing Factors, Exons, Serine-Arginine Splicing Factors","Blood cancer journal, Frontiers in oncology, Blood",2022-2026,North America,1,64.2,65.9,25.6,44.2,65.9,57.0,54.2,Tier 3,False,False
550,wei_y,Yongqiang Wei,"Department of Hematology, Nanfang Hospital, Southern Medical University, Guangzhou, China.",China,4,0,3,0.75,0,0,0.06438692555836979,"Drug Resistance, Neoplasm, Doxorubicin, Apoptosis, Animals, Pyroptosis, Cell Line, Tumor","Translational cancer research, Acta pharmaceutica Sinica. B, Blood neoplasia",2021-2026,Asia-Pacific,0,78.1,26.0,78.7,44.2,26.0,60.8,54.1,Tier 3,True,False
551,zhou_s,Shuang Zhou,"Department of Rheumatology and Clinical Immunology, National Clinical Research Center for Dermatologic and Immunologic Diseases, Peking Union Medical College Hospital, Chinese Academy of Medical Sciences and Peking Union Medical College, The Ministry of Education Key Laboratory, Beijing 100730, China.",China,3,1,2,0.667,0,0,0.018738659427271005,"Bortezomib, Dexamethasone, Drug Resistance, Neoplasm, Natural Killer T-Cells, Lymphocyte Count, T-Lymphocyte Subsets","Rheumatology and immunology research, Frontiers in oncology, Clinical laboratory",2022-2026,Asia-Pacific,1,64.2,65.9,55.1,44.2,65.9,10.4,54.0,Tier 3,False,False
552,boccadoro_m,Mario Boccadoro,"Division of Hematology, University of Torino, Torino, Italy.",Italy,3,0,0,0.0,6,0,0.18222128126560258,"Influenza, Human, Prospective Studies, Hospitalization, Vaccination, Lenalidomide, Neoplasm, Residual","Clinical lymphoma, myeloma & leukemia, The Lancet. Oncology, medRxiv : the preprint server for health sciences",2023-2023,Europe,0,64.2,26.0,6.4,99.6,26.0,92.3,54.0,Tier 3,False,False
553,mandal_p,Prakas Kumar Mandal,"Department of Haematology, Nil Ratan Sircar Medical College and Hospital, Kolkata, India.",India,2,2,1,0.5,0,0,0.13005148510650733,"Proteasome Inhibitors, Endothelial Cells, Oligopeptides, Bortezomib, Apoptosis, Proteotoxic Stress","Blood cell therapy, Frontiers in immunology",2022-2026,Asia-Pacific,2,27.3,86.2,25.6,44.2,86.2,86.0,54.0,Tier 3,False,False
554,wang_a,An-Jin Wang,"Department of Gynecological Oncology, Zhongnan Hospital of Wuhan University, Wuhan, Hubei, China.",China,3,1,1,0.333,0,0,0.05665628293068602,,"Frontiers in pharmacology, Frontiers in oncology",2022-2025,Asia-Pacific,1,64.2,65.9,25.6,44.2,65.9,54.6,54.0,Tier 3,False,False
555,gu_j,J L Gu,"Department of Hematology, The First Affiliated Hospital, Sun Yat-sen University, Guangzhou, Guangdong 510080, China.",China,4,1,1,0.25,0,0,0.02536198707600926,"Hematopoietic Stem Cell Transplantation, Retrospective Studies, Transplantation, Autologous, Induction Chemotherapy, Liposomes, Disease-Free Survival","Zhonghua xue ye xue za zhi = Zhonghua xueyexue zazhi, Frontiers in oncology, Annals of medicine",2022-2024,Asia-Pacific,1,78.1,65.9,25.6,44.2,65.9,19.4,53.9,Tier 3,False,False
556,shpall_e,Elizabeth J Shpall,"Department of Stem Cell Transplantation and Cellular Therapy, The University of Texas MD Anderson Cancer Center, Houston, Texas.",USA,4,0,3,0.75,0,0,0.06161397361296242,"Hematopoietic Stem Cell Transplantation, Retrospective Studies, Transplantation, Autologous, Hematopoietic Stem Cell Mobilization, Heterocyclic Compounds, Antigens, CD34","Transplantation and cellular therapy, Cancer",2023-2026,North America,0,78.1,26.0,78.7,44.2,26.0,59.5,53.9,Tier 3,True,False
557,yu_y,Yalan Yu,"The Department of Hematology, Zhongnan Hospital of Wuhan University, 430062, China.",China,4,0,3,0.75,0,0,0.060549828233457975,"Thalidomide, Animals, Tumor Microenvironment, Mice, Immunotherapy, Adoptive, Xenograft Model Antitumor Assays","Biomedical optics express, Cancer immunology, immunotherapy : CII, Clinical cancer research : an official journal of the American Association for Cancer Research",2022-2026,Asia-Pacific,0,78.1,26.0,78.7,44.2,26.0,58.7,53.9,Tier 3,True,False
558,carson_r,Robin Carson,"Janssen Research & Development, Wayne, PA, USA.",USA,3,0,3,1.0,0,0,0.18329554684295774,"Lenalidomide, Antibodies, Monoclonal, Drug Resistance, Neoplasm, Progression-Free Survival","European journal of cancer (Oxford, England : 1990), Blood advances, The New England journal of medicine",2025-2026,North America,0,64.2,26.0,78.7,44.2,26.0,92.4,53.7,Tier 3,True,False
559,vincent_l,Laure Vincent,"Department of Hematology and Immunology, Vrije Universiteit Brussel (VUB), Brussels, Belgium.",Belgium,4,0,2,0.5,0,0,0.17590028770238164,"RecQ Helicases, Melphalan, DNA Repair, Drug Resistance, Antineoplastic Agents, Physicians","Frontiers in immunology, Frontiers in oncology, Advances in therapy",2022-2026,Europe,0,78.1,26.0,55.1,44.2,26.0,91.6,53.6,Tier 3,False,False
560,lee_a,Ainsley Ryan Yan Bin Lee,"Yong Loo Lin School of Medicine, National University of Singapore, Singapore, Singapore.",Singapore,2,1,2,1.0,1,0,0.013353115727002967,,"Blood neoplasia, Transplantation and cellular therapy",2024-2026,Asia-Pacific,1,27.3,65.9,55.1,91.0,65.9,4.3,53.5,Tier 3,False,False
561,binder_m,Moritz Binder,"Division of Hematology with Stem Cell Transplantation, Hemostaseology and Medical Oncology, Department of Internal Medicine I, Ordensklinikum Linz, Fadingerstrasse 1, 4020 Linz, Austria.",Austria,4,0,2,0.5,0,0,0.1666740390363753,"Muscle, Skeletal, Sarcopenia, Prognosis, Anemia, Renal Insufficiency, Retrospective Studies","Blood cancer journal, Cancers, American journal of hematology",2023-2026,Europe,0,78.1,26.0,55.1,44.2,26.0,90.7,53.5,Tier 3,False,False
562,jin_f,Fengyan Jin,"Hematology Department, First Hospital of Jilin University, Changchun, Jilin, China.",China,2,1,1,0.5,2,0,0.043839849567617314,"Neoplasm, Residual, Chromosome Aberrations, Prognosis, China, Retrospective Studies","American journal of hematology, BMC cancer",2023-2024,Asia-Pacific,1,27.3,65.9,25.6,95.2,65.9,40.5,53.5,Tier 3,False,False
563,martinezcliment_j,Jose A Martinez-Climent,"Center for Applied Medical Research CIMA, Cancer Center University of Navarra, Navarra Institute for Health Research (IDISNA), Centro de Investigation Biomedica en Red (CIBERONC), Pamplona, Spain.",Spain,3,0,3,1.0,0,0,0.1546239770466683,,"Blood neoplasia, bioRxiv : the preprint server for biology, Blood",2025-2026,Europe,0,64.2,26.0,78.7,44.2,26.0,89.3,53.4,Tier 3,True,False
564,kobos_r,Rachel Kobos,"Janssen Research & Development, Raritan, NJ, USA.",USA,3,0,3,1.0,0,0,0.14737731484915967,"Antineoplastic Agents, Physicians, Prospective Studies, Comparative Effectiveness Research","Advances in therapy, Haematologica, The New England journal of medicine",2024-2026,North America,0,64.2,26.0,78.7,44.2,26.0,88.2,53.3,Tier 3,True,False
565,schub_n,Natalie Schub,"Division for Stem Cell Transplantation and Immunotherapy, University Hospital of Schleswig-Holstein, 24105 Kiel, Germany.",Germany,3,0,3,1.0,0,0,0.1331229017967636,"Exome Sequencing, Pilot Projects, Mutation, Prognosis, DNA Mutational Analysis","International journal of molecular sciences, Blood cancer journal, Journal of hematology & oncology",2024-2026,Europe,0,64.2,26.0,78.7,44.2,26.0,86.6,53.2,Tier 3,True,False
566,zhou_z,Zeping Zhou,"Department of Hematology, The Second Affiliated Hospital of Kunming Medical University, Kunming, Yunnan 650504, China.",China,3,0,3,1.0,0,0,0.13546097888577802,,"Cancer pathogenesis and therapy, Translational cancer research, Current medical research and opinion",2024-2026,Asia-Pacific,0,64.2,26.0,78.7,44.2,26.0,86.7,53.2,Tier 3,True,False
567,edwards_c,Claire M Edwards,"Nuffield Department of Surgical Sciences, University of Oxford, Oxford, UK; Oxford Centre for Translational Myeloma Research, University of Oxford, Oxford, UK; Nuffield Department of Orthopaedics, Rheumatology and Musculoskeletal Sciences, University of Oxford, Oxford, UK. Electronic address: claire.edwards@ndorms.ox.ac.uk.",Unknown,3,1,0,0.0,0,0,0.09392116337929332,"TNF Receptor-Associated Factor 3, Quality of Life, Osteoclasts, Bone Diseases, Autophagy, Glycosphingolipids","Translational oncology, Cancers, Nature communications",2022-2022,Unknown,1,64.2,65.9,6.4,44.2,65.9,75.8,53.2,Tier 3,False,False
568,bhutani_m,Manisha Bhutani,"Atrium Health Levine Cancer Institute, Charlotte, NC.",Unknown,2,2,0,0.0,2,0,0.012350481641336591,"Black or African American, Healthcare Disparities, Health Status Disparities, White, United States, Delivery of Health Care","Journal of the National Medical Association, Blood cancer journal",2023-2023,Unknown,2,27.3,86.2,6.4,95.2,86.2,4.0,53.1,Tier 3,False,False
569,pianko_m,Matthew J Pianko,"Division of Hematology/Oncology, Department of Internal Medicine, University of Michigan, Ann Arbor, MI 48109.",USA,3,0,3,1.0,0,0,0.13252561525742912,"Animals, Mice, Immunity, Cellular, Plasma Cells, Mice, Inbred C57BL, T-Lymphocytes","Proceedings of the National Academy of Sciences of the United States of America, Clinical lymphoma, myeloma & leukemia, European journal of haematology",2024-2026,North America,0,64.2,26.0,78.7,44.2,26.0,86.3,53.1,Tier 3,True,False
570,xu_m,Meng Xu,"Department of Orthopedics, Forth Medical Center of PLA General Hospital 100048, Beijing, China.",China,3,0,3,1.0,0,0,0.1322981476974993,"Wnt Signaling Pathway, Animals, Mice, Dishevelled Proteins, Osteogenesis, Osteoclasts","Cancer pathogenesis and therapy, Advanced science (Weinheim, Baden-Wurttemberg, Germany), Current medical research and opinion",2025-2026,Asia-Pacific,0,64.2,26.0,78.7,44.2,26.0,86.2,53.1,Tier 3,True,False
571,yoshihara_s,Satoshi Yoshihara,"Division of Hematology, Department of Internal Medicine Hyogo College of Medicine Hyogo Japan.",Japan,4,0,2,0.5,0,0,0.12868126260611454,,"EJHaem, Therapeutic advances in hematology, Blood neoplasia",2021-2025,Asia-Pacific,0,78.1,26.0,55.1,44.2,26.0,85.8,53.0,Tier 3,False,False
572,basu_s,Supratik Basu,"Department of Haematology, University of Wolverhampton, Royal Wolverhampton NHS Trust, Wolverhampton, UK.",Unknown,3,0,3,1.0,0,0,0.12499184415786935,"T-Lymphocytes, COVID-19, COVID-19 Vaccines, Antibodies, Vaccination, Antibodies, Viral","European journal of haematology, EJHaem, Blood advances",2024-2026,Unknown,0,64.2,26.0,78.7,44.2,26.0,85.2,53.0,Tier 3,True,False
573,boquoi_a,Amelie Boquoi,"Department of Hematology and Stem Cell Transplantation, West German Cancer Center and German Cancer consortium (DKTK partner site Essen), University Hospital Essen, University of Duisburg-Essen, Essen, Germany.",Germany,3,0,3,1.0,0,0,0.11805793301733189,,"Journal of clinical oncology : official journal of the American Society of Clinical Oncology, Blood cancer journal",2026-2026,Europe,0,64.2,26.0,78.7,44.2,26.0,83.5,52.9,Tier 3,True,False
574,augustson_b,Bradley Augustson,"Haematology, Sir Charles Gairdner Hospital, Perth, Western Australia, Australia.",Australia,3,0,3,1.0,0,0,0.12038308506182058,"Cytogenetic Analysis, Chromosome Aberrations, Prognosis, In Situ Hybridization, Fluorescence","Clinical lymphoma, myeloma & leukemia, British journal of haematology, The New England journal of medicine",2026-2026,Asia-Pacific,0,64.2,26.0,78.7,44.2,26.0,84.3,52.9,Tier 3,True,False
575,wu_s,Susan Y Wu,"Department of Radiation Oncology, The University of Texas MD Anderson Cancer Center, Houston, Texas.",USA,3,1,1,0.333,0,0,0.04671678013776374,"Retrospective Studies, Hematopoietic Stem Cell Transplantation, Hematopoietic Stem Cell Mobilization, Heterocyclic Compounds, Transplantation, Autologous, Antigens, CD34","Transplantation and cellular therapy, Medicine, Clinical lymphoma, myeloma & leukemia",2023-2025,North America,1,64.2,65.9,25.6,44.2,65.9,43.8,52.9,Tier 3,False,False
576,yu_d,Dandan Yu,"Department of Hematology, Shanghai Tenth People's Hospital, Tongji University School of Medicine, Shanghai 200072, China.",China,3,0,3,1.0,0,0,0.11581919152055864,"Neoplasm Recurrence, Local, Macrophages, Th1 Cells, Immunomodulation, ATPases Associated with Diverse Cellular Activities, Cantharidin","International immunopharmacology, Bioorganic & medicinal chemistry letters, Blood cancer journal",2024-2025,Asia-Pacific,0,64.2,26.0,78.7,44.2,26.0,82.9,52.8,Tier 3,True,False
577,fang_p,Penny Q Fang,"Department of Radiation Oncology, The University of Texas MD Anderson Cancer Center, Houston, Texas.",USA,2,1,1,0.5,1,0,0.044946495951236766,"Retrospective Studies, Hematopoietic Stem Cell Transplantation, Hematopoietic Stem Cell Mobilization, Heterocyclic Compounds, Transplantation, Autologous, Antigens, CD34","Transplantation and cellular therapy, Clinical lymphoma, myeloma & leukemia",2023-2025,North America,1,27.3,65.9,25.6,91.0,65.9,42.3,52.8,Tier 3,False,False
578,qin_x,Xifeng Qin,"School of Pharmacy, Fudan University, Key Laboratory of Smart Drug Delivery, Ministry of Education, 826 Zhangheng Road, Shanghai, 201203, China.",China,3,0,3,1.0,0,0,0.11185664059502942,"Animals, Liposomes, Mice, Neutrophils, Bone Marrow, Oligopeptides","Advanced science (Weinheim, Baden-Wurttemberg, Germany), International journal of hematology, Cancer treatment and research communications",2025-2026,Asia-Pacific,0,64.2,26.0,78.7,44.2,26.0,81.8,52.7,Tier 3,True,False
579,sun_z,Zao-Xi Sun,"Department of Surgery, The First Affiliated Hospital, National Clinical Skills Experimental Teaching Demonstration Center, Hainan Medical University, Haikou, China.",China,4,0,2,0.5,0,0,0.11580650066085857,"Chromatin, Proteasome Inhibitors, Proteasome Endopeptidase Complex, Genes, myc, Histone Deacetylase 3","Translational cancer research, Cancer research communications, ACS pharmacology & translational science",2021-2026,Asia-Pacific,0,78.1,26.0,55.1,44.2,26.0,82.9,52.7,Tier 3,False,False
580,deng_z,Zhendong Deng,"Nanjing Hospital of Chinese Medicine affiliated to Nanjing University of Chinese Medicine, Nanjing, 210022, China.",China,2,2,2,1.0,0,0,0.03273104070533508,"Animals, Mice, Cell Line, Tumor, Cell Proliferation, Wnt Signaling Pathway, Dishevelled Proteins","Advanced science (Weinheim, Baden-Wurttemberg, Germany), Drug resistance updates : reviews and commentaries in antimicrobial and anticancer chemotherapy",2025-2026,Asia-Pacific,2,27.3,86.2,55.1,44.2,86.2,27.7,52.6,Tier 3,False,False
581,abonour_r,Rafat Abonour,"Indiana University School of Medicine, Indianapolis, IN.",USA,4,0,2,0.5,0,0,0.109021113956479,"Prospective Studies, Influenza, Human, Hospitalization, Vaccination, Quality of Life, Registries","Clinical lymphoma, myeloma & leukemia, Seminars in hematology",2023-2025,North America,0,78.1,26.0,55.1,44.2,26.0,81.4,52.6,Tier 3,False,False
582,hanel_m,Mathias Hänel,"Department of Internal Medicine III, Klinikum Chemnitz, Chemnitz, Germany.",Germany,3,0,3,1.0,0,0,0.10297402987730925,,"Journal of clinical oncology : official journal of the American Society of Clinical Oncology, Journal of hematology & oncology",2026-2026,Europe,0,64.2,26.0,78.7,44.2,26.0,79.6,52.5,Tier 3,True,False
583,sauer_s,Sandra Sauer,"Heidelberg Myeloma Center, Department of Internal Medicine V, Heidelberg University Hospital, Medical Faculty Heidelberg, Heidelberg University, Heidelberg, Germany.",Germany,3,0,3,1.0,0,0,0.10456229156270401,"Magnetic Resonance Imaging, Whole Body Imaging, Prognosis, Neoplasm Recurrence, Local, Bone Marrow, Drug Resistance, Neoplasm","Leukemia, European journal of nuclear medicine and molecular imaging, Journal of hematology & oncology",2026-2026,Europe,0,64.2,26.0,78.7,44.2,26.0,80.2,52.5,Tier 3,True,False
584,schroers_r,Roland Schroers,"Department of Hematology and Oncology, Knappschaft Kliniken, Ruhr-University Bochum, Bochum, Germany.",Germany,3,0,3,1.0,0,0,0.10297402987730925,,"Journal of clinical oncology : official journal of the American Society of Clinical Oncology, Journal of hematology & oncology",2026-2026,Europe,0,64.2,26.0,78.7,44.2,26.0,79.6,52.5,Tier 3,True,False
585,ali_n,Nicole Ali,"Department of Surgery, Transplant Institute, New York University Langone Health, New York, New York.",USA,3,0,3,1.0,0,0,0.10442267825373877,"Kidney Transplantation, Antibodies, Monoclonal, Humanized, Kidney, Isoantibodies, Antilymphocyte Serum","Journal of the American Society of Nephrology : JASN, EJHaem, Blood advances",2024-2026,North America,0,64.2,26.0,78.7,44.2,26.0,80.2,52.5,Tier 3,True,False
586,deavila_g,Gabriel De Avila,"Moffitt Cancer Center, Tampa, Florida.",USA,3,0,3,1.0,0,0,0.10036649171466383,"Receptors, Chimeric Antigen, Immunotherapy, Adoptive, Neoplasms, Plasma Cell, Albumins","Transplantation and cellular therapy, Blood, Cancer research",2024-2026,North America,0,64.2,26.0,78.7,44.2,26.0,78.8,52.4,Tier 3,True,False
587,mitsiades_c,Constantine S Mitsiades,"Department of Medical Oncology, Dana-Farber Cancer Institute, Harvard Medical School, Boston, MA 02215, USA.",USA,3,0,3,1.0,0,0,0.10251258309912316,"Bone Morphogenetic Protein 6, Osteogenesis, Mesenchymal Stem Cells, Bone Diseases, Animals, Cell Proliferation","Biomolecules, Blood, Nature chemical biology",2025-2026,North America,0,64.2,26.0,78.7,44.2,26.0,79.4,52.4,Tier 3,True,False
588,tang_m,Man Wai Tang,"Department of Hematology, Amsterdam UMC, Amsterdam, the Netherlands.",Netherlands,4,0,3,0.75,0,0,0.04584757214914887,"Consolidation Chemotherapy, Hematopoietic Stem Cell Transplantation, Melphalan, Stem Cell Transplantation, Transplantation Conditioning, Transplantation, Autologous","British journal of haematology, Frontiers in medicine, Journal of visualized experiments : JoVE",2022-2026,Europe,0,78.1,26.0,78.7,44.2,26.0,43.0,52.3,Tier 3,True,False
589,trautmanngrill_k,Karolin Trautmann-Grill,"Department of Internal Medicine I, University Hospital Dresden, TU Dresden, Germany.",Germany,3,0,3,1.0,0,0,0.09837812715626842,,"Journal of clinical oncology : official journal of the American Society of Clinical Oncology, Haematologica",2026-2026,Europe,0,64.2,26.0,78.7,44.2,26.0,77.8,52.3,Tier 3,True,False
590,yuan_h,Haibin Yuan,"Department of Biochemical Engineering, School of Chemical Engineering and Technology, Tianjin University, Tianjin, China.",China,4,0,3,0.75,0,0,0.044727083132315416,"Animals, Autoimmune Diseases, Communicable Diseases, Immunomodulation, Molecular Imaging, Molecular Targeted Therapy","Frontiers in immunology, Biomolecules, Patient preference and adherence",2021-2026,Asia-Pacific,0,78.1,26.0,78.7,44.2,26.0,41.8,52.2,Tier 3,True,False
591,midha_s,Shonali Midha,"Department of Medical Oncology, Dana-Farber Cancer Institute, Harvard Medical School, Boston, MA. Electronic address: shonali_midha@dfci.harvard.edu.",Unknown,3,1,1,0.333,0,0,0.04034603047083873,"Paraproteinemias, Kidney Diseases, Kidney, Monoclonal Gammopathy of Undetermined Significance","Seminars in nephrology, Cancers, Haematologica",2022-2026,Unknown,1,64.2,65.9,25.6,44.2,65.9,37.3,52.2,Tier 3,False,False
592,roccia_t,Tito Roccia,"Janssen Global Services, Raritan, NJ.",Unknown,3,0,3,1.0,0,0,0.09697272480713633,"Neoplasm Recurrence, Local, Progression-Free Survival, Prospective Studies, Proteasome Inhibitors, Lenalidomide, Antibodies, Monoclonal","Clinical lymphoma, myeloma & leukemia, European journal of cancer (Oxford, England : 1990)",2024-2026,Unknown,0,64.2,26.0,78.7,44.2,26.0,77.2,52.2,Tier 3,True,False
593,morgan_g,Gareth J Morgan,"Perlmutter Cancer Center, NYU Langone Health, New York, USA.",USA,2,1,1,0.5,1,1,0.03849585302419473,"Lenalidomide, Vorinostat, Dexamethasone, Risk Factors, Molecular Targeted Therapy, Mutation","British journal of haematology, American Society of Clinical Oncology educational book. American Society of Clinical Oncology. Annual Meeting",2023-2026,North America,1,27.3,65.9,25.6,91.0,65.9,34.6,52.1,Tier 3,False,False
594,roeloffzen_w,Wilfried W H Roeloffzen,"Department of Hematology, University of Groningen, University Medical Center Groningen, Groningen, The Netherlands.",Netherlands,3,0,3,1.0,0,0,0.09376531271712617,"Transplantation, Autologous, Retrospective Studies, Hematopoietic Stem Cell Transplantation, Consolidation Chemotherapy, Prognosis, Melphalan","Clinical lymphoma, myeloma & leukemia, The New England journal of medicine",2025-2026,Europe,0,64.2,26.0,78.7,44.2,26.0,75.7,52.1,Tier 3,True,False
595,hu_k,Ke Hu,"Department of Hematology, Shanghai East Hospital, Tongji University School of Medicine, Shanghai 200120, China.",China,3,0,3,1.0,0,0,0.09242240952327539,"Neoplasm Recurrence, Local, Macrophages, Th1 Cells, Immunomodulation, ATPases Associated with Diverse Cellular Activities, Cantharidin","International immunopharmacology, Bioorganic & medicinal chemistry letters, Nature cancer",2024-2026,Asia-Pacific,0,64.2,26.0,78.7,44.2,26.0,75.2,52.0,Tier 3,True,False
596,zhu_m,Menglei Zhu,"Diagnostic Molecular Pathology, Department of Pathology and Laboratory Medicine, Memorial Sloan Kettering Cancer Center, New York, New York; Hematopathology Service, Department of Pathology and Laboratory Medicine, Memorial Sloan Kettering Cancer Center, New York, New York.",USA,3,0,3,1.0,0,0,0.09061287511148515,"Reproducibility of Results, Leukemia, Lymphocytic, Chronic, B-Cell, High-Throughput Nucleotide Sequencing, Neoplasm, Residual, Immunotherapy, Adoptive, Receptors, Chimeric Antigen","The Journal of molecular diagnostics : JMD, Biomaterials, Zhongguo shi yan xue ye xue za zhi",2024-2025,North America,0,64.2,26.0,78.7,44.2,26.0,74.5,52.0,Tier 3,True,False
597,lecalloch_r,Ronan Le Calloch,"Médecine Interne, Maladies Infectieuses et Maladies du Sang, CH de Cornouaille Quimper France.",France,3,0,3,1.0,0,0,0.09191783202469153,,"EJHaem, Blood cancer journal, Clinical hematology international",2024-2026,Europe,0,64.2,26.0,78.7,44.2,26.0,75.0,52.0,Tier 3,True,False
598,gergis_u,Usama Gergis,"Tomas Jefferson University Sidney Kimmel Medical College, United States.",USA,2,2,0,0.0,1,0,0.00890207715133531,"Receptors, Chimeric Antigen, T-Lymphocytes, Hematologic Neoplasms, Receptors, Antigen, T-Cell, Precursor B-Cell Lymphoblastic Leukemia-Lymphoma, Hematopoietic Stem Cell Transplantation",Hematology/oncology and stem cell therapy,2022-2022,North America,2,27.3,86.2,6.4,91.0,86.2,1.4,52.0,Tier 3,False,False
599,chabannon_c,C Chabannon,"Aix-Marseille université, Inserm CBT-1409, Institut Paoli-Calmettes, centre de thérapie cellulaire, unité de transplantation et de thérapie cellulaire, département de biologie du cancer, Marseille, France.",France,2,1,0,0.0,1,0,0.06565198443169984,"Immunotherapy, Adoptive, Receptors, Chimeric Antigen, Accreditation, Bone Marrow, Hematology, Receptors, Antigen, T-Cell","Annals of oncology : official journal of the European Society for Medical Oncology, Bulletin du cancer",2021-2022,Europe,1,27.3,65.9,6.4,91.0,65.9,61.8,51.9,Tier 3,False,False
600,rosinol_l,Laura Rosiñol,"Department of Hematology Hospital Clinic of Barcelona, Instituto de Investigaciones Biomédicas August Pi I Sunyer (IDIBAPS) Barcelona Spain.",Spain,3,0,3,1.0,0,0,0.08540832053453956,,"HemaSphere, British journal of haematology",2024-2026,Europe,0,64.2,26.0,78.7,44.2,26.0,72.6,51.8,Tier 3,True,False
601,leypoldt_l,Lisa B Leypoldt,"Department of Hematology, Oncology and Bone Marrow Transplantation with Section of Pneumology, University Medical Center Hamburg-Eppendorf, 20521 Hamburg, Germany.",Germany,3,0,3,1.0,0,0,0.08614108301371443,"Exome Sequencing, Pilot Projects, Mutation, Prognosis, DNA Mutational Analysis","Journal of clinical oncology : official journal of the American Society of Clinical Oncology, International journal of molecular sciences",2024-2026,Europe,0,64.2,26.0,78.7,44.2,26.0,72.7,51.8,Tier 3,True,False
602,hagner_p,Patrick R Hagner,"Bristol Myers Squibb, Translational Development, Summit, NJ.",Unknown,2,1,2,1.0,0,0,0.10816188622159265,,"Blood neoplasia, bioRxiv : the preprint server for biology",2025-2026,Unknown,1,27.3,65.9,55.1,44.2,65.9,81.3,51.8,Tier 3,False,False
603,arnulf_b,Bertrand Arnulf,"AP-HP, Nord/université de Paris, hôpital Saint Louis, service d'immuno-hématologie, Myosotis 4, 1, avenue Claude-Vellefaux, 75010 Paris, France. Electronic address: bertrand.arnulf@aphp.fr.",France,3,1,0,0.0,0,0,0.06469716980443606,"Antineoplastic Agents, Immunological, B-Cell Maturation Antigen, Cell Membrane, Disease Progression, Immunotherapy, Adoptive, Memory T Cells","Bulletin du cancer, Kidney international, Frontiers in immunology",2021-2023,Europe,1,64.2,65.9,6.4,44.2,65.9,60.9,51.7,Tier 3,False,False
604,michel_c,Christian S Michel,"Heidelberg Myeloma Center, Department of Internal Medicine V, Heidelberg University Hospital, Medical Faculty Heidelberg, Heidelberg University, Heidelberg, Germany.",Germany,3,0,3,1.0,0,0,0.08482930783387485,"Magnetic Resonance Imaging, Whole Body Imaging, Prognosis, Neoplasm Recurrence, Local, Bone Marrow, Drug Resistance, Neoplasm","Journal of clinical oncology : official journal of the American Society of Clinical Oncology, Leukemia",2026-2026,Europe,0,64.2,26.0,78.7,44.2,26.0,72.2,51.7,Tier 3,True,False
605,xiao_h,Haowen Xiao,"Department of Hematology, Sir Run Run Shaw Hospital, Zhejiang University School of Medicine, Hangzhou, China.",China,3,1,1,0.333,0,0,0.03589293409437106,"Animals, Antibodies, Monoclonal, Cell Line, Tumor, Graft vs Host Disease, Graft vs Leukemia Effect, Healthy Volunteers","Frontiers in immunology, Supportive care in cancer : official journal of the Multinational Association of Supportive Care in Cancer, Frontiers in endocrinology",2021-2025,Asia-Pacific,1,64.2,65.9,25.6,44.2,65.9,32.3,51.7,Tier 3,False,False
606,maisnar_v,Vladimír Maisnar,"4th Department of Internal Medicine-Hematology, University Hospital and Faculty of Medicine, Hradec Kralove, Czech Republic.",Czech Republic,3,1,1,0.333,0,0,0.03573926052156539,"Czech Republic, Dexamethasone, Routinely Collected Health Data, Thalidomide, Progression-Free Survival, Retrospective Studies","Neoplasma, Clinical lymphoma, myeloma & leukemia, Haematologica",2022-2026,Europe,1,64.2,65.9,25.6,44.2,65.9,32.0,51.7,Tier 3,False,False
607,bertsch_u,Uta Bertsch,"Heidelberg Myeloma Center, Internal Medicine V, Hematology, Oncology and Rheumatology, Heidelberg University Hospital, Heidelberg, Germany.",Germany,3,0,3,1.0,0,0,0.08469761213974326,,"Journal of clinical oncology : official journal of the American Society of Clinical Oncology, European journal of nuclear medicine and molecular imaging",2026-2026,Europe,0,64.2,26.0,78.7,44.2,26.0,72.1,51.7,Tier 3,True,False
608,silva_a,Ariosto Siqueira Silva,"Moffitt Cancer Center, Tampa, FL, USA.",USA,2,1,2,1.0,0,0,0.10567253009834182,,"bioRxiv : the preprint server for biology, Cancer research",2025-2026,North America,1,27.3,65.9,55.1,44.2,65.9,80.6,51.7,Tier 3,False,False
609,castanedapuglianini_o,Omar Castaneda Puglianini,"Moffitt Cancer Center, Tampa, Florida.",USA,3,0,3,1.0,0,0,0.08145363912859344,"Receptors, Chimeric Antigen, Immunotherapy, Adoptive, Neoplasms, Plasma Cell, Albumins","Transplantation and cellular therapy, Blood, Clinical epidemiology",2024-2026,North America,0,64.2,26.0,78.7,44.2,26.0,70.6,51.6,Tier 3,True,False
610,moore_d,Donald C Moore,"Department of Pharmacy, Levine Cancer Institute, Atrium Health, Concord, NC, USA.",USA,2,2,1,0.5,0,0,0.06590559219451625,"Antibodies, Monoclonal, Antineoplastic Agents, Dexamethasone","The Annals of pharmacotherapy, European journal of haematology",2022-2026,North America,2,27.3,86.2,25.6,44.2,86.2,62.1,51.6,Tier 3,False,False
611,du_c,C X Du,"State Key Laboratory of Experimental Hematology, National Clinical Research Center for Blood Diseases, Institute of Hematology & Blood Diseases Hospital, Chinese Academy of Medical Sciences & Peking Union Medical College, Tianjin 300020, China.",China,3,1,1,0.333,0,0,0.03445841815059692,"Immunoglobulin M, In Situ Hybridization, Fluorescence, Plasma Cells, Prognosis","Zhonghua xue ye xue za zhi = Zhonghua xueyexue zazhi, Annals of translational medicine, Cancers",2021-2025,Asia-Pacific,1,64.2,65.9,25.6,44.2,65.9,30.0,51.5,Tier 3,False,False
612,tuchman_s,Sascha Tuchman,"Department of Medicine, Division of Hematology, Lineberger Comprehensive Cancer Center, University of North Carolina at Chapel Hill, Chapel Hill, NC, USA.",USA,2,1,1,0.5,1,0,0.03430325142577107,"Prognosis, ADP-ribosyl Cyclase 1, Neoplasms, Plasma Cell, Geriatric Assessment, Feasibility Studies, Neoplasms","Blood cancer journal, Journal of geriatric oncology",2022-2024,North America,1,27.3,65.9,25.6,91.0,65.9,29.0,51.5,Tier 3,False,False
613,lopezcorral_l,Lucía López-Corral,Institute of Biomedical Research of Salamanca (IBSAL) Salamanca Spain.,Spain,3,0,3,1.0,0,0,0.08116852845659898,"Transplantation, Autologous, Monoclonal Gammopathy of Undetermined Significance, Retrospective Studies, Prognosis, Hematopoietic Stem Cell Transplantation","HemaSphere, Clinical lymphoma, myeloma & leukemia, British journal of haematology",2025-2026,Europe,0,64.2,26.0,78.7,44.2,26.0,70.4,51.5,Tier 3,True,False
614,gay_f,Francesca Gay,"Division of Hematology, Department of Molecular Biotechnology and Health Sciences, University of Torino, 10126 Torino, Italy.",Italy,2,1,0,0.0,3,0,0.04492561181806414,"Neoplasm, Residual, Neoplasm Recurrence, Local, Plasma Cells, Bone Marrow, Tumor Microenvironment, Lenalidomide","International journal of molecular sciences, The Lancet. Oncology",2022-2023,Europe,1,27.3,65.9,6.4,97.4,65.9,42.1,51.2,Tier 3,False,False
615,meermeier_e,Erin W Meermeier,"Mayo Clinic, Scottsdale, AZ, USA.",USA,2,1,2,1.0,0,0,0.09283270689662267,,"bioRxiv : the preprint server for biology, Cancer research communications",2025-2026,North America,1,27.3,65.9,55.1,44.2,65.9,75.4,51.2,Tier 3,False,False
616,abid_m,Muhammad Bilal Abid,"Division of Hematology/Oncology, Department of Medicine, Medical College of Wisconsin, Milwaukee, Wisconsin; Division of Infectious Diseases, Department of Medicine, Medical College of Wisconsin, Milwaukee, Wisconsin; Blood and Marrow Transplant and Cellular Therapy Program, Medical College of Wisconsin, Milwaukee, Wisconsin. Electronic address: Bilal_abid@hotmail.com.",USA,2,2,2,1.0,0,0,0.020837728173488973,"United States, Adolescent, COVID-19 Vaccines, Receptors, Chimeric Antigen, Retrospective Studies, COVID-19","Transplantation and cellular therapy, British journal of haematology",2024-2026,North America,2,27.3,86.2,55.1,44.2,86.2,13.3,51.1,Tier 3,False,False
617,voorhees_p,Peter Voorhees,"Levine Cancer Institute, Atrium Health Wake Forest Baptist, Charlotte, NC, USA.",USA,2,1,1,0.5,1,0,0.030438145675248003,"Black People, Bortezomib, Dexamethasone, Hematologic Neoplasms, Lenalidomide, Antibodies, Monoclonal","Future oncology (London, England), Frontiers in oncology",2022-2024,North America,1,27.3,65.9,25.6,91.0,65.9,25.2,51.1,Tier 3,False,False
618,zhao_l,Liyun Zhao,"Personalized Drug Therapy Key Laboratory of Sichuan Province, Department of Pharmacy, Sichuan Academy of Medical Science&Sichuan Provincial People's Hospital, School of Medicine, University of Electronic Science and Technology of China, 610072, Chengdu, China.",China,4,0,2,0.5,0,0,0.07193082756879775,"Animals, Cell Line, Tumor, Membrane Proteins, Antineoplastic Agents, Biomarkers, Tumor, Combined Modality Therapy","European journal of medicinal chemistry, Journal of orthopaedic surgery and research, Cell metabolism",2021-2025,Asia-Pacific,0,78.1,26.0,55.1,44.2,26.0,65.4,51.0,Tier 3,False,False
619,lin_x,Xiwu Lin,"Johnson & Johnson, Horsham, PA.",Unknown,3,0,3,1.0,0,0,0.07039580778483195,"Neoplasm Recurrence, Local, Antibodies, Bispecific, Animals, Mice, CD27 Ligand, Radioisotopes","Clinical lymphoma, myeloma & leukemia, Journal for immunotherapy of cancer, Clinical cancer research : an official journal of the American Association for Cancer Research",2026-2026,Unknown,0,64.2,26.0,78.7,44.2,26.0,64.6,51.0,Tier 3,True,False
620,yano_s,Shingo Yano,"Division of Clinical Oncology/Hematology, Department of Internal Medicine, The Jikei University School of Medicine, 3-25-8 Nishi-Shimbashi, Minato-ku, Tokyo, 105-0003, Japan.",Japan,2,2,2,1.0,0,0,0.020772055291755378,"Hematopoietic Stem Cell Transplantation, Retrospective Studies, Transplantation, Autologous, Neoplasm, Residual","International journal of hematology, International journal of clinical oncology",2024-2026,Asia-Pacific,2,27.3,86.2,55.1,44.2,86.2,12.6,51.0,Tier 3,False,False
621,valuskova_z,Zuzana Valuskova,"Department of Tumor Immunology, Cancer Research Institute, Biomedical Research Center, Slovak Academy of Sciences, Bratislava, Slovakia.",Unknown,2,2,2,1.0,0,0,0.0195028893086116,"B-Lymphocytes, Bortezomib, Lenalidomide, Dexamethasone, Cyclophosphamide, Signal Transduction","Cancer biology & therapy, Neoplasma",2025-2026,Unknown,2,27.3,86.2,55.1,44.2,86.2,11.5,50.9,Tier 3,False,False
622,more_s,Sonia Morè,"Hematology Department, Azienda Ospedaliero Universitaria Ospedali Riuniti, Ancona, Italy.",Italy,3,1,1,0.333,0,0,0.028769636683930504,"Lenalidomide, Vorinostat, Dexamethasone, Neoplasm, Residual, Clinical Trials as Topic, Prognosis","Frontiers in oncology, British journal of haematology, Clinical lymphoma, myeloma & leukemia",2022-2026,Europe,1,64.2,65.9,25.6,44.2,65.9,23.6,50.9,Tier 3,False,False
623,yi_j,Jun Ho Yi,"Division of Hematology-Oncology, Department of Medicine, Samsung Medical Center, Sungkyunkwan University School of Medicine, Seoul, Korea.",South Korea,2,2,2,1.0,0,0,0.019291195651684873,"B-Cell Maturation Antigen, Antibodies, Bispecific, Immunoconjugates, Receptors, Chimeric Antigen, Immunotherapy, Adoptive, Immunotherapy","Seminars in hematology, Cancer research and treatment",2025-2026,Asia-Pacific,2,27.3,86.2,55.1,44.2,86.2,10.8,50.9,Tier 3,False,False
624,lentzsch_s,Suzanne Lentzsch,"Division of Hematology/Oncology, Columbia University Irving Medical Center/New York-Presbyterian Hospital, New York, NY, USA.",USA,3,0,3,1.0,0,0,0.06941553887345092,"Immunotherapy, Adoptive, Receptors, Chimeric Antigen, Follow-Up Studies, Antibodies, Bispecific, Neoplasm Recurrence, Local","Clinical lymphoma, myeloma & leukemia, Bone marrow transplantation",2026-2026,North America,0,64.2,26.0,78.7,44.2,26.0,64.1,50.9,Tier 3,True,False
625,han_x,Xiaoyan Han,"Bone Marrow Transplantation Center, Department of Hematology, The First Affiliated Hospital, School of Medicine, Zhejiang University, Hangzhou, China.",China,3,1,1,0.333,0,0,0.028303121987907402,,"Frontiers in oncology, Cancers, ASM case reports",2022-2025,Asia-Pacific,1,64.2,65.9,25.6,44.2,65.9,23.1,50.8,Tier 3,False,False
626,corre_j,Jill Corre,"University Cancer Center of Toulouse Institut National de la Santé, Toulouse, France.",France,4,0,2,0.5,0,0,0.0669824956273975,"Alternative Splicing, RNA Splicing Factors, Exons, Serine-Arginine Splicing Factors","Blood cancer journal, Frontiers in oncology, Haematologica",2022-2026,Europe,0,78.1,26.0,55.1,44.2,26.0,62.4,50.7,Tier 3,False,False
627,kishishita_a,Audrey Kishishita,"Department of Laboratory Medicine, University of California San Francisco, San Francisco, CA.",USA,2,1,2,1.0,0,0,0.08191844482967114,,"Blood neoplasia, bioRxiv : the preprint server for biology",2024-2026,North America,1,27.3,65.9,55.1,44.2,65.9,70.7,50.7,Tier 3,False,False
628,adam_z,Z Adam,,,2,2,2,1.0,0,0,0.01780415430267062,"Bortezomib, Waldenstrom Macroglobulinemia, Boron Compounds, Rituximab, Dexamethasone, Glycine",Klinicka onkologie : casopis Ceske a Slovenske onkologicke spolecnosti,2024-2026,Unknown,2,27.3,86.2,55.1,44.2,86.2,8.8,50.7,Tier 3,False,False
629,tang_g,Guilin Tang,"Department of Hematopathology, The University of Texas MD Anderson Cancer Center, Houston, Texas.",USA,3,0,3,1.0,0,0,0.06373460693621953,"Retrospective Studies, Hematopoietic Stem Cell Transplantation, Transplantation, Autologous, Transplantation Conditioning, Flow Cytometry, Immunophenotyping","Transplantation and cellular therapy, Modern pathology : an official journal of the United States and Canadian Academy of Pathology, Inc",2025-2026,North America,0,64.2,26.0,78.7,44.2,26.0,60.5,50.6,Tier 3,True,False
630,lorca_l,Luz Alejandra Lorca,"Servicio de Medicina Física y Rehabilitación, Hospital del Salvador, Santiago, Chile.",Chile,2,2,2,1.0,0,0,0.016417838204041982,"Hematopoietic Stem Cell Transplantation, Cross-Sectional Studies, Walk Test, Exercise Test","American journal of physical medicine & rehabilitation, Hematology, transfusion and cell therapy",2026-2026,Latin America,2,27.3,86.2,55.1,44.2,86.2,7.9,50.6,Tier 3,False,False
631,cheng_h,Hai Cheng,"Department of Hematology, The Affiliated Hospital of Xuzhou Medical University, Xuzhou 221002, Jiangsu Province, China.",China,3,0,3,1.0,0,0,0.06182357503893664,"Immunotherapy, Adoptive, Fever, Cytokine Release Syndrome, Biomarkers, Receptors, Chimeric Antigen, Hematopoietic Stem Cell Transplantation","Zhongguo shi yan xue ye xue za zhi, Acta pharmaceutica Sinica. B, Blood",2024-2026,Asia-Pacific,0,64.2,26.0,78.7,44.2,26.0,59.9,50.5,Tier 3,True,False
632,kumar_v,Vijay Lakshmi Kumar,"Department of Pharmacology, All India Institute of Medical Sciences (AIIMS), New Delhi, India.",India,3,1,1,0.333,0,0,0.02602732858595861,"Biomarkers, Tumor, Bortezomib, Cross-Sectional Studies, Dexamethasone, Endoplasmic Reticulum Chaperone BiP, Pilot Projects","Neoplasma, Indian journal of nuclear medicine : IJNM : the official journal of the Society of Nuclear Medicine, India, Journal of cancer research and therapeutics",2022-2024,Asia-Pacific,1,64.2,65.9,25.6,44.2,65.9,20.1,50.5,Tier 3,False,False
633,fernandezdelarrea_c,Carlos Fernández de Larrea,"Institut d'Investigacions Biomèdiques August Pi i Sunyer (IDIBAPS), Barcelona, Spain.",Spain,2,1,2,1.0,0,0,0.07661518243731259,"Sepsis, Cytokine Release Syndrome, Biomarkers, Immunotherapy, Adoptive, Diagnosis, Differential, Receptors, Chimeric Antigen","Frontiers in immunology, British journal of haematology",2025-2026,Europe,1,27.3,65.9,55.1,44.2,65.9,68.1,50.5,Tier 3,False,False
634,kochenderfer_j,James N Kochenderfer,"Surgery Branch, National Cancer Institute, National Institutes of Health, Bethesda, MD, USA. Electronic address: kochendj@mail.nih.gov.",USA,2,1,2,1.0,0,0,0.07647368512632813,"Receptors, Chimeric Antigen, T-Lymphocytes, Immunotherapy, Adoptive, Bone Marrow, Lab-On-A-Chip Devices, Cell Line, Tumor","Molecular therapy : the journal of the American Society of Gene Therapy, Biomaterials",2024-2025,North America,1,27.3,65.9,55.1,44.2,65.9,68.0,50.5,Tier 3,False,False
635,xie_l,Lu Xie,"Haihe Laboratory of Cell Ecosystem, State Key Laboratory of Experimental Hematology, Bioinformatics Center, National Clinical Research Center for Geriatric Disorders, Key Laboratory for Carcinogenesis and Invasion, Chinese Ministry of Education, Key Laboratory of Carcinogenesis, Chinese Ministry of Health, Furong Laboratory, Department of Hematology, Xiangya Hospital, Central South University, Changsha, Hunan, China.",China,3,0,3,1.0,0,0,0.06163662912886987,"Cell Line, Tumor, Bortezomib, Gastrointestinal Microbiome, Membrane Proteins, NIMA-Related Kinases, Solute Carrier Family 12, Member 2","Cell metabolism, Cancer immunology, immunotherapy : CII, Cancer medicine",2024-2026,Asia-Pacific,0,64.2,26.0,78.7,44.2,26.0,59.6,50.5,Tier 3,True,False
636,long_t,Thorir Einarsson Long,"Faculty of Medicine, University of Iceland, Reykjavík, Iceland.",Unknown,3,0,3,1.0,0,0,0.06252663340321996,"Monoclonal Gammopathy of Undetermined Significance, Thrombosis, Prospective Studies, Iceland, Risk Factors, Follow-Up Studies","Blood neoplasia, British journal of haematology, Blood cancer journal",2024-2025,Unknown,0,64.2,26.0,78.7,44.2,26.0,60.0,50.5,Tier 3,True,False
637,shah_u,Urvi A Shah,"Department of Medicine, Myeloma Service, Memorial Sloan Kettering Cancer Center, New York, New York, USA.",USA,2,1,1,0.5,1,0,0.024025506257305228,"Cardiotoxicity, Immunomodulating Agents, Proteasome Inhibitors, Randomized Controlled Trials as Topic, United States, Diet","Hematological oncology, Leukemia",2022-2024,North America,1,27.3,65.9,25.6,91.0,65.9,17.5,50.4,Tier 3,False,False
638,czerwinskaledwig_o,Olga Czerwińska-Ledwig,"Institute for Basic Sciences, Faculty of Physiotherapy, University of Physical Education, 31-571 Krakow, Poland.",Poland,2,2,2,1.0,0,0,0.014836795252225518,"Walking, Gastrointestinal Microbiome, Biodiversity, RNA, Ribosomal, 16S, Exercise, Bacteria","Nutrients, Current oncology (Toronto, Ont.)",2024-2024,Europe,2,27.3,86.2,55.1,44.2,86.2,5.9,50.4,Tier 3,False,False
639,mao_y,Yingwei Mao,Department of Biology Penn State University University Park Pennsylvania USA.,USA,3,1,1,0.333,0,0,0.025340582081108502,,"Ibrain, Frontiers in oncology, European journal of pharmacology",2022-2026,North America,1,64.2,65.9,25.6,44.2,65.9,19.2,50.4,Tier 3,False,False
640,piotrowska_a,Anna Piotrowska,"Institute for Basic Sciences, Faculty of Physiotherapy, University of Physical Education, 31-571 Krakow, Poland.",Poland,2,2,2,1.0,0,0,0.014836795252225518,"Walking, Gastrointestinal Microbiome, Biodiversity, RNA, Ribosomal, 16S, Exercise, Bacteria","Nutrients, Current oncology (Toronto, Ont.)",2024-2024,Europe,2,27.3,86.2,55.1,44.2,86.2,5.9,50.4,Tier 3,False,False
641,ozkurt_z,Z N Özkurt,"Department of Hematology, Gazi University Faculty of Medicine, Ankara, Turkey.",Turkey,2,2,2,1.0,0,0,0.014149987232384004,"Hematopoietic Stem Cell Transplantation, Retrospective Studies, Transplantation, Homologous, Recurrence, Neoplasm Recurrence, Local","Nigerian journal of clinical practice, Indian journal of hematology & blood transfusion : an official journal of Indian Society of Hematology and Blood Transfusion",2024-2026,Middle East / GCC,2,27.3,86.2,55.1,44.2,86.2,5.3,50.3,Tier 3,False,False
642,guo_j,Jingjing Guo,"Institute of Hematology, Union Hospital, Tongji Medical College, Huazhong University of Science and Technology, Wuhan, People's Republic of China.",China,3,0,3,1.0,0,0,0.06024348978892328,"Animals, Mice, Chromatin, RNA, Long Noncoding, RNA, Small Nucleolar, Mice, Inbred NOD","American journal of physiology. Cell physiology, Cell metabolism, Chinese medical journal",2024-2026,Asia-Pacific,0,64.2,26.0,78.7,44.2,26.0,58.4,50.3,Tier 3,True,False
643,lu_r,Rebecca Lu,"From The University of Texas MD Anderson Cancer Center, Houston, Texas.",USA,2,1,2,1.0,0,0,0.07111209618025384,"Ikaros Transcription Factor, Antineoplastic Agents, Animals, Zebrafish, Drug Screening Assays, Antitumor, Dose-Response Relationship, Drug","Journal of the advanced practitioner in oncology, Bioorganic chemistry",2024-2026,North America,1,27.3,65.9,55.1,44.2,65.9,65.0,50.2,Tier 3,False,False
644,singh_a,Anu Singh,"Homi Bhabha Cancer Hospital (HBCH), Varanasi, Uttar Pradesh India.",India,3,0,3,1.0,0,0,0.05870470003331952,"Blood Protein Electrophoresis, Plasma Cells, Myeloma Proteins, Diagnosis, Differential, Paraproteinemias, Asia, Southeastern","Journal of cancer research and therapeutics, Indian journal of hematology & blood transfusion : an official journal of Indian Society of Hematology and Blood Transfusion, JCO global oncology",2024-2026,Asia-Pacific,0,64.2,26.0,78.7,44.2,26.0,56.8,50.2,Tier 3,True,False
645,chung_s,Sung Won Chung,"Department of Gastroenterology, Liver Center, Asan Medical Center, University of Ulsan College of Medicine, Seoul, Republic of Korea.",South Korea,2,1,2,1.0,0,0,0.07093096698895787,"Hepatitis, Autoimmune, Incidence, Republic of Korea, Immunosuppressive Agents, Cohort Studies, Risk Factors","The American journal of gastroenterology, Leukemia research",2025-2026,Asia-Pacific,1,27.3,65.9,55.1,44.2,65.9,64.9,50.2,Tier 3,False,False
646,han_s,Seungbin Han,"Department of Pharmacology, College of Medicine, The Catholic University of Korea, Seoul, Republic of Korea.",South Korea,3,0,2,0.667,0,0,0.17058146780079816,"Lenalidomide, Models, Biological, Prospective Studies, Dose-Response Relationship, Drug, Renal Insufficiency, Glomerular Filtration Rate","Drug design, development and therapy, Communications biology, Nature cancer",2023-2026,Asia-Pacific,0,64.2,26.0,55.1,44.2,26.0,91.0,50.1,Tier 3,False,False
647,biltibo_e,Eden Biltibo,"Division of Hematology/Oncology, Department of Medicine, Vanderbilt University Medical Center, Nashville, TN 37232, USA.",USA,2,2,2,1.0,0,0,0.01197949968731994,,"Reports (MDPI), American Society of Clinical Oncology educational book. American Society of Clinical Oncology. Annual Meeting",2024-2026,North America,2,27.3,86.2,55.1,44.2,86.2,3.6,50.1,Tier 3,False,False
648,klomberg_k,Koen M Klomberg,"Department of Hematology, University of Groningen, University Medical Center Groningen, Groningen, The Netherlands. Electronic address: k.m.klomberg@umcg.nl.",Netherlands,2,2,2,1.0,0,0,0.011869436201780414,"Transplantation, Autologous, Retrospective Studies, Hematopoietic Stem Cell Transplantation, Consolidation Chemotherapy, Prognosis, Melphalan","Clinical lymphoma, myeloma & leukemia",2025-2026,Europe,2,27.3,86.2,55.1,44.2,86.2,3.1,50.1,Tier 3,False,False
649,chen_b,Bishan Chen,"Key Specialty of Clinical Pharmacy, The First Affiliated Hospital of Guangdong Pharmaceutical University, Guangzhou, Guangdong Province, China.",China,3,0,3,1.0,0,0,0.057567315231265535,"Pharmacovigilance, Adverse Drug Reaction Reporting Systems, Antibodies, Monoclonal, Databases, Factual, United States, Antineoplastic Agents","Expert opinion on drug safety, European journal of nuclear medicine and molecular imaging, Proceedings of the National Academy of Sciences of the United States of America",2024-2026,Asia-Pacific,0,64.2,26.0,78.7,44.2,26.0,55.6,50.1,Tier 3,True,False
650,chesi_m,Marta Chesi,"Department of Medicine, Division of Hematology/Oncology, Mayo Clinic Arizona, Scottsdale, AZ 85259.",USA,2,1,2,1.0,0,0,0.06896438248507908,"Animals, Mice, Disease Models, Animal, Immunocompetence","Seminars in hematology, bioRxiv : the preprint server for biology",2025-2025,North America,1,27.3,65.9,55.1,44.2,65.9,63.9,50.1,Tier 3,False,False
651,plattel_w,Wouter J Plattel,"Department of Hematology, University of Groningen, University Medical Center Groningen, Groningen, The Netherlands.",Netherlands,2,2,2,1.0,0,0,0.011869436201780414,"Transplantation, Autologous, Retrospective Studies, Hematopoietic Stem Cell Transplantation, Consolidation Chemotherapy, Prognosis, Melphalan","Clinical lymphoma, myeloma & leukemia",2025-2026,Europe,2,27.3,86.2,55.1,44.2,86.2,3.1,50.1,Tier 3,False,False
652,jing_h,Hongmei Jing,"Peking University Third Hospital, Department of Hematology, 100191, Beijing, China.",China,3,0,2,0.667,0,0,0.1608088856614413,"Lymphoma, Hematopoietic Stem Cell Transplantation, Transplantation, Autologous, China, Dexamethasone, Neoplasm Recurrence, Local","Bone marrow transplantation, Annals of hematology, Cancer pathogenesis and therapy",2023-2025,Asia-Pacific,0,64.2,26.0,55.1,44.2,26.0,90.1,50.0,Tier 3,False,False
653,swaminathan_s,Sundararaman Swaminathan,"Mayo Clinic Arizona USA; Department of Nephrology, Indian Institute of Science, Bengaluru, Karnataka, India. Electronic address: swami@iisc.ac.in.",India,2,2,2,1.0,0,0,0.010385756676557863,"Cell Line, Tumor, Drug Resistance, Neoplasm, Gene Knockout Techniques, Ferritins, Reactive Oxygen Species, Iron","Hematology, transfusion and cell therapy, European journal of haematology",2026-2026,Asia-Pacific,2,27.3,86.2,55.1,44.2,86.2,2.3,50.0,Tier 3,False,False
654,takahashi_h,Hiromichi Takahashi,"Division of Hematology and Rheumatology, Department of Medicine,Nihon University School of Medicine, Tokyo, Japan.",Japan,3,1,0,0.0,0,0,0.04556407206164982,,"Cancer diagnosis & prognosis, DEN open",2021-2022,Asia-Pacific,1,64.2,65.9,6.4,44.2,65.9,42.8,49.9,Tier 3,False,False
655,lengerke_c,Claudia Lengerke,"Department of Internal Medicine II, Hematology, Oncology, Clinical Immunology and Rheumatology, University Hospital Tübingen, Tübingen, Germany.",Germany,2,1,2,1.0,0,0,0.06644422818263146,"Lenalidomide, COVID-19, SARS-CoV-2, Antibodies, Viral, Spike Glycoprotein, Coronavirus, Immunity, Humoral","Frontiers in immunology, Journal of hematology & oncology",2024-2026,Europe,1,27.3,65.9,55.1,44.2,65.9,62.2,49.9,Tier 3,False,False
656,chen_p,Ping Chen,"Division of Hematology, Department of Medicine, Taipei Veterans General Hospital, Taipei City, Taiwan.",Taiwan,5,0,1,0.2,0,0,0.10908748856806774,"Cryoelectron Microscopy, ADP-ribosyl Cyclase 1, Antibodies, Monoclonal, Antineoplastic Agents, Lymphoma, Non-Hodgkin, Erythrocytes","Transfusion medicine and hemotherapy : offizielles Organ der Deutschen Gesellschaft fur Transfusionsmedizin und Immunhamatologie, Journal of hematology & oncology, World journal of clinical cases",2022-2026,Asia-Pacific,0,85.1,26.0,25.6,44.2,26.0,81.5,49.9,Tier 3,False,False
657,butrym_a,Aleksandra Butrym,"Department of Cancer Prevention and Therapy, Wroclaw Medical University, Poland",Poland,2,2,2,1.0,0,0,0.007418397626112759,"Ikaros Transcription Factor, Polymorphism, Single Nucleotide, Thalidomide, Case-Control Studies, Immunomodulating Agents, Genotype","Dental and medical problems, Frontiers in immunology",2024-2026,Europe,2,27.3,86.2,55.1,44.2,86.2,0.7,49.8,Tier 3,False,False
658,jiang_f,Fengjuan Jiang,"Department of Hematology, Tianjin Medical University General Hospital, Tianjin, China.",China,3,0,3,1.0,0,0,0.05558274661022983,"Tumor Microenvironment, Plasma Cells, Single-Cell Analysis, Exome Sequencing, Clinical Relevance","Journal of translational internal medicine, Frontiers in medicine, Proceedings of the National Academy of Sciences of the United States of America",2025-2026,Asia-Pacific,0,64.2,26.0,78.7,44.2,26.0,52.8,49.8,Tier 3,True,False
659,veithaibach_p,Patrick Veit-Haibach,"Molecular Imaging Division, Joint Department of Medical Imaging, University Health Network, Mount Sinai Hospital and Women's College Hospital, University of Toronto, Toronto, ON, Canada.",Canada,2,1,1,0.5,1,0,0.01860102580805166,"Positron Emission Tomography Computed Tomography, Fluorodeoxyglucose F18, Prognosis, Retrospective Studies","Frontiers in medicine, Clinical nuclear medicine",2022-2026,North America,1,27.3,65.9,25.6,91.0,65.9,10.3,49.7,Tier 3,False,False
660,alotaibi_g,Ghazi S Alotaibi,"Department of Medicine (Oncology Center) College of Medicine, King Saud University, Riyadh, Saudi Arabia.",Saudi Arabia,2,1,2,1.0,0,0,0.06119773881925637,,"Frontiers in medicine, Expert review of hematology",2025-2026,Middle East / GCC,1,27.3,65.9,55.1,44.2,65.9,59.1,49.6,Tier 3,False,False
661,geng_c,Chuanying Geng,"Department of Hematology, Beijing Chao-Yang Hospital, Capital Medical University, Beijing, 100020, China.",China,3,1,1,0.333,0,0,0.018028312321116645,"Hematopoietic Stem Cell Transplantation, Retrospective Studies, Transplantation, Autologous, Prognosis, Stem Cell Transplantation","BMC cancer, Frontiers in oncology, Cancer pathogenesis and therapy",2022-2025,Asia-Pacific,1,64.2,65.9,25.6,44.2,65.9,10.0,49.5,Tier 3,False,False
662,shen_n,Na Shen,"Department of Hematology, Jiangsu Province Hospital, The First Affiliated Hospital of Nanjing Medical University, Nanjing, China.",China,3,1,1,0.333,0,0,0.01806690769039028,"Retrospective Studies, Prognosis, In Situ Hybridization, Fluorescence, Mutation, Receptor, Fibroblast Growth Factor, Type 3, Hematopoietic Stem Cell Transplantation","Zhonghua xue ye xue za zhi = Zhonghua xueyexue zazhi, Annals of medicine, Cell death & disease",2023-2025,Asia-Pacific,1,64.2,65.9,25.6,44.2,65.9,10.1,49.5,Tier 3,False,False
663,turgut_m,Mehmet Turgut,"19 mayis university, samsun, Turkey.",Turkey,2,1,2,1.0,0,0,0.059567307979981124,,"Blood advances, Cancers",2026-2026,Middle East / GCC,1,27.3,65.9,55.1,44.2,65.9,57.8,49.4,Tier 3,False,False
664,ahn_s,Seo-Yeon Ahn,"Department of Internal Medicine, Chonnam National University Hwasun Hospital, 322 Seoyang-ro, Hwasun, Jeollanam-do 519-763, Republic of Korea.",South Korea,3,0,2,0.667,0,0,0.12011366306344762,"Adrenal Cortex Hormones, Adrenal Insufficiency, Adrenocorticotropic Hormone, Hydrocortisone, Prevalence, Retrospective Studies","BioMed research international, bioRxiv : the preprint server for biology, Cancer immunology, immunotherapy : CII",2021-2026,Asia-Pacific,0,64.2,26.0,55.1,44.2,26.0,84.1,49.4,Tier 3,False,False
665,bacher_u,Ulrike Bacher,"Department of Hematology, University Hospital Bern, 3010 Bern, Switzerland.",Switzerland,3,0,3,1.0,0,0,0.05151972536313534,,"Current issues in molecular biology, Blood cancer journal, Cancers",2025-2026,Europe,0,64.2,26.0,78.7,44.2,26.0,48.8,49.4,Tier 3,True,False
666,yan_x,Xiaosa Yan,"Department of Critical Care Medicine, Shenzhen Institute of Translational Medicine, Shenzhen Second People's Hospital, The First Affiliated Hospital of Shenzhen University, Guangdong Key Laboratory for Biomedical Measurements and Ultrasound Imaging, National-Regional Key Technology Engineering Laboratory for Medical Ultrasound, School of Biomedical Engineering, Shenzhen University Medical School, Shenzhen 518060, China.",China,3,0,2,0.667,0,0,0.12025538774353962,"Thalidomide, Lenalidomide, Proteolysis","Bioorganic chemistry, Frontiers in oncology, Cancer pathogenesis and therapy",2023-2025,Asia-Pacific,0,64.2,26.0,55.1,44.2,26.0,84.2,49.4,Tier 3,False,False
667,dagostino_m,Mattia D'Agostino,"Struttura Complessa (SC) Ematologia, Azienda Ospedaliero-Universitaria (AOU) Città della Salute e della Scienza di Torino, Torino, Italy.",Italy,3,1,0,0.0,0,0,0.04076693386420735,"Bone Marrow, Neoplasm Recurrence, Local, Tumor Microenvironment, Hepatitis A Virus Cellular Receptor 2, Programmed Cell Death 1 Receptor, Zoledronic Acid","Frontiers in immunology, International journal of molecular sciences, medRxiv : the preprint server for health sciences",2022-2023,Europe,1,64.2,65.9,6.4,44.2,65.9,37.8,49.4,Tier 3,False,False
668,han_y,Ying Han,"940 Hospital of Joint Logistics Support Force of Chinese People's Liberation Army, Lanzhou, China.",China,2,1,2,1.0,0,0,0.0579345680186295,,"Archives of medical science : AMS, Nature cancer",2024-2026,Asia-Pacific,1,27.3,65.9,55.1,44.2,65.9,55.9,49.3,Tier 3,False,False
669,zhou_w,Wen Zhou,"Haihe Laboratory of Cell Ecosystem, State Key Laboratory of Experimental Hematology, Bioinformatics Center, National Clinical Research Center for Geriatric Disorders, Key Laboratory for Carcinogenesis and Invasion, Chinese Ministry of Education, Key Laboratory of Carcinogenesis, Chinese Ministry of Health, Furong Laboratory, Department of Hematology, Xiangya Hospital, Central South University, Changsha, Hunan, China; Cancer Research Institute, School of Basic Medical Sciences, Central South University, Changsha, Hunan, China; Xiangya School of Public Health, Central South University, Changsha, Hunan, China. Electronic address: wenzhou@csu.edu.cn.",China,2,1,2,1.0,0,0,0.0580968623595751,"Bortezomib, Gastrointestinal Microbiome, Cell Line, Tumor, Membrane Proteins, NIMA-Related Kinases, Solute Carrier Family 12, Member 2","Cell metabolism, Cell death discovery",2024-2024,Asia-Pacific,1,27.3,65.9,55.1,44.2,65.9,56.2,49.3,Tier 3,False,False
670,gong_l,Lixin Gong,"State Key Laboratory of Experimental Hematology, National Clinical Research Center for Blood Diseases, Haihe Laboratory of Cell Ecosystem, Institute of Hematology and Blood Diseases Hospital, Chinese Academy of Medical Sciences and Peking Union Medical College, Tianjin, China.",China,3,0,2,0.667,0,0,0.11357045069091659,"Immunotherapy, Plasma Cells, Bone Marrow, Immunologic Surveillance, Tumor Microenvironment","Frontiers in immunology, Cancer pathogenesis and therapy, Acta pharmaceutica Sinica. B",2022-2025,Asia-Pacific,0,64.2,26.0,55.1,44.2,26.0,82.4,49.2,Tier 3,False,False
671,mewawalla_p,Prerna Mewawalla,"Division of Hematology and Bone Marrow Transplant, Alleghany Medical Center, Pittsburgh, PA, USA.",USA,3,0,3,1.0,0,0,0.048273580932001965,"Retrospective Studies, Transplantation, Autologous","Current oncology (Toronto, Ont.), Expert review of hematology",2026-2026,North America,0,64.2,26.0,78.7,44.2,26.0,46.0,49.1,Tier 3,True,False
672,thorsteinsdottir_s,Sigrun Thorsteinsdottir,"Faculty of Medicine, University of Iceland, Reykjavík, Iceland.",Unknown,3,0,3,1.0,0,0,0.04800958758615654,"Monoclonal Gammopathy of Undetermined Significance, Thrombosis, Prospective Studies, Iceland, Risk Factors, Follow-Up Studies","British journal of haematology, Blood cancer journal, HemaSphere",2024-2025,Unknown,0,64.2,26.0,78.7,44.2,26.0,45.5,49.1,Tier 3,True,False
673,onundarson_p,Páll T Önundarson,"Faculty of Medicine, University of Iceland, Reykjavík, Iceland.",Unknown,3,0,3,1.0,0,0,0.04800958758615654,"Monoclonal Gammopathy of Undetermined Significance, Thrombosis, Prospective Studies, Iceland, Risk Factors, Follow-Up Studies","British journal of haematology, Blood cancer journal, HemaSphere",2024-2025,Unknown,0,64.2,26.0,78.7,44.2,26.0,45.5,49.1,Tier 3,True,False
674,olafsson_a,Andri Olafsson,"Faculty of Medicine, University of Iceland, Reykjavík, Iceland.",Unknown,3,0,3,1.0,0,0,0.04800958758615654,"Monoclonal Gammopathy of Undetermined Significance, Thrombosis, Prospective Studies, Iceland, Risk Factors, Follow-Up Studies","British journal of haematology, Blood cancer journal, HemaSphere",2024-2025,Unknown,0,64.2,26.0,78.7,44.2,26.0,45.5,49.1,Tier 3,True,False
675,gu_t,Tianning Gu,"Bone Marrow Transplantation Center, The First Affiliated Hospital, Zhejiang University School of Medicine, Hangzhou, China.",China,3,0,2,0.667,0,0,0.10999608582362509,"Antibodies, Monoclonal, Animals, Cell Line, Tumor, Graft vs Host Disease, Graft vs Leukemia Effect, Healthy Volunteers","Frontiers in immunology, Clinical lymphoma, myeloma & leukemia, Nature cancer",2021-2026,Asia-Pacific,0,64.2,26.0,55.1,44.2,26.0,81.5,49.1,Tier 3,False,False
676,jonsson_a,Ásbjörn Jónsson,"Akureyri Hospital, Akureyri, Iceland.",Unknown,3,0,3,1.0,0,0,0.04800958758615654,"Monoclonal Gammopathy of Undetermined Significance, Thrombosis, Prospective Studies, Iceland, Risk Factors, Follow-Up Studies","British journal of haematology, Blood cancer journal, HemaSphere",2024-2025,Unknown,0,64.2,26.0,78.7,44.2,26.0,45.5,49.1,Tier 3,True,False
677,agnarsson_b,Bjarni A Agnarsson,"Faculty of Medicine, University of Iceland, Reykjavík, Iceland.",Unknown,3,0,3,1.0,0,0,0.04800958758615654,"Monoclonal Gammopathy of Undetermined Significance, Thrombosis, Prospective Studies, Iceland, Risk Factors, Follow-Up Studies","British journal of haematology, Blood cancer journal, HemaSphere",2024-2025,Unknown,0,64.2,26.0,78.7,44.2,26.0,45.5,49.1,Tier 3,True,False
678,olafsson_i,Ísleifur Ólafsson,"Landspítali University Hospital, Reykjavík, Iceland.",Unknown,3,0,3,1.0,0,0,0.04800958758615654,"Monoclonal Gammopathy of Undetermined Significance, Thrombosis, Prospective Studies, Iceland, Risk Factors, Follow-Up Studies","British journal of haematology, Blood cancer journal, HemaSphere",2024-2025,Unknown,0,64.2,26.0,78.7,44.2,26.0,45.5,49.1,Tier 3,True,False
679,mazloom_a,Anita Mazloom,"Division of Hematology and Oncology, Mitchell Cancer Institute, University of South Alabama, Mobile, AL 36604, USA.",USA,3,0,3,1.0,0,0,0.048273580932001965,"Retrospective Studies, Transplantation, Autologous","Current oncology (Toronto, Ont.), Expert review of hematology",2026-2026,North America,0,64.2,26.0,78.7,44.2,26.0,46.0,49.1,Tier 3,True,False
680,love_t,Thorvardur Jon Love,"Faculty of Medicine, University of Iceland, Reykjavík, Iceland.",Unknown,3,0,3,1.0,0,0,0.04800958758615654,"Monoclonal Gammopathy of Undetermined Significance, Thrombosis, Prospective Studies, Iceland, Risk Factors, Follow-Up Studies","British journal of haematology, Blood cancer journal, HemaSphere",2024-2025,Unknown,0,64.2,26.0,78.7,44.2,26.0,45.5,49.1,Tier 3,True,False
681,giralt_s,Sergio Giralt,"Adult BMT Service Memorial Sloan Kettering Cancer Center, 530 East 74th Street, New York, NY 10021, United States of America. Electronic address: giralts@mskcc.org.",USA,2,0,2,1.0,3,0,0.0727736723929314,"Melphalan, Hematopoietic Stem Cell Transplantation, Busulfan, Bendamustine Hydrochloride, Transplantation, Autologous, Transplantation Conditioning","Blood reviews, bioRxiv : the preprint server for biology",2024-2025,North America,0,27.3,26.0,55.1,97.4,26.0,65.9,49.0,Tier 3,False,False
682,anderson_l,Larry D Anderson,"Simmons Comprehensive Cancer Center, UT Southwestern Medical Center, Dallas, TX, USA.",USA,3,0,2,0.667,0,0,0.10625934872727982,"Black People, Bortezomib, Dexamethasone, Hematologic Neoplasms, Lenalidomide, Antibodies, Monoclonal","Future oncology (London, England), Transplantation and cellular therapy, Blood",2022-2026,North America,0,64.2,26.0,55.1,44.2,26.0,80.8,49.0,Tier 3,False,False
683,yan_l,L Z Yan,"Department of Hematology, The First Affiliated Hospital of Soochow University, Jiangsu Institute of Hematology, Suzhou 215000, Jiangsu Province, China.",China,5,0,1,0.2,0,0,0.08330437359476846,"Busulfan, Cyclophosphamide, Hematopoietic Stem Cell Transplantation, Retrospective Studies, Lenalidomide, Bortezomib","Zhonghua xue ye xue za zhi = Zhonghua xueyexue zazhi, Zhongguo shi yan xue ye xue za zhi, Journal of hematology & oncology",2021-2026,Asia-Pacific,0,85.1,26.0,25.6,44.2,26.0,71.1,48.9,Tier 3,False,False
684,tanner_m,Mark R Tanner,"Department of Stem Cell Transplantation and Cellular Therapy, The University of Texas MD Anderson Cancer Center, Houston, Texas.",USA,3,0,3,1.0,0,0,0.04628830651502819,"Retrospective Studies, Hematopoietic Stem Cell Transplantation, Transplantation, Autologous, Neoplasm, Residual, Transplantation Conditioning","Transplantation and cellular therapy, Cancer",2024-2026,North America,0,64.2,26.0,78.7,44.2,26.0,43.5,48.9,Tier 3,True,False
685,schinke_c,Carolina Schinke,"Myeloma Center, Division of Hematology Oncology, University of Arkansas for Medical Sciences, Little Rock, AR, USA.",USA,3,0,2,0.667,0,0,0.09965847363684291,"Receptors, Chimeric Antigen, B-Cell Maturation Antigen, Immunotherapy, Adoptive, Patients","Bone marrow transplantation, HemaSphere, Hematology/oncology and stem cell therapy",2023-2026,North America,0,64.2,26.0,55.1,44.2,26.0,78.5,48.8,Tier 3,False,False
686,ren_j,Juan Ren,"Department of Hematology, The First Affiliated Hospital of Xi'an Jiaotong University, Xian, People's Republic of China.",China,3,0,2,0.667,0,0,0.09987780408403567,"Adolescent, Cost-Benefit Analysis, Febrile Neutropenia, Filgrastim, Hematologic Agents, Hematopoietic Stem Cell Transplantation","Hematology (Amsterdam, Netherlands), Apoptosis : an international journal on programmed cell death, Cancer pathogenesis and therapy",2021-2025,Asia-Pacific,0,64.2,26.0,55.1,44.2,26.0,78.6,48.8,Tier 3,False,False
687,moore_e,Elizabeth Moore,"Public Health and Preventive Medicine, Monash University, Melbourne, Victoria, Australia.",Australia,3,0,3,1.0,0,0,0.04487704551673539,"Retrospective Studies, Registries, Australia, Immunotherapy, Adoptive, New Zealand, B-Cell Maturation Antigen","Internal medicine journal, Clinical lymphoma, myeloma & leukemia, British journal of haematology",2024-2026,Asia-Pacific,0,64.2,26.0,78.7,44.2,26.0,42.0,48.7,Tier 3,True,False
688,wellard_c,Cameron Wellard,"Department of Epidemiology and Preventive Medicine, School of Public Health and Preventive Medicine, Monash University, Melbourne, Victoria, Australia.",Australia,3,0,3,1.0,0,0,0.04487704551673539,"Retrospective Studies, Registries, Australia, Immunotherapy, Adoptive, New Zealand, B-Cell Maturation Antigen","Internal medicine journal, Clinical lymphoma, myeloma & leukemia, British journal of haematology",2024-2026,Asia-Pacific,0,64.2,26.0,78.7,44.2,26.0,42.0,48.7,Tier 3,True,False
689,ho_c,Ching-Liang Ho,"Division of Hematology and Oncology Medicine, Department of Internal Medicine, Tri-Service General Hospital, National Defense Medical Center, Taipei 114, Taiwan.",Taiwan,3,0,2,0.667,0,0,0.09765191641669604,"Reproducibility of Results, Leukemia, Lymphocytic, Chronic, B-Cell, High-Throughput Nucleotide Sequencing, Neoplasm, Residual, Lenalidomide, ADP-ribosyl Cyclase 1","Life (Basel, Switzerland), The Journal of molecular diagnostics : JMD, Clinical lymphoma, myeloma & leukemia",2023-2025,Asia-Pacific,0,64.2,26.0,55.1,44.2,26.0,77.6,48.7,Tier 3,False,False
690,he_d,Donghua He,"Bone Marrow Transplantation Center, Department of Hematology, The First Affiliated Hospital, School of Medicine, Zhejiang University, Hangzhou, China.",China,4,0,2,0.5,0,0,0.045429535905442915,"Hematopoietic Stem Cell Mobilization, Heterocyclic Compounds, Hematopoietic Stem Cells, Blood Component Removal, Antigens, CD34, Cell Count","Frontiers in oncology, Cancers, Transfusion",2022-2026,Asia-Pacific,0,78.1,26.0,55.1,44.2,26.0,42.8,48.7,Tier 3,False,False
691,delarubia_j,Javier de la Rubia,"Department of Hematology, Hospital Universitario y Politécnico La Fe CIBERONC Valencia Spain.",Spain,2,1,2,1.0,0,0,0.05172899892562093,,"HemaSphere, Clinical lymphoma, myeloma & leukemia",2024-2026,Europe,1,27.3,65.9,55.1,44.2,65.9,49.0,48.6,Tier 3,False,False
692,sandahl_t,Tyler Sandahl,"Mayo Clinic Rochester - Pharmacy, Rochester, Minnesota.",USA,2,1,2,1.0,0,0,0.05159220615623998,"Retrospective Studies, Outpatients, Health Resources, Patient Acceptance of Health Care","Journal of the advanced practitioner in oncology, JCO oncology practice",2024-2025,North America,1,27.3,65.9,55.1,44.2,65.9,48.9,48.6,Tier 3,False,False
693,rossi_a,Adriana Rossi,"Division of Hematology and Medical Oncology, Icahn School of Medicine at Mount Sinai, New York, NY.",USA,2,0,2,1.0,3,0,0.06654065416179762,,"Blood neoplasia, Blood",2024-2026,North America,0,27.3,26.0,55.1,97.4,26.0,62.2,48.6,Tier 3,False,False
694,pan_m,Mingyue Pan,"Faculty of Law, University of Freiburg, D‑79098 Freiburg, Germany.",Germany,3,0,3,1.0,0,0,0.04368825426525554,"B-Cell Maturation Antigen, Molecular Targeted Therapy, Immunoconjugates, Receptors, Chimeric Antigen, Retrospective Studies, Hematopoietic Stem Cell Mobilization","International journal of molecular medicine, Zhonghua xue ye xue za zhi = Zhonghua xueyexue zazhi, Frontiers of medicine",2025-2025,Europe,0,64.2,26.0,78.7,44.2,26.0,40.4,48.5,Tier 3,True,False
695,cedena_m,M Teresa Cedena,Spanish National Cancer Research Center (CNIO) Madrid Spain.,Spain,2,1,2,1.0,0,0,0.05075848775042045,,"HemaSphere, Biomedicines",2024-2025,Europe,1,27.3,65.9,55.1,44.2,65.9,48.2,48.5,Tier 3,False,False
696,debraganca_k,Kevin C De Braganca,"Janssen Biotech, Horsham, PA 19044, USA.",USA,3,0,2,0.667,0,0,0.09217710078964772,,"Cancers, Clinical epidemiology, Clinical lymphoma, myeloma & leukemia",2023-2026,North America,0,64.2,26.0,55.1,44.2,26.0,75.0,48.5,Tier 3,False,False
697,dholaria_b,Bhagirathbhai R Dholaria,Section of Hematology and Stem Cell Transplant Vanderbilt Ingram Cancer Center Department of Medicine Vanderbilt University Medical Center Nashville Tennessee USA.,USA,3,1,0,0.0,0,0,0.032751013040435664,"Antibodies, Monoclonal, Dexamethasone, Lenalidomide, Neoplasm, Residual, Oligopeptides","EJHaem, Journal of clinical oncology : official journal of the American Society of Clinical Oncology",2022-2022,North America,1,64.2,65.9,6.4,44.2,65.9,27.8,48.4,Tier 3,False,False
698,ortizmaldonado_v,Valentín Ortiz-Maldonado,"IDIBAPS, Barcelona, Spain.",Spain,3,0,2,0.667,0,0,0.09153698919866132,"Receptors, Chimeric Antigen, T-Lymphocytes, Retrospective Studies, Hematopoietic Stem Cell Transplantation, Blood Donors, Leukapheresis","Vox sanguinis, Frontiers in immunology, British journal of haematology",2023-2026,Europe,0,64.2,26.0,55.1,44.2,26.0,74.8,48.4,Tier 3,False,False
699,delgado_j,Julio Delgado,"IDIBAPS, Barcelona, Spain.",Spain,3,0,2,0.667,0,0,0.09153698919866132,"Receptors, Chimeric Antigen, T-Lymphocytes, Retrospective Studies, Hematopoietic Stem Cell Transplantation, Blood Donors, Leukapheresis","Vox sanguinis, Frontiers in immunology, British journal of haematology",2023-2026,Europe,0,64.2,26.0,55.1,44.2,26.0,74.8,48.4,Tier 3,False,False
700,martinezcibrian_n,Núria Martínez-Cibrian,"Department of Hematology, ICMHO, Hospital Clínic, Barcelona, Spain.",Spain,3,0,2,0.667,0,0,0.09153698919866132,"Receptors, Chimeric Antigen, T-Lymphocytes, Retrospective Studies, Hematopoietic Stem Cell Transplantation, Blood Donors, Leukapheresis","Vox sanguinis, Frontiers in immunology, British journal of haematology",2023-2026,Europe,0,64.2,26.0,55.1,44.2,26.0,74.8,48.4,Tier 3,False,False
701,abe_y,Yu Abe,"Department of Hematology, Japanese Red Cross Medical Center, Tokyo, JPN.",Unknown,3,0,2,0.667,0,0,0.09004469762870344,"Diterpenes, Cytarabine, Drug Synergism, Vincristine, Apoptosis, Cell Line, Tumor","Cureus, British journal of haematology, Anticancer research",2023-2026,Unknown,0,64.2,26.0,55.1,44.2,26.0,74.3,48.4,Tier 3,False,False
702,john_l,Lukas John,"Heidelberg Myeloma Center, Department of Internal Medicine V, Heidelberg University Hospital, Medical Faculty Heidelberg, Heidelberg University, Heidelberg, Germany. lukas.john@med.uni-heidelberg.de.",Germany,2,1,2,1.0,0,0,0.04899283860032644,"Magnetic Resonance Imaging, Whole Body Imaging, Prognosis, Neoplasm Recurrence, Local, Bone Marrow, Drug Resistance, Neoplasm","Leukemia, European journal of nuclear medicine and molecular imaging",2026-2026,Europe,1,27.3,65.9,55.1,44.2,65.9,46.7,48.3,Tier 3,False,False
703,sun_s,Shanliang Sun,"National and Local Collaborative Engineering Center of Chinese Medicinal Resources Industrialization and Formulae Innovative Medicine, Nanjing University of Chinese Medicine, Nanjing, 210023, China.",China,3,0,3,1.0,0,0,0.041794517417364535,"Animals, Mice, Cell Line, Tumor, Cell Proliferation, Wnt Signaling Pathway, Dishevelled Proteins","Advanced science (Weinheim, Baden-Wurttemberg, Germany), Pharmaceuticals (Basel, Switzerland), Drug resistance updates : reviews and commentaries in antimicrobial and anticancer chemotherapy",2025-2026,Asia-Pacific,0,64.2,26.0,78.7,44.2,26.0,38.4,48.3,Tier 3,True,False
704,zhou_d,Daobin Zhou,"Department of Hematology, Peking Union Medical College Hospital Chinese Academy of Medical Sciences Beijing China.",China,2,1,2,1.0,0,0,0.047939980957246234,,"Chronic diseases and translational medicine, Blood",2024-2026,Asia-Pacific,1,27.3,65.9,55.1,44.2,65.9,45.1,48.2,Tier 3,False,False
705,velaojeda_j,Jorge Vela-Ojeda,"Department of Hematology, UMAE Hospital de Especialidades Centro Medico La Raza IMSS, Mexico City, Mexico.",Mexico,2,1,1,0.5,0,0,0.1597048860576594,"Influenza, Human, Prospective Studies, Hospitalization, Vaccination, Retrospective Studies, Mexico","Clinical lymphoma, myeloma & leukemia, Leukemia & lymphoma",2023-2026,Latin America,1,27.3,65.9,25.6,44.2,65.9,90.0,48.2,Tier 3,False,False
706,krejci_m,M Krejčí,"Department of Internal Medicine, Hematology and Oncology, University Hospital Brno and Faculty of Medicine Masaryk University, Brno, Czech Republic.",Czech Republic,3,0,3,1.0,0,0,0.04032462162235429,"Bortezomib, Waldenstrom Macroglobulinemia, Boron Compounds, Rituximab, Dexamethasone, Glycine","Klinicka onkologie : casopis Ceske a Slovenske onkologicke spolecnosti, Haematologica",2024-2026,Europe,0,64.2,26.0,78.7,44.2,26.0,37.3,48.2,Tier 3,True,False
707,shi_l,Lei Shi,"NHC Key Laboratory of Molecular Probes and Targeted Diagnosis and Therapy, The Fourth Affiliated Hospital of Harbin Medical University, Harbin 150028, Heilongjiang Province, China. shilei_0328@vip.sina.com.",China,4,0,2,0.5,0,0,0.04075246665225983,"Bortezomib, Brain-Derived Neurotrophic Factor, Cell Line, Tumor, Proteasome Inhibitors, Antibodies, Bispecific, B-Cell Maturation Antigen","World journal of clinical cases, Biochimica et biophysica acta. General subjects, Cancer pathogenesis and therapy",2022-2026,Asia-Pacific,0,78.1,26.0,55.1,44.2,26.0,37.8,48.2,Tier 3,False,False
708,mudaranthakam_d,Dinesh Pal Mudaranthakam,"Division of Biostatistics and Data Science, University of Kansas Medical Center, Kansas City, KS 66205, USA.",USA,2,1,2,1.0,0,0,0.04776286439020716,"Retrospective Studies, Transplantation, Autologous, Kansas, Healthcare Disparities, Standard of Care, Immunotherapy, Adoptive","Current oncology (Toronto, Ont.), Cancer medicine",2026-2026,North America,1,27.3,65.9,55.1,44.2,65.9,44.8,48.1,Tier 3,False,False
709,pan_j,J L Pan,"Jiangsu Institute of Hematology, National Clinical Research Center for Hematologic Diseases, NHC Key Laboratory of Thrombosis and Hemostasis,Collaborative Innovation Center of Hematology, The First Affiliated Hospital of Soochow University, Suzhou 215006, China.",China,2,1,0,0.0,1,0,0.028817639103138254,"Chromothripsis, Chromosome Aberrations","Zhonghua xue ye xue za zhi = Zhonghua xueyexue zazhi, Pharmaceutics",2022-2023,Asia-Pacific,1,27.3,65.9,6.4,91.0,65.9,23.7,48.1,Tier 3,False,False
710,wu_w,Wei Wu,"Bone Marrow Transplantation Center, Department of Hematology, The First Affiliated Hospital, School of Medicine, Zhejiang University, Hangzhou 310003, China.",China,4,0,2,0.5,0,0,0.04008206103928736,"Mice, Animals, RNA, Circular, RNA, Biomarkers, Osteoarthritis","Cancers, Journal of Zhejiang University. Science. B, Gene",2022-2026,Asia-Pacific,0,78.1,26.0,55.1,44.2,26.0,36.5,48.1,Tier 3,False,False
711,zhu_c,Chujiao Zhu,"Hongqiao International Institute of Medicine, Shanghai Tongren Hospital/Faculty of Basic Medicine, Chemical Biology Division of Shanghai Universities E-Institutes, Key Laboratory of Cell Differentiation and Apoptosis of the Chinese Ministry of Education, Shanghai Jiao Tong University School of Medicine, Shanghai 200025, China.",China,2,1,2,1.0,0,0,0.04719529360758048,"Triple Negative Breast Neoplasms, Animals, Mice, Histone Deacetylase Inhibitors, Panobinostat, Cell Proliferation","Acta pharmaceutica Sinica. B, Cancer reports (Hoboken, N.J.)",2024-2026,Asia-Pacific,1,27.3,65.9,55.1,44.2,65.9,44.1,48.1,Tier 3,False,False
712,dong_s,Shasha Dong,"Department of Hematology, Ji'ning No. 1 People's Hospital, Ji'ning, Shandong, China.",China,2,2,1,0.5,0,0,0.03196507608468807,"ATPases Associated with Diverse Cellular Activities, Cantharidin, Cell Cycle Proteins, Enzyme Inhibitors, Molecular Docking Simulation","Open life sciences, Bioorganic & medicinal chemistry letters",2021-2024,Asia-Pacific,2,27.3,86.2,25.6,44.2,86.2,27.3,48.1,Tier 3,False,False
713,cholujova_d,Dana Cholujova,"Department of Tumor Immunology, Cancer Research Institute, Biomedical Research Center, Slovak Academy of Sciences, Bratislava, Slovakia.",Unknown,3,0,2,0.667,0,0,0.0837658429027014,"Pilot Projects, Quality of Life, Paraproteinemias, Adrenergic Agents, B-Lymphocytes, Bortezomib","Klinicka onkologie : casopis Ceske a Slovenske onkologicke spolecnosti, Cancer biology & therapy, Neoplasma",2023-2026,Unknown,0,64.2,26.0,55.1,44.2,26.0,71.5,48.1,Tier 3,False,False
714,mazzoni_s,Sandra Mazzoni,"Department of Hematology & Oncology, Taussig Cancer Institute, Cleveland Clinic Lerner College of Medicine of Case Western Reserve University School of Medicine, Cleveland, OH, USA.",USA,3,0,3,1.0,0,0,0.03918866911156112,"Pharmacovigilance, Drug-Related Side Effects and Adverse Reactions, Antineoplastic Agents","Blood cancer journal, Cancer research communications, Cancers",2024-2026,North America,0,64.2,26.0,78.7,44.2,26.0,35.9,48.1,Tier 3,True,False
715,dipersio_j,John F DiPersio,"Washington University School of Medicine, Saint Louis, Missouri.",USA,3,0,2,0.667,0,0,0.08072481478680855,"Transcriptome, CD8-Positive T-Lymphocytes, Pilot Projects, Single-Cell Gene Expression Analysis, Tumor Microenvironment, Interleukin-7","Cancer research communications, iScience, Frontiers in immunology",2022-2025,North America,0,64.2,26.0,55.1,44.2,26.0,70.3,48.0,Tier 3,False,False
716,louzada_m,Martha L Louzada,"Division of Hematology, Schulich School of Medicine and Dentistry, Western University, London, ON, Canada.",Canada,2,1,2,1.0,0,0,0.046214192252978153,"Chromatography, Liquid, Myeloma Proteins, Mass Spectrometry","Clinical biochemistry, Blood neoplasia",2025-2026,North America,1,27.3,65.9,55.1,44.2,65.9,43.3,48.0,Tier 3,False,False
717,puertas_b,Borja Puertas,Institute of Biomedical Research of Salamanca (IBSAL) Salamanca Spain.,Spain,2,1,2,1.0,0,0,0.04612616711642133,"Transplantation, Autologous, Monoclonal Gammopathy of Undetermined Significance, Retrospective Studies, Prognosis, Hematopoietic Stem Cell Transplantation","HemaSphere, Clinical lymphoma, myeloma & leukemia",2025-2026,Europe,1,27.3,65.9,55.1,44.2,65.9,43.2,48.0,Tier 3,False,False
718,lopezmunoz_n,Nieves López-Muñoz,"Hematology Department, Hospital 12 de Octubre, Complutense University, CNIO, Madrid, Spain.",Spain,3,0,2,0.667,0,0,0.0789337572864889,"COVID-19, Global Health, SARS-CoV-2","Blood cancer journal, Biomedicines, British journal of haematology",2021-2026,Europe,0,64.2,26.0,55.1,44.2,26.0,69.2,47.9,Tier 3,False,False
719,xiao_p,Pengli Xiao,"Department of Biology, Key Laboratory of Cell Proliferation and Regulation Biology, Ministry of Education, School of Life Sciences, Beijing Normal University, Beijing, 100875, China.",China,2,1,2,1.0,0,0,0.04476089225974801,"Positron Emission Tomography Computed Tomography, Fluorodeoxyglucose F18, Retrospective Studies, Immunotherapy, Adoptive, B-Cell Maturation Antigen, Cytokine Release Syndrome","Frontiers of medicine, Bone marrow transplantation",2025-2026,Asia-Pacific,1,27.3,65.9,55.1,44.2,65.9,41.9,47.9,Tier 3,False,False
720,arnall_j,Justin R Arnall,"Specialty Pharmacy Service, Atrium Health, Charlotte, NC, USA.",USA,2,2,1,0.5,0,0,0.030187220103635486,"Antibodies, Monoclonal, Antineoplastic Agents, Dexamethasone","The Annals of pharmacotherapy, American journal of therapeutics",2022-2026,North America,2,27.3,86.2,25.6,44.2,86.2,24.8,47.8,Tier 3,False,False
721,delimpasi_s,Sosana Delimpasi,"Bone Marrow Transplantation Unit, Department of Hematology, Evangelismos Hospital, 10676 Athens, Greece.",Greece,3,0,2,0.667,0,0,0.07672894007438702,"Dexamethasone, Oligopeptides, Antibodies, Monoclonal, Humanized, Injections, Subcutaneous, Neoplasm Recurrence, Local","Cancers, Blood cancer journal, Clinical lymphoma, myeloma & leukemia",2023-2026,Europe,0,64.2,26.0,55.1,44.2,26.0,68.3,47.8,Tier 3,False,False
722,lendvai_n,Nikoletta Lendvai,"Janssen Research & Development, Raritan, NJ, USA.",USA,2,0,2,1.0,1,0,0.07379170857579469,"Lenalidomide, Antibodies, Monoclonal, Drug Resistance, Neoplasm, Progression-Free Survival","European journal of cancer (Oxford, England : 1990), Clinical lymphoma, myeloma & leukemia",2025-2026,North America,0,27.3,26.0,55.1,91.0,26.0,66.6,47.8,Tier 3,False,False
723,shi_m,Ming Shi,"Department of Orthopedics, Beijing Chao-Yang Hospital, Beijing, China.",China,3,0,3,1.0,0,0,0.036454969096285296,"Animals, Mice, Cell Line, Tumor, Extracellular Vesicles, Toll-Like Receptor 4, Receptor for Advanced Glycation End Products","Apoptosis : an international journal on programmed cell death, Cell death & disease, European journal of pharmacology",2024-2026,Asia-Pacific,0,64.2,26.0,78.7,44.2,26.0,32.8,47.8,Tier 3,True,False
724,mathew_a,Anisha Mathew,"Department of Medical Oncology, B.R. Ambedkar Institute Rotary Cancer Hospital, All India Institute of Medical Sciences, New Delhi, India.",India,2,1,1,0.5,0,0,0.125634095786338,"Cross-Sectional Studies, Health Expenditures, Quality of Life, Surveys and Questionnaires, Proteasome Inhibitors, Endothelial Cells","The Indian journal of medical research, Frontiers in immunology",2021-2026,Asia-Pacific,1,27.3,65.9,25.6,44.2,65.9,85.4,47.8,Tier 3,False,False
725,nath_u,Uttam Kumar Nath,"Medical Oncology Haematology, All India Institute of Medical Sciences-Rishikesh, Rishikesh, Uttarakhand, India.",India,2,2,1,0.5,0,0,0.029930405304043263,"Plasmacytoma, Skin Neoplasms, Immunoglobulin A, Neoplasms, Glucocorticoids","Postgraduate medical journal, Medical oncology (Northwood, London, England)",2022-2025,Asia-Pacific,2,27.3,86.2,25.6,44.2,86.2,24.4,47.8,Tier 3,False,False
726,lad_d,Deepesh Lad,"Department of Clinical Hematology and Medical Oncology, Postgraduate Institute of Medical Education and Research, Sector 12, 160012 Chandigarh, India.",India,3,0,2,0.667,0,0,0.07493682015562284,,"Indian journal of hematology & blood transfusion : an official journal of Indian Society of Hematology and Blood Transfusion, Leukemia research",2023-2026,Asia-Pacific,0,64.2,26.0,55.1,44.2,26.0,67.3,47.7,Tier 3,False,False
727,lim_j,Julia S L Lim,"Cancer Science Institute of Singapore, National University of Singapore, Centre for Translational Medicine, Singapore, Republic of Singapore.",Singapore,3,0,2,0.667,0,0,0.07576256257538208,"Republic of Korea, Cell Line, Tumor, Cell Proliferation, DNA-Binding Proteins, Up-Regulation, Immunophenotyping","Cancer research, Annals of laboratory medicine, The American journal of gastroenterology",2022-2025,Asia-Pacific,0,64.2,26.0,55.1,44.2,26.0,67.5,47.7,Tier 3,False,False
728,yuan_x,Xiaopei Yuan,"Department of Otorhinolaryngology, Head and Neck Surgery, Peking University People's Hospital, Beijing, China.",China,3,0,2,0.667,0,0,0.07593409107261093,"Plasma Cells, Plasmacytoma, Turbinates, B-Cell Maturation Antigen, Immunotherapy, Adoptive, Receptors, G-Protein-Coupled","The Journal of international medical research, Frontiers in immunology, Nature cancer",2021-2026,Asia-Pacific,0,64.2,26.0,55.1,44.2,26.0,67.7,47.7,Tier 3,False,False
729,corsale_a,Anna Maria Corsale,"Central Laboratory of Advanced Diagnosis and Biomedical Research CLADiBioR, University Hospital of Palermo, University of Palermo, Palermo, Italy.",Italy,2,1,2,1.0,0,0,0.04414249751187847,,"Frontiers in medicine, Blood neoplasia",2025-2026,Europe,1,27.3,65.9,55.1,44.2,65.9,40.8,47.7,Tier 3,False,False
730,ram_m,Meghana Ram,"Department of Oncological Sciences, Icahn School of Medicine at Mount Sinai, New York, NY.",USA,2,1,2,1.0,0,0,0.04367136020815282,,"Blood neoplasia, Pharmacogenomics and personalized medicine",2024-2024,North America,1,27.3,65.9,55.1,44.2,65.9,40.3,47.7,Tier 3,False,False
731,garofano_f,Francesca Garofano,"Laboratory of Experimental Hematology and Immunogenomics, University Hospital of Palermo, Department of Health Promotion, Mother and Child Care, Internal Medicine and Medical Specialties, Hematology Unit, University of Palermo, Palermo, Italy.",Italy,2,1,2,1.0,0,0,0.04414249751187847,,"Frontiers in medicine, Blood neoplasia",2025-2026,Europe,1,27.3,65.9,55.1,44.2,65.9,40.8,47.7,Tier 3,False,False
732,diels_j,Joris Diels,"Janssen Pharmaceutica NV, Beerse, Belgium.",Belgium,3,0,2,0.667,0,0,0.07589842859925382,"Prospective Studies, Neoplasm Recurrence, Local, Proteasome Inhibitors, Progression-Free Survival, Antineoplastic Agents, Physicians","EJHaem, Clinical lymphoma, myeloma & leukemia, Advances in therapy",2022-2024,Europe,0,64.2,26.0,55.1,44.2,26.0,67.6,47.7,Tier 3,False,False
733,huhn_s,Stefanie Huhn,"Department of Internal Medicine V, University of Heidelberg, 69120 Heidelberg, Germany.",Germany,3,0,2,0.667,0,0,0.07603566587831133,"Genome-Wide Association Study, MAP Kinase Signaling System, Whole Genome Sequencing, Germ-Line Mutation","Journal of clinical oncology : official journal of the American Society of Clinical Oncology, Cells",2022-2026,Europe,0,64.2,26.0,55.1,44.2,26.0,67.8,47.7,Tier 3,False,False
734,gan_g,Gin Gin Gan,"Department of Medicine, Faculty of Medicine, Universiti Malaya, Kuala Lumpur 50603, Malaysia.",Unknown,2,1,2,1.0,0,0,0.04386917894249657,"Antibodies, Bispecific, T-Lymphocytes, Immunotherapy, Asia, Southeastern, Incidence, Hematologic Neoplasms","Medicina (Kaunas, Lithuania), JCO global oncology",2025-2025,Unknown,1,27.3,65.9,55.1,44.2,65.9,40.6,47.7,Tier 3,False,False
735,faisal_m,Muhammad Salman Faisal,"Roswell Park Comprehensive Cancer Center, Division of Hematology, Rochester, NY.",Unknown,3,0,2,0.667,0,0,0.07382021986345676,"Hematopoietic Stem Cell Transplantation, Melphalan, Retrospective Studies, Prospective Studies, Transplantation, Autologous, Salvage Therapy","Clinical lymphoma, myeloma & leukemia, Leukemia research, Expert review of hematology",2023-2026,Unknown,0,64.2,26.0,55.1,44.2,26.0,66.7,47.6,Tier 3,False,False
736,stein_c,Catarina M Stein,"Charité - Universitätsmedizin Berlin, Corporate Member of Freie Universität Berlin and Humboldt-Universität zu Berlin, and Berlin Institute of Health, Department of Hematology, Oncology, and Cancer Immunology, Berlin, Germany.",Germany,2,1,2,1.0,0,0,0.042321623150249024,"Clonal Hematopoiesis, Hematopoietic Stem Cell Transplantation, Transplantation, Autologous, Mutation, Clonal Evolution, Hodgkin Disease","Leukemia, Cancer research communications",2026-2026,Europe,1,27.3,65.9,55.1,44.2,65.9,39.2,47.6,Tier 3,False,False
737,lin_c,Chin Lin,"School of Public Health, National Defense Medical Center, Taipei 114, Taiwan.",Taiwan,3,0,2,0.667,0,0,0.07388775284074033,"Dexamethasone, Neoplasm Recurrence, Local, Thalidomide","Life (Basel, Switzerland), Annals of hematology, Frontiers in oncology",2023-2024,Asia-Pacific,0,64.2,26.0,55.1,44.2,26.0,66.7,47.6,Tier 3,False,False
738,rubens_m,Muni Rubens,"Miami Cancer Institute, Miami, FL. Electronic address: mrube001@fiu.edu.",Unknown,2,2,1,0.5,0,0,0.028189910979228485,"Frailty, Hematopoietic Stem Cell Transplantation, Hospital Mortality, Hospitals, Length of Stay, Lymphoma, Non-Hodgkin","Clinical lymphoma, myeloma & leukemia, Current problems in cancer",2022-2026,Unknown,2,27.3,86.2,25.6,44.2,86.2,22.2,47.6,Tier 3,False,False
739,thibaud_s,Santiago Thibaud,"Division of Hematology and Medical Oncology, Icahn School of Medicine at Mount Sinai, New York, NY.",USA,2,1,2,1.0,0,0,0.041802133132765575,"Genetic Predisposition to Disease, Genome-Wide Association Study, Risk Factors","Blood neoplasia, Seminars in hematology",2024-2025,North America,1,27.3,65.9,55.1,44.2,65.9,38.6,47.5,Tier 3,False,False
740,koh_k,Ki Ryang Koh,"Division of Pediatric Hematology/Oncology, Department of Pediatrics, Asan Medical Center Children's Hospital, University of Ulsan College of Medicine, Seoul, Republic of Korea.",South Korea,2,2,1,0.5,0,0,0.026999734082111336,"Plasmacytoma, Testicular Neoplasms, Neoplasm, Residual, Antibodies, Bispecific, Hematologic Neoplasms, T-Lymphocytes","Gan to kagaku ryoho. Cancer & chemotherapy, Seminars in hematology",2023-2025,Asia-Pacific,2,27.3,86.2,25.6,44.2,86.2,21.6,47.5,Tier 3,False,False
741,kaya_e,Erin A Kaya,"Department of Radiation Oncology, Oregon Health Sciences University, Portland, OR 97239, United States. erinkaya@berkeley.edu.",USA,2,1,2,1.0,0,0,0.041909904991363205,,"World journal of clinical oncology, Cureus",2025-2025,North America,1,27.3,65.9,55.1,44.2,65.9,38.8,47.5,Tier 3,False,False
742,marcoux_c,Curtis Marcoux,"Division of Hematology, Dalhousie University, Halifax, Canada.",Canada,2,1,2,1.0,0,0,0.04017564953837525,"Hematopoietic Stem Cell Transplantation, Transplantation, Autologous, Retrospective Studies, Transplantation Conditioning",Transplantation and cellular therapy,2025-2026,North America,1,27.3,65.9,55.1,44.2,65.9,36.9,47.4,Tier 3,False,False
743,blade_j,Joan Bladé,"Department of Hematology Hospital Clinic of Barcelona, Instituto de Investigaciones Biomédicas August Pi I Sunyer (IDIBAPS) Barcelona Spain.",Spain,2,0,2,1.0,4,0,0.050733304224335064,,HemaSphere,2024-2024,Europe,0,27.3,26.0,55.1,98.7,26.0,48.1,47.4,Tier 3,False,False
744,iannozzi_n,Nicolas Thomas Iannozzi,"Department of Medicine and Surgery, University of Parma, 43126 Parma, Italy.",Italy,2,2,1,0.5,0,0,0.026706231454005934,"Bone Marrow, Plasma Cells, Paraproteinemias, Monoclonal Gammopathy of Undetermined Significance, Tumor Microenvironment","International journal of molecular sciences, Annals of hematology",2022-2026,Europe,2,27.3,86.2,25.6,44.2,86.2,20.3,47.4,Tier 3,False,False
745,blue_b,Brandon J Blue,"Moffitt Cancer Center, Tampa, Florida.",USA,3,0,2,0.667,0,0,0.07078632841578444,"Receptors, Chimeric Antigen, Immunotherapy, Adoptive, Neoplasms, Plasma Cell, Albumins, Black or African American, Delivery of Health Care","Transplantation and cellular therapy, Blood cancer journal, Blood",2023-2026,North America,0,64.2,26.0,55.1,44.2,26.0,64.8,47.4,Tier 3,False,False
746,malard_f,Florent Malard,"Sorbonne Université, Centre de Recherche Saint-Antoine INSERM UMRs938, Paris, France. florent.malard@inserm.fr.",France,2,1,2,1.0,0,0,0.039906860443653595,"Neoplasm, Residual, Prognosis, Flow Cytometry","Blood cancer journal, Presse medicale (Paris, France : 1983)",2024-2025,Europe,1,27.3,65.9,55.1,44.2,65.9,36.3,47.3,Tier 3,False,False
747,lee_y,Young Kyung Lee,"Department of Laboratory Medicine, Hallym University Sacred Heart Hospital, Anyang, Republic of Korea.",South Korea,4,0,1,0.25,0,0,0.0871299144927016,"Adolescent, Artificial Intelligence, Ethnicity, Hematologic Neoplasms, Leukemia, Myeloid, Acute, Mutation","Medicine, Journal of bone metabolism, Nature communications",2021-2026,Asia-Pacific,0,78.1,26.0,25.6,44.2,26.0,73.1,47.3,Tier 3,False,False
748,oskarsson_j,Jon Thorir Oskarsson,"Faculty of Medicine, University of Iceland, Reykjavík, Iceland.",Unknown,2,1,2,1.0,0,0,0.03864339140594039,"Monoclonal Gammopathy of Undetermined Significance, Thrombosis, Prospective Studies, Iceland, Risk Factors, Follow-Up Studies","British journal of haematology, Blood cancer journal",2024-2025,Unknown,1,27.3,65.9,55.1,44.2,65.9,34.9,47.2,Tier 3,False,False
749,riva_e,Eloísa Riva,"Hospital de Clínicas, Montevideo, Uruguay; Hospital Británico, Montevideo, Uruguay.",Unknown,2,1,2,1.0,0,0,0.038685731141325876,,"Hematology, transfusion and cell therapy, Journal of clinical oncology : official journal of the American Society of Clinical Oncology",2024-2026,Unknown,1,27.3,65.9,55.1,44.2,65.9,35.1,47.2,Tier 3,False,False
750,peng_c,Cheng Peng,"State Key Laboratory of Drug Research, Drug Discovery and Design Center, Shanghai Institute of Materia Medica, Chinese Academy of Sciences, Shanghai 201203, China.",China,2,1,2,1.0,0,0,0.03915250570962282,,"Acta pharmaceutica Sinica. B, British journal of haematology",2024-2026,Asia-Pacific,1,27.3,65.9,55.1,44.2,65.9,35.8,47.2,Tier 3,False,False
751,ruggeri_a,Annalisa Ruggeri,"Hematology and BMT Unit, IRCCS San Raffaele Hospital, Milano, Italy. annalisaruggeri80@hotmail.com.",Italy,2,1,2,1.0,0,0,0.03886495632498012,,Bone marrow transplantation,2026-2026,Europe,1,27.3,65.9,55.1,44.2,65.9,35.6,47.2,Tier 3,False,False
752,cohen_y,Yael C Cohen,"Tel Aviv Sourasky (Ichilov) Medical Center, Tel Aviv, Israel.",Israel,2,0,2,1.0,2,0,0.05539289174274796,"Tumor Microenvironment, Prognosis, Plasmacytoma","American journal of hematology, Blood advances",2026-2026,Middle East / GCC,0,27.3,26.0,55.1,95.2,26.0,52.4,47.2,Tier 3,False,False
753,gavriatopoulou_m,Maria Gavriatopoulou,"Department of Clinical Therapeutics, School of Medicine, National and Kapodistrian University of Athens, 11528 Athens, Greece.",Greece,5,0,1,0.2,0,0,0.05681521347194719,"Immunogenic Cell Death, Antibodies, Monoclonal, Humanized","Biomedicines, Cureus, American journal of hematology",2021-2025,Europe,0,85.1,26.0,25.6,44.2,26.0,54.8,47.2,Tier 3,False,False
754,marchese_e,Emanuela Marchese,"Dipartimento di Scienze della Salute, Università ""Magna Græcia"" di Catanzaro, Campus ""S. Venuta"", 88100 Catanzaro, Italy.",Italy,2,2,1,0.5,0,0,0.02439045841230471,,"Pharmaceuticals (Basel, Switzerland), International journal of biological macromolecules",2023-2026,Europe,2,27.3,86.2,25.6,44.2,86.2,17.8,47.1,Tier 3,False,False
755,sanchez_l,Larysa Sanchez,"Division of Hematology and Medical Oncology, Icahn School of Medicine at Mount Sinai, New York, NY.",USA,2,0,2,1.0,4,0,0.0464693525863727,,"Blood neoplasia, Clinical lymphoma, myeloma & leukemia",2024-2026,North America,0,27.3,26.0,55.1,98.7,26.0,43.6,47.0,Tier 3,False,False
756,tuglular_a,Ayse Tulin Tuglular,"Division of Hematology, Department of Internal Medicine, Pendik Training and Research Hospital, Marmara University School of Medicine, Istanbul, Türkiye.",Turkey,2,1,2,1.0,0,0,0.03725675700633811,,"Frontiers in medicine, Transplantation and cellular therapy",2026-2026,Middle East / GCC,1,27.3,65.9,55.1,44.2,65.9,33.3,47.0,Tier 3,False,False
757,noguchi_y,Yurika Noguchi,"Division of Hematology and Rheumatology, Department of Medicine,Nihon University School of Medicine, Tokyo, Japan.",Japan,2,1,1,0.5,0,0,0.0980167457655324,"Pharmacovigilance, Adverse Drug Reaction Reporting Systems, Antibodies, Monoclonal, Databases, Factual, United States, Antineoplastic Agents","Cancer diagnosis & prognosis, Expert opinion on drug safety",2021-2024,Asia-Pacific,1,27.3,65.9,25.6,44.2,65.9,77.7,47.0,Tier 3,False,False
758,tang_d,Derek Tang,"Bristol Myers Squibb, Princeton, NJ.",Unknown,3,0,2,0.667,0,0,0.06428390762751499,"Prospective Studies, Quality of Life, Registries, Delivery of Health Care, Receptors, Antigen, T-Cell, Dexamethasone","Clinical lymphoma, myeloma & leukemia, Frontiers in immunology, Pathology",2023-2026,Unknown,0,64.2,26.0,55.1,44.2,26.0,60.7,47.0,Tier 3,False,False
759,ding_k,Kai Ding,"Department of Hematology, Tianjin Medical University General Hospital, Tianjin 300052, China.",China,4,0,2,0.5,0,0,0.031196484874441092,"Animals, Tumor Microenvironment, Mice, Photosensitizing Agents, Serum Albumin, Bovine, Reactive Oxygen Species","Cancers, Advanced materials (Deerfield Beach, Fla.), Journal of translational internal medicine",2022-2026,Asia-Pacific,0,78.1,26.0,55.1,44.2,26.0,25.7,47.0,Tier 3,False,False
760,tran_t,Thien An Tran,"Division of Haematology, Department of Oncology, Geneva University Hospitals, Geneva, Switzerland.",Switzerland,2,1,2,1.0,0,0,0.03749555424420872,"Antibodies, Bispecific, Leukemia, Plasma Cell, Receptors, G-Protein-Coupled, B-Cell Maturation Antigen, Antineoplastic Agents, Immunological","Frontiers in immunology, American journal of therapeutics",2024-2026,Europe,1,27.3,65.9,55.1,44.2,65.9,33.8,47.0,Tier 3,False,False
761,ozkocaman_v,Vildan Ozkocaman,"Department of Internal Medicine, Bursa Uludag University, Bursa, TUR.",Unknown,3,0,3,1.0,0,0,0.029973170278586155,,"Cureus, Transplantation and cellular therapy, Diagnostics (Basel, Switzerland)",2024-2026,Unknown,0,64.2,26.0,78.7,44.2,26.0,24.6,47.0,Tier 3,True,False
762,toptas_t,Tayfur Toptas,"Division of Hematology, Department of Internal Medicine, Pendik Training and Research Hospital, Marmara University School of Medicine, Istanbul, Türkiye.",Turkey,2,1,2,1.0,0,0,0.03725675700633811,,"Frontiers in medicine, Transplantation and cellular therapy",2026-2026,Middle East / GCC,1,27.3,65.9,55.1,44.2,65.9,33.3,47.0,Tier 3,False,False
763,ziccheddu_b,Bachisio Ziccheddu,"Myeloma Service, Memorial Sloan Kettering Cancer Center, New York, NY, USA.",USA,2,1,1,0.5,0,0,0.09736815345927227,,"medRxiv : the preprint server for health sciences, bioRxiv : the preprint server for biology",2023-2025,North America,1,27.3,65.9,25.6,44.2,65.9,77.4,47.0,Tier 3,False,False
764,guren_c,Ceren Uzunoglu Guren,"Division of Hematology, Department of Internal Medicine, Pendik Training and Research Hospital, Marmara University School of Medicine, Istanbul, Türkiye.",Turkey,2,1,2,1.0,0,0,0.03725675700633811,,"Frontiers in medicine, Transplantation and cellular therapy",2026-2026,Middle East / GCC,1,27.3,65.9,55.1,44.2,65.9,33.3,47.0,Tier 3,False,False
765,hu_z,Zhongli Hu,"Hematology Department, First Hospital of Jilin University, Changchun, Jilin, China.",China,3,0,2,0.667,0,0,0.061299674859455436,"Neoplasm, Residual, Mice, Animals, Cell Line, Tumor, Positron-Emission Tomography, Peptides","American journal of hematology, Molecular pharmaceutics, Modern pathology : an official journal of the United States and Canadian Academy of Pathology, Inc",2023-2026,Asia-Pacific,0,64.2,26.0,55.1,44.2,26.0,59.2,46.9,Tier 3,False,False
766,shu_l,Lingling Shu,"State Key Laboratory of Oncology in South China, Collaborative Innovation Center for Cancer Medicine, Sun Yat-sen University Cancer Center, Guangzhou, Guangdong 510060, China.",China,2,1,2,1.0,0,0,0.03587409503374052,"Antibodies, Bispecific, B-Cell Maturation Antigen, Receptors, G-Protein-Coupled, CD3 Complex, Clinical Trials as Topic, Antineoplastic Agents, Immunological","Genes & diseases, Frontiers in immunology",2024-2026,Asia-Pacific,1,27.3,65.9,55.1,44.2,65.9,32.2,46.9,Tier 3,False,False
767,lin_d,Dee Lin,"Janssen Scientific Affairs, LLC, Horsham, PA.",Unknown,2,1,2,1.0,0,0,0.03499552015116222,"Retrospective Studies, Outpatients, Health Resources, Patient Acceptance of Health Care, Boron Compounds, Glycine","JCO oncology practice, Zhongguo shi yan xue ye xue za zhi",2025-2025,Unknown,1,27.3,65.9,55.1,44.2,65.9,31.1,46.8,Tier 3,False,False
768,munawar_u,Umair Munawar,"Department of Internal Medicine II, University Hospital of Würzburg, Würzburg, Germany.",Germany,2,1,1,0.5,0,0,0.09399112226645465,"Immunotherapy, T-Lymphocytes, Antibodies, Monoclonal, Receptors, Death Domain, Fas-Associated Death Domain Protein","Communications biology, Experimental hematology & oncology",2023-2025,Europe,1,27.3,65.9,25.6,44.2,65.9,75.8,46.8,Tier 3,False,False
769,zhu_l,Li Zhu,"Department of Hematology and Lymphoma, Tumor Hospital Affiliated to Nantong University, Nantong, China.",China,3,0,2,0.667,0,0,0.060088049089240834,,"Translational cancer research, Frontiers in oncology, Blood",2022-2026,Asia-Pacific,0,64.2,26.0,55.1,44.2,26.0,58.3,46.8,Tier 3,False,False
770,rahman_r,Raeef Rahman,"Division of Hematologic Malignancies & Cellular Therapeutics, University of Kansas Medical Center, Westwood, Kansas.",USA,2,1,2,1.0,0,0,0.03520994077418175,"Retrospective Studies, Pharmacovigilance, Immunotherapy, Adoptive, Lymphohistiocytosis, Hemophagocytic, Receptors, Chimeric Antigen, United States","Transplantation and cellular therapy, Current oncology (Toronto, Ont.)",2026-2026,North America,1,27.3,65.9,55.1,44.2,65.9,31.2,46.8,Tier 3,False,False
771,yoshida_m,Mina Yoshida,"Department of Hematology and Oncology, Graduate School of Medicine, The University of Tokyo, 7-3-1 Hongo, Bunkyo-Ku, Tokyo, 113-8655, Japan.",Japan,2,2,0,0.0,0,0,0.04525846861057686,"Shock, Septic, Streptococcus agalactiae, Streptococcus pyogenes, Streptococcal Infections, Bacteremia, Epstein-Barr Virus Infections","Journal of infection and chemotherapy : official journal of the Japan Society of Chemotherapy, International journal of hematology",2023-2023,Asia-Pacific,2,27.3,86.2,6.4,44.2,86.2,42.6,46.7,Tier 3,False,False
772,kurokawa_m,Mineo Kurokawa,"Department of Hematology and Oncology, Graduate School of Medicine, The University of Tokyo, 7-3-1 Hongo, Bunkyo-Ku, Tokyo, 113-8655, Japan; Department of Cell Therapy and Transplantation Medicine, The University of Tokyo Hospital, 7-3-1 Hongo, Bunkyo-Ku, Tokyo, 113-8655, Japan. Electronic address: kurokawa@m.u-tokyo.ac.jp.",Japan,2,2,0,0.0,0,0,0.04525846861057686,"Shock, Septic, Streptococcus agalactiae, Streptococcus pyogenes, Streptococcal Infections, Bacteremia, Epstein-Barr Virus Infections","Journal of infection and chemotherapy : official journal of the Japan Society of Chemotherapy, International journal of hematology",2023-2023,Asia-Pacific,2,27.3,86.2,6.4,44.2,86.2,42.6,46.7,Tier 3,False,False
773,barbu_s,Sinziana Barbu,"Clinical Department I, Hematology, Fundeni Clinical Institute, 022328 Bucharest, Romania.",Romania,3,0,3,1.0,0,0,0.02821393977361224,"Romania, Risk, Recurrence, Tumor Suppressor Protein p53, In Situ Hybridization, Chromosome Deletion","Cancers, International journal of molecular sciences, Journal of clinical medicine",2025-2026,Europe,0,64.2,26.0,78.7,44.2,26.0,22.4,46.7,Tier 3,True,False
774,zidaru_l,Larisa Zidaru,"Clinical Department I, Hematology, Fundeni Clinical Institute, 022328 Bucharest, Romania.",Romania,3,0,3,1.0,0,0,0.02821393977361224,"Romania, Risk, Recurrence, Tumor Suppressor Protein p53, In Situ Hybridization, Chromosome Deletion","Cancers, International journal of molecular sciences, Journal of clinical medicine",2025-2026,Europe,0,64.2,26.0,78.7,44.2,26.0,22.4,46.7,Tier 3,True,False
775,lee_r,Robert J Lee,"Division of Pharmaceutics and Pharmacology, College of Pharmacy, The Ohio State University, Columbus, OH 43210, USA.",USA,2,2,1,0.5,0,0,0.02082991002143532,"Diagnosis, Differential, Lymphoma, Large B-Cell, Diffuse, Magnetic Resonance Imaging, Paraplegia, Plasmablastic Lymphoma, Spinal Cord Compression","Pharmaceutics, BMJ case reports",2023-2024,North America,2,27.3,86.2,25.6,44.2,86.2,13.3,46.7,Tier 3,False,False
776,hus_m,Marek Hus,"Department of Hematooncology and Bone Marrow Transplantation, Medical University of Lublin, Poland.",Poland,2,1,1,0.5,0,0,0.09076126583816788,"Boron Compounds, Dexamethasone, Glycine, Lenalidomide, Neoplasm Recurrence, Local","Annals of agricultural and environmental medicine : AAEM, The New England journal of medicine",2022-2026,Europe,1,27.3,65.9,25.6,44.2,65.9,74.5,46.7,Tier 3,False,False
777,himcinschi_m,Mihai Emanuel Himcinschi,"Hematology Department, ""Carol Davila"" University of Medicine and Pharmacy, 050474 Bucharest, Romania.",Romania,3,0,3,1.0,0,0,0.02821393977361224,"Romania, Risk, Recurrence, Tumor Suppressor Protein p53, In Situ Hybridization, Chromosome Deletion","Cancers, International journal of molecular sciences, Journal of clinical medicine",2025-2026,Europe,0,64.2,26.0,78.7,44.2,26.0,22.4,46.7,Tier 3,True,False
778,su_y,Yong-Feng Su,"Department of Hematopoietic Stem Cell Transplantation, The Fifth Medical Center of PLA General Hospital, Beijing 100071, China.",China,2,1,1,0.5,0,0,0.08784312516245878,"Hematopoietic Stem Cell Mobilization, Lymphoma, Peripheral Blood Stem Cells, Retrospective Studies","Zhongguo shi yan xue ye xue za zhi, Cancer pathogenesis and therapy",2021-2025,Asia-Pacific,1,27.3,65.9,25.6,44.2,65.9,73.4,46.6,Tier 3,False,False
779,joao_c,Cristina João,"Hemato-Oncology Unit, Hematology Department Fundação Champalimaud Lisbon Portugal.",Portugal,2,1,2,1.0,0,0,0.03432901741923727,,"EJHaem, Translational oncology",2024-2026,Europe,1,27.3,65.9,55.1,44.2,65.9,29.3,46.6,Tier 3,False,False
780,bagal_b,Bhausaheb Bagal,"BMT Unit, Department of Medical Oncology, Tata Memorial Centre, ACTREC, Kharghar, Navi Mumbai, 410210 India.",India,2,1,2,1.0,0,0,0.03442315625728227,,"Indian journal of hematology & blood transfusion : an official journal of Indian Society of Hematology and Blood Transfusion, EJHaem",2025-2026,Asia-Pacific,1,27.3,65.9,55.1,44.2,65.9,29.7,46.6,Tier 3,False,False
781,doi_h,Hiroki Doi,"Field of Clinical Laboratory Sciences, Fujita Health University Graduate School of Health Sciences, Toyoake, 470-1192, Japan.",Japan,2,2,1,0.5,0,0,0.02013138999886967,"Apoptosis, Cell Line, Tumor, Cytarabine, Diterpenes, Reactive Oxygen Species, Andrographis paniculata","F1000Research, Anticancer research",2021-2026,Asia-Pacific,2,27.3,86.2,25.6,44.2,86.2,12.0,46.6,Tier 3,False,False
782,qin_y,Yanru Qin,"Department of Oncology, The First Affiliated Hospital of Zhengzhou University, Zhengzhou, China.",China,2,2,1,0.5,0,0,0.01952735630816399,"Receptors, Chimeric Antigen, Neoplasm Recurrence, Local, Immunotherapy, Adoptive, Cell- and Tissue-Based Therapy, Tumor Microenvironment","Frontiers in immunology, Frontiers in pharmacology",2022-2026,Asia-Pacific,2,27.3,86.2,25.6,44.2,86.2,11.7,46.5,Tier 3,False,False
783,wolf_j,Julia Wolf,"National Health Service Blood and Transplant, Filton, United Kingdom; Bristol Haematology and Oncology Centre, Bristol, United Kingdom. Electronic address: julia.wolf@nhsbt.nhs.uk.",UK,2,1,0,0.0,1,0,0.01639385043447442,"Hematopoietic Stem Cells, Salvage Therapy, Transplantation, Autologous","Transplantation and cellular therapy, Frontiers in oncology",2021-2021,Europe,1,27.3,65.9,6.4,91.0,65.9,7.7,46.5,Tier 3,False,False
784,schavgoulidze_a,Anais Schavgoulidze,"Team Genomic and Immunology of Multiple Myeloma, Centre de Recherche en Cancérologie de Toulouse INSERM U1037-Paul Sabatier University-CNRS, Toulouse, France; Unit for Genomics in Myeloma, Institut Universitaire du Cancer de Toulouse Oncopole, University Hospital, Toulouse.",France,2,1,2,1.0,0,0,0.033730052194685924,,"Haematologica, Blood",2026-2026,Europe,1,27.3,65.9,55.1,44.2,65.9,28.6,46.5,Tier 3,False,False
785,schecter_j,Jordan M Schecter,Janssen R&D Raritan New Jersey USA.,USA,3,0,2,0.667,0,0,0.05777061905184529,"Progression-Free Survival, Prospective Studies, Neoplasm Recurrence, Local, Proteasome Inhibitors, Lenalidomide, Antibodies, Monoclonal","EJHaem, Clinical lymphoma, myeloma & leukemia, European journal of cancer (Oxford, England : 1990)",2022-2025,North America,0,64.2,26.0,55.1,44.2,26.0,55.7,46.5,Tier 3,False,False
786,sevindik_o,Ömür Gökmen Sevindik,"Department of Hematology, Medipol University Faculty of Medicine, İstanbul, Turkey.",Turkey,2,1,2,1.0,0,0,0.03295543259740762,"Monoclonal Gammopathy of Undetermined Significance, Phosphatidylinositol 3-Kinases, Turkey, Neoplasm Recurrence, Local, Germ Cells, Genetic Predisposition to Disease","British journal of haematology, Indian journal of hematology & blood transfusion : an official journal of Indian Society of Hematology and Blood Transfusion",2024-2025,Middle East / GCC,1,27.3,65.9,55.1,44.2,65.9,28.2,46.5,Tier 3,False,False
787,pathangey_l,Latha Pathangey,Mayo Clinic Arizona USA.,USA,3,0,3,1.0,0,0,0.025668741628727842,"Cell Line, Tumor, Drug Resistance, Neoplasm, Gene Knockout Techniques, Ferritins, Reactive Oxygen Species, Iron","Hematology, transfusion and cell therapy, European journal of haematology, Cancer research communications",2026-2026,North America,0,64.2,26.0,78.7,44.2,26.0,20.0,46.5,Tier 3,True,False
788,theodorakakou_f,Foteini Theodorakakou,Department of Clinical Therapeutics School of Medicine National and Kapodistrian University of Athens Athens Greece.,Greece,3,0,3,1.0,0,0,0.02522255192878338,,"EJHaem, Clinical lymphoma, myeloma & leukemia, Proteomics",2025-2026,Europe,0,64.2,26.0,78.7,44.2,26.0,18.8,46.4,Tier 3,True,False
789,huang_n,Na Huang,"Department of Radiotherapy, Radiation Oncology Key Laboratory of Sichuan Province, Sichuan Clinical Research Center for Cancer, Sichuan Cancer Hospital & Institute, Sichuan Cancer Center, Affiliated Cancer Hospital of University of Electronic Science and Technology of China, Chengdu, China.",China,2,2,1,0.5,0,0,0.01806577336904017,,"Frontiers in oncology, Frontiers in nutrition",2023-2025,Asia-Pacific,2,27.3,86.2,25.6,44.2,86.2,10.1,46.4,Tier 3,False,False
790,huang_g,Gan Huang,"Key Specialty of Clinical Pharmacy, The First Affiliated Hospital of Guangdong Pharmaceutical University, Guangzhou, Guangdong Province, China.",China,3,0,3,1.0,0,0,0.024945383634300433,"Fluorodeoxyglucose F18, Positron Emission Tomography Computed Tomography, Radiopharmaceuticals, Radiomics, Pharmacovigilance, Adverse Drug Reaction Reporting Systems","Nuclear medicine communications, Expert opinion on drug safety, Zhongguo shi yan xue ye xue za zhi",2024-2024,Asia-Pacific,0,64.2,26.0,78.7,44.2,26.0,18.7,46.4,Tier 3,True,False
791,imada_k,Kazunori Imada,Department of Hematology Japanese Red Cross Osaka Hospital Osaka Japan.,Japan,3,0,1,0.333,0,0,0.30459955628850266,"Antibodies, Bispecific, Japan, Recurrence, Survival Rate, East Asian People","EJHaem, Therapeutic advances in hematology, International journal of hematology",2021-2026,Asia-Pacific,0,64.2,26.0,25.6,44.2,26.0,97.4,46.3,Tier 3,False,False
792,ibrahim_n,Nourhan Ibrahim,"Department of Pathology, The University of Texas Health Science Center at Houston, Houston, Texas.",USA,2,1,2,1.0,0,0,0.03126733351521312,"Biomarkers, Tumor, Flow Cytometry, Immunophenotyping, Retrospective Studies, Leukemia, Plasma Cell, Plasma Cells","Modern pathology : an official journal of the United States and Canadian Academy of Pathology, Inc, Seminars in diagnostic pathology",2026-2026,North America,1,27.3,65.9,55.1,44.2,65.9,26.1,46.3,Tier 3,False,False
793,siragusa_s,Sergio Siragusa,"Department of Health Promotion and Child Care, Internal Medicine and Medical Specialties, Università degli Studi di Palermo, Palermo, Italy.",Italy,3,0,2,0.667,0,0,0.05615868502771159,"Erythrocyte Deformability, Blood Viscosity, Lasers, Stress, Mechanical","Microvascular research, Frontiers in medicine, Blood neoplasia",2023-2026,Europe,0,64.2,26.0,55.1,44.2,26.0,53.2,46.3,Tier 3,False,False
794,sun_j,Jialin Sun,"Department of Cancer Biology, Dana-Farber Cancer Institute, Boston, Massachusetts 02215, United States.",USA,3,0,2,0.667,0,0,0.05567594114727782,"Binding Sites, Casein Kinase Ialpha, Cell Line, Tumor, Cell Proliferation, Cyclic Nucleotide Phosphodiesterases, Type 6, Immunotherapy","Journal of medicinal chemistry, Annals of hematology, Clinical radiology",2022-2025,North America,0,64.2,26.0,55.1,44.2,26.0,53.0,46.3,Tier 3,False,False
795,hu_w,Wei Hu,"Hunan Province Key Laboratory of Tumor Cellular & Molecular Pathology, Cancer Research Institute, Hengyang Medical School, University of South China, Changshengxi Road 28#, Hengyang, 421001, Hunan, China.",China,2,1,2,1.0,0,0,0.031491001615773374,"Reactive Oxygen Species, Melphalan, DNA Damage, Apoptosis, Drug Combinations, Allyl Compounds","Annals of hematology, Theranostics",2024-2026,Asia-Pacific,1,27.3,65.9,55.1,44.2,65.9,26.4,46.3,Tier 3,False,False
796,zhou_p,Ping Zhou,"The John Conant Davis Myeloma and Amyloid Program, Tufts Medical Center, Boston, MA, USA.",USA,2,1,2,1.0,0,0,0.030856124842528285,"Prognosis, Biomarkers, Tumor, Gene Expression Regulation, Neoplastic, Gene Expression Profiling, Transcriptome, Databases, Genetic","British journal of cancer research, Frontiers in immunology",2024-2025,North America,1,27.3,65.9,55.1,44.2,65.9,25.5,46.2,Tier 3,False,False
797,moosajee_m,Munira Moosajee,"Agha Khan University Hospital, Karachi, Pakistan.",Pakistan,2,1,1,0.5,0,0,0.0785304938063666,,"Indian journal of hematology & blood transfusion : an official journal of Indian Society of Hematology and Blood Transfusion, Ecancermedicalscience",2022-2025,Asia-Pacific,1,27.3,65.9,25.6,44.2,65.9,69.1,46.2,Tier 3,False,False
798,chen_f,Fengjiao Chen,"Department of Hematology, West China Hospital, Sichuan University, Chengdu610041, P. R. China.",China,3,0,2,0.667,0,0,0.05563340872018358,"China, Retrospective Studies, Early Detection of Cancer, Myeloma Proteins, Blood Protein Electrophoresis, Follow-Up Studies","ACS omega, Cancer medicine, BMC cancer",2023-2024,Asia-Pacific,0,64.2,26.0,55.1,44.2,26.0,52.9,46.2,Tier 3,False,False
799,hose_d,Dirk Hose,"Department of Hematology and Immunology, Vrije Universiteit Brussel (VUB), Brussels, Belgium.",Belgium,2,1,1,0.5,0,0,0.07907526877895335,"RecQ Helicases, Melphalan, DNA Repair, Drug Resistance, Bortezomib, Animals","Frontiers in immunology, Journal of hematology & oncology",2022-2024,Europe,1,27.3,65.9,25.6,44.2,65.9,69.3,46.2,Tier 3,False,False
800,taylor_a,Allison O Taylor,"Division of Hematologic Malignancies and Cellular Therapy, Department of Medicine, Duke University School of Medicine, Durham, North Carolina, USA, duke.edu.",USA,2,1,2,1.0,0,0,0.029967093132556438,"Antibodies, Monoclonal, Humanized, Computer Simulation, Dexamethasone, Models, Biological, Thalidomide, Markov Chains","Case reports in hematology, CPT: pharmacometrics & systems pharmacology",2025-2026,North America,1,27.3,65.9,55.1,44.2,65.9,24.5,46.1,Tier 3,False,False
801,hayman_s,Suzanne R Hayman,"Division of Hematology, Mayo Clinic Rochester, Rochester, MN.",Unknown,3,0,2,0.667,0,0,0.053633234740057434,"Retrospective Studies, Hematopoietic Stem Cell Transplantation, In Situ Hybridization, Fluorescence, Transplantation, Autologous, Neoplasm Recurrence, Local, Disease Progression","Clinical lymphoma, myeloma & leukemia, Blood cancer journal, American journal of hematology",2023-2026,Unknown,0,64.2,26.0,55.1,44.2,26.0,51.1,46.1,Tier 3,False,False
802,hu_b,Bin Hu,"Department of Hematology, the Second Xiangya Hospital, School of Life Sciences, Hunan Province Key Laboratory of Basic and Applied Hematology, Central South University, Changsha 410011, Hunan, China.",China,2,1,2,1.0,0,0,0.029765535606492723,"Animals, Mice, Cell Line, Tumor, Xenograft Model Antitumor Assays, Cell Proliferation, Antineoplastic Agents","Biochemical pharmacology, Frontiers in immunology",2025-2025,Asia-Pacific,1,27.3,65.9,55.1,44.2,65.9,24.2,46.1,Tier 3,False,False
803,beer_h,Hayley Beer,"Department of Haematology, Peter MacCallum Cancer Centre and Royal Melbourne Hospital, Melbourne, Australia.",Australia,2,2,1,0.5,0,0,0.01640822983711033,"Bortezomib, COVID-19, Dexamethasone, Pandemics, SARS-CoV-2, Qualitative Research","Expert review of hematology, JMIR research protocols",2021-2025,Asia-Pacific,2,27.3,86.2,25.6,44.2,86.2,7.8,46.1,Tier 3,False,False
804,li_t,Tingting Li,"Institute of Hematology, Union Hospital, Tongji Medical College, Huazhong University of Science and Technology, Wuhan, People's Republic of China.",China,3,0,3,1.0,0,0,0.022415495907010446,"Animals, Mice, Chromatin, RNA, Long Noncoding, RNA, Small Nucleolar, Mice, Inbred NOD","American journal of physiology. Cell physiology, Frontiers in oncology, Frontiers in immunology",2024-2025,Asia-Pacific,0,64.2,26.0,78.7,44.2,26.0,16.0,46.1,Tier 3,True,False
805,dingli_d,David Dingli,"Division of Hematology, Mayo Clinic Rochester, Rochester, MN.",Unknown,3,0,2,0.667,0,0,0.053633234740057434,"Retrospective Studies, Hematopoietic Stem Cell Transplantation, In Situ Hybridization, Fluorescence, Transplantation, Autologous, Neoplasm Recurrence, Local, Disease Progression","Clinical lymphoma, myeloma & leukemia, Blood cancer journal, American journal of hematology",2023-2026,Unknown,0,64.2,26.0,55.1,44.2,26.0,51.1,46.1,Tier 3,False,False
806,alolayan_a,Abdulmalik Mohammed Alolayan,"Unaizah College of Pharmacy, Qassim University, Buraydah 52571, Saudi Arabia.",Saudi Arabia,2,2,1,0.5,0,0,0.014836795252225518,"Hematopoietic Stem Cell Transplantation, Immunoglobulin Light-chain Amyloidosis, Transplantation, Autologous, Lymphoma, Non-Hodgkin, Stem Cell Transplantation","Cells, Journal of clinical medicine",2023-2024,Middle East / GCC,2,27.3,86.2,25.6,44.2,86.2,5.9,46.0,Tier 3,False,False
807,stockerlgoldstein_k,Keith E Stockerl-Goldstein,"Division of Oncology, Washington University School of Medicine, St. Louis, MO.",Unknown,2,1,2,1.0,0,0,0.028619452475602256,"Pilot Projects, Prospective Studies, Continuity of Patient Care, Patient Transfer, Paraproteinemias","Blood neoplasia, Cancer control : journal of the Moffitt Cancer Center",2024-2025,Unknown,1,27.3,65.9,55.1,44.2,65.9,23.5,46.0,Tier 3,False,False
808,chaulagain_c,Chakra P Chaulagain,"Department of Hematology-Oncology, Myeloma and Amyloidosis Program, Maroone Cancer Center, Cleveland Clinic Florida, Weston, FL, USA.",USA,2,1,1,0.5,0,0,0.0757410314433765,"Anemia, Sickle Cell, Iron Overload","The American journal of case reports, The New England journal of medicine",2021-2026,North America,1,27.3,65.9,25.6,44.2,65.9,67.5,46.0,Tier 3,False,False
809,mahapatra_m,Manoranjan Mahapatra,"Department of Hematology, All India Institute of Medical Sciences, New Delhi, India.",India,2,2,1,0.5,0,0,0.014836795252225518,"Plasma Cells, Plasmacytoma, Primary Myelofibrosis, In Situ Hybridization, Fluorescence, Retrospective Studies, Cross-Sectional Studies","Journal of clinical and experimental hematopathology : JCEH, Journal of hematopathology",2023-2025,Asia-Pacific,2,27.3,86.2,25.6,44.2,86.2,5.9,46.0,Tier 3,False,False
810,basak_g,G W Basak,"Medical University of Warsaw, Department of Hematology, Transplantation and Internal Medicine, Warsaw, Poland.",Poland,2,1,1,0.5,0,0,0.07596115841445554,"Accreditation, Bone Marrow, Hematology, Immunotherapy, Adoptive, Receptors, Antigen, T-Cell, Receptors, Chimeric Antigen","Annals of oncology : official journal of the European Society for Medical Oncology, Scientific reports",2022-2024,Europe,1,27.3,65.9,25.6,44.2,65.9,67.8,46.0,Tier 3,False,False
811,xiang_x,Xue Xiang,"Department of Hematology, Lanzhou University Second Hospital, Lanzhou 730000, Gansu Province, China.",China,2,2,1,0.5,0,0,0.014893387617528482,"Prognosis, Immunoglobulin Light Chains, Recurrence, Retrospective Studies, Machine Learning, Neoplastic Stem Cells","Zhongguo shi yan xue ye xue za zhi, Computer methods and programs in biomedicine",2021-2026,Asia-Pacific,2,27.3,86.2,25.6,44.2,86.2,6.4,46.0,Tier 3,False,False
812,guo_s,Sha Guo,"Center of Hematology, the First Affiliated Hospital of Xinjiang Medical University, Xinjiang Uygur Autonomous, Xinjing, People's Republic of China.",China,3,0,3,1.0,0,0,0.021486892521814734,"CD4-Positive T-Lymphocytes, Galectins, Hepatitis A Virus Cellular Receptor 2, Leukocytes, Mononuclear, Receptors, Chimeric Antigen, Immunotherapy, Adoptive","Hematology (Amsterdam, Netherlands), Cancer gene therapy, Zhongguo shi yan xue ye xue za zhi",2024-2024,Asia-Pacific,0,64.2,26.0,78.7,44.2,26.0,14.1,45.9,Tier 3,True,False
813,teng_m,Mingxing Teng,"Department of Cancer Biology, Dana-Farber Cancer Institute, Boston, Massachusetts 02215, United States.",USA,2,1,1,0.5,0,0,0.07438249136926882,"Binding Sites, Casein Kinase Ialpha, Cell Line, Tumor, Cell Proliferation, Cyclic Nucleotide Phosphodiesterases, Type 6, Immunotherapy","Journal of medicinal chemistry, Cancer research",2022-2026,North America,1,27.3,65.9,25.6,44.2,65.9,67.0,45.9,Tier 3,False,False
814,dhodapkar_m,Madhav V Dhodapkar,"Emory University, Atlanta, Georgia.",Unknown,2,0,1,0.5,2,0,0.1200322950469726,"Transcriptome, CD8-Positive T-Lymphocytes, Pilot Projects, Single-Cell Gene Expression Analysis, Tumor Microenvironment, Follow-Up Studies","Cancer research communications, Clinical lymphoma, myeloma & leukemia",2022-2026,Unknown,0,27.3,26.0,25.6,95.2,26.0,84.0,45.9,Tier 3,False,False
815,ma_l,Le Ma,"Department of Hematology, The First Affiliated Hospital of Xi'an Jiaotong University, Xi'an, China.",China,5,0,1,0.2,0,0,0.04469207165198541,"Antineoplastic Agents, Biomarkers, Pharmacological, Bortezomib, Dexamethasone, Drug Monitoring, Gene Expression Profiling","Frontiers in genetics, Annals of clinical and laboratory science, Zhongguo shi yan xue ye xue za zhi",2021-2025,Asia-Pacific,0,85.1,26.0,25.6,44.2,26.0,41.6,45.9,Tier 3,False,False
816,wang_t,Tianyao Wang,"Department of Nuclear Medicine, Peking University First Hospital, No. 8 Xishiku Str., Xicheng Dist, Beijing, 100034, China.",China,2,1,2,1.0,0,0,0.026788551424308176,"Animals, ADP-ribosyl Cyclase 1, Mice, Positron-Emission Tomography, Cell Line, Tumor, Gallium Radioisotopes","European journal of nuclear medicine and molecular imaging, EJHaem",2025-2025,Asia-Pacific,1,27.3,65.9,55.1,44.2,65.9,20.9,45.8,Tier 3,False,False
817,zhao_c,Chunxia Zhao,"School of Nursing, Nanchang University, Nanchang, China.",China,3,0,2,0.667,0,0,0.050983271032622915,"Monocytes, Prognosis, Immunophenotyping, Bone Marrow, Flow Cytometry, ADP-ribosyl Cyclase 1","Frontiers in oncology, Zhongguo shi yan xue ye xue za zhi, Proceedings of the National Academy of Sciences of the United States of America",2022-2024,Asia-Pacific,0,64.2,26.0,55.1,44.2,26.0,48.4,45.8,Tier 3,False,False
818,khan_s,Sahar Khan,"Department of Medical Oncology and Hematology, Princess Margaret Cancer Centre, University Health Network, Toronto, Ontario, Canada. Electronic address: Sahar.khan@wrh.on.ca.",Canada,2,1,1,0.5,0,0,0.07238655955367704,"Autografts, Salvage Therapy, Retrospective Studies, Neoplasm Recurrence, Local, Transplantation, Autologous, Hematopoietic Stem Cell Transplantation","Clinical lymphoma, myeloma & leukemia, Ecancermedicalscience",2023-2025,North America,1,27.3,65.9,25.6,44.2,65.9,65.7,45.8,Tier 3,False,False
819,yang_r,Ruoyu Yang,"Department of Hematology, The Second Affiliated Hospital of Xi'an JiaoTong University, Xi'an, Shaanxi, China.",China,3,0,3,1.0,0,0,0.020867361595413934,"Retinoblastoma Binding Proteins, Animals, Retinoblastoma Protein, Mutation, Ubiquitin-Protein Ligases, Hematopoietic Stem Cell Transplantation","Frontiers in immunology, Transplantation and cellular therapy, Computer methods and programs in biomedicine",2024-2026,Asia-Pacific,0,64.2,26.0,78.7,44.2,26.0,13.4,45.8,Tier 3,True,False
820,an_y,Yang An,"School of Medical Information and Artificial Intelligence, Shandong First Medical University, Jinan, 250117, China; University of Technology Sydney, Sydney, NSW, 2007, Australia. Electronic address: Yang.An@alumni.uts.edu.au.",Australia,2,1,2,1.0,0,0,0.02673020589163685,"Machine Learning, Prognosis, Neoplastic Stem Cells, Side-Population Cells, Gene Expression Profiling, Algorithms","Computer methods and programs in biomedicine, Frontiers in immunology",2026-2026,Asia-Pacific,1,27.3,65.9,55.1,44.2,65.9,20.7,45.7,Tier 3,False,False
821,gu_m,Mingyuan Gu,"Department of Research and Development, Hrain Biotechnology Co., Ltd., 9th Floor, Building 1, 1238 Zhangjiang Road, Pudong New District, Shanghai, China.",China,3,0,2,0.667,0,0,0.05025598323498885,"Antigens, CD19, B-Cell Maturation Antigen, Immunotherapy, Adoptive, Leukocytes, Mononuclear, Lymphoma, Monocytes","Journal of translational medicine, Translational cancer research, Blood and lymphatic cancer : targets and therapy",2022-2025,Asia-Pacific,0,64.2,26.0,55.1,44.2,26.0,47.7,45.7,Tier 3,False,False
822,bolli_n,Niccolò Bolli,"Department of Oncology and Hemato-Oncology, University of Milan, 20122 Milan, Italy.",Italy,3,0,1,0.333,0,0,0.1800053796721192,"Immunoglobulin Heavy Chains, V(D)J Recombination, Gene Rearrangement, Sequence Analysis, RNA, Neoplasm, Residual, Clinical Trials as Topic","International journal of molecular sciences, medRxiv : the preprint server for health sciences, Clinical lymphoma, myeloma & leukemia",2022-2026,Europe,0,64.2,26.0,25.6,44.2,26.0,92.0,45.7,Tier 3,False,False
823,xu_n,Ning Xu,"Institute for Myeloma and Bone Cancer Research, West Hollywood, CA, United States.",USA,3,0,2,0.667,0,0,0.04855515083317926,"Bone Marrow, T-Lymphocytes, T Lineage-Specific Activation Antigen 1, Receptors, Immunologic, Lymphocyte Activation, Antigens, Differentiation, T-Lymphocyte","Clinical infection in practice, Experimental hematology, Clinical cancer research : an official journal of the American Association for Cancer Research",2023-2026,North America,0,64.2,26.0,55.1,44.2,26.0,46.5,45.6,Tier 3,False,False
824,xue_l,Lianguo Xue,"Department of Hematology, The First People's Hospital of Lianyungang, No. 182 Tongguan North Road, Haizhou District, Lianyungang City, 222002, Jiangsu Province, China.",China,2,2,1,0.5,0,0,0.010476091240718636,"Adaptor Proteins, Vesicular Transport, Apoptosis, Autophagy-Related Proteins, Cell Proliferation, Down-Regulation, Gene Expression Regulation, Neoplastic","Journal of orthopaedic surgery and research, Frontiers in pharmacology",2021-2025,Asia-Pacific,2,27.3,86.2,25.6,44.2,86.2,2.7,45.6,Tier 3,False,False
825,liu_r,Rui Liu,"Department of Hematology, The Second Affiliated Hospital of Xi'an JiaoTong University, Xi'an, Shaanxi, China.",China,3,0,3,1.0,0,0,0.01941373949579336,"Animals, Retinoblastoma Binding Proteins, Retinoblastoma Protein, Mutation, Ubiquitin-Protein Ligases, Ferroptosis","Frontiers in immunology, Cellular oncology (Dordrecht, Netherlands)",2024-2025,Asia-Pacific,0,64.2,26.0,78.7,44.2,26.0,11.3,45.6,Tier 3,True,False
826,ankathil_r,Ravindran Ankathil,"Human Genome Centre, School of Medical Sciences, Universiti Sains Malaysia, Health Campus, Kubang Kerian, Kelantan, Malaysia.",Unknown,2,2,1,0.5,0,0,0.010385756676557863,"Prognosis, Chromosome Aberrations","International journal of hematology-oncology and stem cell research, The Malaysian journal of pathology",2021-2024,Unknown,2,27.3,86.2,25.6,44.2,86.2,2.3,45.6,Tier 3,False,False
827,jiang_b,Bowen Jiang,"The Fourth Department of Hematology, The Second Affiliated Hospital of Qiqihar Medical University, No. 64 Zhonghua West Road, Jianhua District, Qiqihar, 161000, China.",China,2,1,2,1.0,0,0,0.02535559467764419,"Biomarkers, Tumor, Ubiquitin-Protein Ligases, Prognosis, Cell Line, Tumor, Gene Expression Regulation, Neoplastic, Protein Interaction Maps","Hereditas, Frontiers in oncology",2025-2025,Asia-Pacific,1,27.3,65.9,55.1,44.2,65.9,19.3,45.6,Tier 3,False,False
828,juan_l,Li Juan,"The First Affiliated Hospital of Sun Yat-sen University, Guangzhou, China.",China,2,2,1,0.5,0,0,0.00890207715133531,"Hand-Foot Syndrome, Pyridoxine, Quality of Life, Prospective Studies, Doxorubicin, Polyethylene Glycols","Integrative cancer therapies, BMC cancer",2022-2025,Asia-Pacific,2,27.3,86.2,25.6,44.2,86.2,1.4,45.5,Tier 3,False,False
829,miller_j,Jordan Miller,"Lineberger Comprehensive Cancer Center, University of North Carolina at Chapel Hill, 450 West Drive, Chapel Hill, NC 27599, USA. Electronic address: jordan.miller@unchealth.unc.edu.",Jordan,2,0,2,1.0,1,0,0.047314612416522184,"Geriatric Assessment, Feasibility Studies, Neoplasms, Medical Oncology, Mental Health, Reproducibility of Results","Journal of geriatric oncology, The Journal of molecular diagnostics : JMD",2024-2024,Middle East / GCC,0,27.3,26.0,55.1,91.0,26.0,44.2,45.5,Tier 3,False,False
830,snowden_j,J A Snowden,"Department of Haematology, Sheffield Teaching Hospitals NHS Foundation Trust, Sheffield, UK.",Unknown,2,1,1,0.5,0,0,0.06702239343460706,"Accreditation, Bone Marrow, Hematology, Immunotherapy, Adoptive, Receptors, Antigen, T-Cell, Receptors, Chimeric Antigen","Annals of oncology : official journal of the European Society for Medical Oncology, EJHaem",2022-2024,Unknown,1,27.3,65.9,25.6,44.2,65.9,62.6,45.5,Tier 3,False,False
831,muniz_m,Monique Pereira Rêgo Muniz,"Nephrology Division, University Hospital of the Federal University of Maranhão, São Luís, Brazil.",Brazil,2,2,1,0.5,0,0,0.00890207715133531,"Immunoglobulin Light Chains, Kidney","Kidney360, Hematology, transfusion and cell therapy",2021-2026,Latin America,2,27.3,86.2,25.6,44.2,86.2,1.4,45.5,Tier 3,False,False
832,xiaozhe_l,Li Xiaozhe,"The First Affiliated Hospital of Sun Yat-sen University, Guangzhou, China.",China,2,2,1,0.5,0,0,0.00890207715133531,"Hand-Foot Syndrome, Pyridoxine, Quality of Life, Prospective Studies, Doxorubicin, Polyethylene Glycols","Integrative cancer therapies, BMC cancer",2022-2025,Asia-Pacific,2,27.3,86.2,25.6,44.2,86.2,1.4,45.5,Tier 3,False,False
833,ovejero_s,Sara Ovejero,"Department of Biological Hematology, CHU Montpellier, Montpellier, France.",France,2,2,0,0.0,0,0,0.03472823163581348,"RecQ Helicases, Melphalan, DNA Repair, Drug Resistance","Frontiers in immunology, Frontiers in oncology",2022-2023,Europe,2,27.3,86.2,6.4,44.2,86.2,30.6,45.5,Tier 3,False,False
834,guan_y,Yanchun Guan,"Department of Rheumatology, The First Affiliated Hospital of Dalian Medical University, Dalian, China.",China,2,2,1,0.5,0,0,0.007519931186636855,"Antineoplastic Agents, Biomarkers, Pharmacological, Bortezomib, Dexamethasone, Drug Monitoring, Gene Expression Profiling","Annals of clinical and laboratory science, Frontiers in nutrition",2021-2025,Asia-Pacific,2,27.3,86.2,25.6,44.2,86.2,0.9,45.4,Tier 3,False,False
835,meregalli_c,Cristina Meregalli,"Experimental Neurology Unit and Milan Center for Neuroscience, School of Medicine and Surgery, University of Milano-Bicocca, Monza, Italy.",Italy,2,1,1,0.5,0,0,0.06492186130593307,,"Frontiers in pharmacology, British journal of pharmacology",2021-2026,Europe,1,27.3,65.9,25.6,44.2,65.9,61.3,45.4,Tier 3,False,False
836,costello_c,Caitlin L Costello,"University of California San Diego, La Jolla, CA.",USA,2,0,1,0.5,2,0,0.1006988513254792,"Influenza, Human, Prospective Studies, Hospitalization, Vaccination","Clinical lymphoma, myeloma & leukemia, Biomedicines",2023-2024,North America,0,27.3,26.0,25.6,95.2,26.0,78.8,45.4,Tier 3,False,False
837,mo_x,Xiaodong Mo,"Peking University Institute of Hematology, Peking University People's Hospital, Beijing, 100044, People's Republic of China.",China,2,1,2,1.0,0,0,0.0239348235739534,,"Journal of thrombosis and thrombolysis, Frontiers in oncology",2026-2026,Asia-Pacific,1,27.3,65.9,55.1,44.2,65.9,17.4,45.4,Tier 3,False,False
838,tiedemann_r,Rodger E Tiedemann,"Department of Medical Oncology and Hematology, Princess Margaret Cancer Centre, University Health Network, Toronto, Ontario, Canada.",Canada,2,1,0,0.0,0,0,0.15962315432484217,"Autografts, Salvage Therapy, Retrospective Studies, Neoplasm Recurrence, Local, Transplantation, Autologous, Hematopoietic Stem Cell Transplantation","Journal of medicinal chemistry, Clinical lymphoma, myeloma & leukemia",2022-2023,North America,1,27.3,65.9,6.4,44.2,65.9,89.9,45.4,Tier 3,False,False
839,shin_s,So Ra Shin,"Department of Biohealth Regulatory Science, Graduate School, Ajou University, Suwon 16499, Republic of Korea.",South Korea,2,2,1,0.5,0,0,0.007511432774546422,,"Taehan Yongsang Uihakhoe chi, Pharmaceuticals (Basel, Switzerland)",2022-2026,Asia-Pacific,2,27.3,86.2,25.6,44.2,86.2,0.8,45.4,Tier 3,False,False
840,eom_h,Hyeon-Seok Eom,"Department of Hematology-Oncology, Center for Hematologic Malignancy, National Cancer Center, Goyang, Korea.",South Korea,2,1,2,1.0,0,0,0.02417640350316828,"Republic of Korea, Neoplasms, Second Primary, Incidence, Young Adult",Cancer research and treatment,2024-2026,Asia-Pacific,1,27.3,65.9,55.1,44.2,65.9,17.6,45.4,Tier 3,False,False
841,sharma_r,Rintu Sharma,"Department of Clinical Haematology and Stem Cell Transplantation, Dayanand Medical College and Hospital, Ludhiana, Punjab 141001 India.",India,2,1,2,1.0,0,0,0.02307954079856377,,"Indian journal of hematology & blood transfusion : an official journal of Indian Society of Hematology and Blood Transfusion, Cureus",2025-2025,Asia-Pacific,1,27.3,65.9,55.1,44.2,65.9,16.4,45.3,Tier 3,False,False
842,yang_n,Nianhui Yang,"The First Affiliated Hospital of Jinan University, Guangzhou, Guangdong, China.",China,2,1,2,1.0,0,0,0.023756135960965492,"Retrospective Studies, Antibodies, Monoclonal, Bone Diseases, Incidence","Cell death discovery, BMC cancer",2024-2025,Asia-Pacific,1,27.3,65.9,55.1,44.2,65.9,16.8,45.3,Tier 3,False,False
843,patel_s,Sharmila Patel,"Janssen Scientific Affairs, LLC, Horsham, PA, USA.",USA,3,0,2,0.667,0,0,0.04617292820445199,"Black People, Bortezomib, Dexamethasone, Hematologic Neoplasms, Lenalidomide, Antibodies, Monoclonal","Future oncology (London, England), Cureus, Journal of bone oncology",2022-2025,North America,0,64.2,26.0,55.1,44.2,26.0,43.3,45.3,Tier 3,False,False
844,sborov_d,Douglas Sborov,"Division of Hematology and Hematological Malignancies, Huntsman Cancer Institute, University of Utah, Salt Lake City, UT, USA.",USA,2,1,1,0.5,0,0,0.06459639546556066,"Prognosis, ADP-ribosyl Cyclase 1, Neoplasms, Plasma Cell","Blood cancer journal, European journal of haematology",2022-2026,North America,1,27.3,65.9,25.6,44.2,65.9,60.8,45.3,Tier 3,False,False
845,choi_s,Suk Jin Choi,"Department of Pathology, Inha University Hospital, 27, Inhang-ro, Jung-gu, Incheon, 22332, Republic of Korea. 204058@inha.ac.kr.",South Korea,2,1,2,1.0,0,0,0.022348368253883467,"Immunohistochemistry, Sepharose, Biopsy, Fine-Needle, Lymphoma, Large B-Cell, Diffuse, Lenalidomide, Models, Biological","Journal of hematopathology, Drug design, development and therapy",2024-2026,Asia-Pacific,1,27.3,65.9,55.1,44.2,65.9,15.3,45.2,Tier 3,False,False
846,fang_b,Baijun Fang,"Department of Hematology, Affiliated Cancer Hospital of Zhengzhou University, Zhengzhou, China.",China,2,1,1,0.5,0,0,0.06122885753983527,"Antineoplastic Agents, Glutathione, Peripheral Nervous System Diseases, Retrospective Studies, Vitamin B 12, Dexamethasone","Annals of palliative medicine, Annals of hematology",2021-2024,Asia-Pacific,1,27.3,65.9,25.6,44.2,65.9,59.2,45.2,Tier 3,False,False
847,gray_n,Nathanael S Gray,"Department of Chemical and Systems Biology, ChEM-H, Stanford Cancer Institute, School of Medicine, Stanford University, Stanford, California 94305, United States.",USA,2,1,1,0.5,0,0,0.061420406330425864,"Binding Sites, Casein Kinase Ialpha, Cell Line, Tumor, Cell Proliferation, Cyclic Nucleotide Phosphodiesterases, Type 6, Immunotherapy","Journal of medicinal chemistry, European journal of haematology",2022-2024,North America,1,27.3,65.9,25.6,44.2,65.9,59.3,45.2,Tier 3,False,False
848,esteghamat_n,Naseem S Esteghamat,"Division of Malignant Hematology, Cellular Therapy and Transplantation, University of California Davis Comprehensive Cancer Center, Sacramento, CA. Electronic address: nsesteghamat@ucdavis.edu.",USA,2,1,2,1.0,0,0,0.022266427119868343,"United States, Medicare, Insurance, Health, Transplantation, Autologous, Hematopoietic Stem Cell Transplantation, Antibodies, Bispecific","Clinical lymphoma, myeloma & leukemia, Expert review of anticancer therapy",2024-2024,North America,1,27.3,65.9,55.1,44.2,65.9,14.9,45.2,Tier 3,False,False
849,loges_s,Sonja Loges,"Department of Oncology, Hematology and Bone Marrow Transplantation with Section Pneumology, Hubertus Wald Comprehensive Cancer Center Hamburg, University Medical Center Hamburg-Eppendorf, Hamburg, Germany. s.loges@dkfz-heidelberg.de.",Germany,2,2,0,0.0,0,0,0.031664059147585494,"Mice, Animals, c-Mer Tyrosine Kinase, Receptor Protein-Tyrosine Kinases, Proto-Oncogene Proteins, Homeostasis","Nature communications, International journal of molecular sciences",2022-2023,Europe,2,27.3,86.2,6.4,44.2,86.2,26.6,45.1,Tier 3,False,False
850,iida_s,Shinsuke Iida,"Department of Hematology and Oncology, Nagoya City University Institute of Medical and Pharmaceutical Sciences, Kawasaki 1, Mizuno-cho, Mizuno-ku, Nagoya, Aichi, 467-8601, Japan. iida@med.nagoya-cu.ac.jp.",Japan,2,1,2,1.0,0,0,0.02123314398662148,"Dexamethasone, Thalidomide, Japan, Antibodies, Monoclonal, Humanized, Recurrence, Frail Elderly",International journal of hematology,2025-2025,Asia-Pacific,1,27.3,65.9,55.1,44.2,65.9,14.0,45.1,Tier 3,False,False
851,zhou_c,Chi Zhou,"Department of Hematology, Zhongshan Hospital Fudan University, Shanghai, China.",China,2,1,2,1.0,0,0,0.021510038706348416,"China, Retrospective Studies, Early Detection of Cancer, Myeloma Proteins, Blood Protein Electrophoresis, Follow-Up Studies","Cancer medicine, Frontiers in oncology",2024-2026,Asia-Pacific,1,27.3,65.9,55.1,44.2,65.9,14.2,45.1,Tier 3,False,False
852,zhang_d,Dong-Dong Zhang,"Department of Hematology, Hebei Petro China Central Hospital, Langfang 065000, Hebei Province, China.",China,2,1,2,1.0,0,0,0.02137816377970297,"Monocytes, Prognosis, Immunophenotyping, Bone Marrow, Flow Cytometry, ADP-ribosyl Cyclase 1","Zhongguo shi yan xue ye xue za zhi, Frontiers in pharmacology",2024-2026,Asia-Pacific,1,27.3,65.9,55.1,44.2,65.9,14.1,45.1,Tier 3,False,False
853,kort_j,Jeries Kort,"Division of Hematology and Oncology, Department of Medicine, Case Western Reserve University, Cleveland, OH, United States.",USA,3,0,2,0.667,0,0,0.04471922419127669,Retrospective Studies,"Frontiers in cell and developmental biology, Expert review of hematology, Current oncology (Toronto, Ont.)",2022-2026,North America,0,64.2,26.0,55.1,44.2,26.0,41.7,45.1,Tier 3,False,False
854,engelmann_j,Janik Engelmann,"Department of Oncology, Hematology and Bone Marrow Transplantation with Section Pneumology, Hubertus Wald Comprehensive Cancer Center Hamburg, University Medical Center Hamburg-Eppendorf, Hamburg, Germany.",Germany,2,2,0,0.0,0,0,0.031664059147585494,"Mice, Animals, c-Mer Tyrosine Kinase, Receptor Protein-Tyrosine Kinases, Proto-Oncogene Proteins, Homeostasis","Nature communications, International journal of molecular sciences",2022-2023,Europe,2,27.3,86.2,6.4,44.2,86.2,26.6,45.1,Tier 3,False,False
855,valentino_i,Ilenia Valentino,"Dipartimento di Medicina Sperimentale e Clinica, Università degli Studi ""Magna Græcia"" di Catanzaro, Campus ""S. Venuta"", Viale Europa, 88100 Catanzaro, Italy.",Italy,3,0,2,0.667,0,0,0.044295144843649346,,"Pharmaceuticals (Basel, Switzerland), International journal of biological macromolecules",2023-2026,Europe,0,64.2,26.0,55.1,44.2,26.0,41.0,45.1,Tier 3,False,False
856,agarwal_g,Gaurav Agarwal,"Department of Clinical Haematology, Oxford University Hospitals NHS Foundation Trust, Oxford OX3 7LE, UK.",Unknown,2,1,1,0.5,0,0,0.058292491778555805,"T-Lymphocytes, COVID-19, COVID-19 Vaccines, Antibodies, Vaccination, Antibodies, Viral","Cancers, European journal of haematology",2022-2024,Unknown,1,27.3,65.9,25.6,44.2,65.9,56.4,44.9,Tier 3,False,False
857,beer_s,Sina A Beer,"Department of Internal Medicine II, Hematology, Oncology, Clinical Immunology and Rheumatology, University Hospital Tübingen, Tübingen, Germany.",Germany,2,1,2,1.0,0,0,0.02035517794110365,"Lenalidomide, COVID-19, SARS-CoV-2, Antibodies, Viral, Spike Glycoprotein, Coronavirus, Immunity, Humoral","Frontiers in immunology, EJHaem",2024-2026,Europe,1,27.3,65.9,55.1,44.2,65.9,12.2,44.9,Tier 3,False,False
858,haferlach_c,Claudia Haferlach,"MLL Munich Leukemia Laboratory, Munich, Germany.",Germany,2,1,1,0.5,0,0,0.05797356496921905,"Immunotherapy, T-Lymphocytes, Antibodies, Monoclonal, Receptors, Death Domain, Fas-Associated Death Domain Protein","Communications biology, Leukemia",2023-2026,Europe,1,27.3,65.9,25.6,44.2,65.9,56.0,44.8,Tier 3,False,False
859,lai_p,Peilong Lai,"Department of Hematology, Guangdong Provincial People's Hospital (Guangdong Academy of Medical Sciences), Southern Medical University, Guangzhou, China.",China,2,1,2,1.0,0,0,0.01955599710330768,"Prognosis, Centrosome, Gene Expression Regulation, Neoplastic, Biomarkers, Tumor, Gene Expression Profiling, Nomograms","PeerJ, ImmunoTargets and therapy",2026-2026,Asia-Pacific,1,27.3,65.9,55.1,44.2,65.9,11.8,44.8,Tier 3,False,False
860,lai_y,Yanli Lai,"Department of Hematology, Ningbo First Hospital, Ningbo, China.",China,3,0,2,0.667,0,0,0.04159768482468079,"Fibula, Bisphosphonate-Associated Osteonecrosis of the Jaw, Retrospective Studies, Plastic Surgery Procedures, Transplant Donor Site, Bone Transplantation","Frontiers in physiology, BMC oral health, Clinical cancer research : an official journal of the American Association for Cancer Research",2022-2026,Asia-Pacific,0,64.2,26.0,55.1,44.2,26.0,38.2,44.8,Tier 3,False,False
861,lu_s,Shengfeng Lu,"Key Laboratory of Acupuncture and Medicine Research of Ministry of Education, Nanjing University of Chinese Medicine, Nanjing 210023, China. Electronic address: lushengfeng@njucm.edu.cn.",China,2,1,2,1.0,0,0,0.019386313275468255,"Mice, Animals, Cardiotoxicity, Electroacupuncture, Heart, Oligopeptides","Gene, Frontiers in oncology",2024-2026,Asia-Pacific,1,27.3,65.9,55.1,44.2,65.9,11.2,44.8,Tier 3,False,False
862,kang_x,Xin Kang,"Department of Orthopedics, Honghui Hospital, Xi'an Jiaotong University, Xi'an, China.",China,2,1,1,0.5,0,0,0.05736653012213679,"Immunotherapy, Adoptive, Hematologic Neoplasms, T-Lymphocytes, Adaptation, Psychological, Dexamethasone, Neoplasm Recurrence, Local","Frontiers in immunology, Annals of hematology",2022-2024,Asia-Pacific,1,27.3,65.9,25.6,44.2,65.9,55.5,44.8,Tier 3,False,False
863,reece_d,Donna Reece,"Department of Medical Oncology and Hematology, Princess Margaret Cancer Centre, University Health Network, Toronto, Ontario, Canada.",Canada,2,0,1,0.5,3,0,0.07725085208903268,"Autografts, Salvage Therapy, Retrospective Studies, Neoplasm Recurrence, Local, Transplantation, Autologous, Hematopoietic Stem Cell Transplantation","Clinical lymphoma, myeloma & leukemia, Blood neoplasia",2023-2026,North America,0,27.3,26.0,25.6,97.4,26.0,68.4,44.8,Tier 3,False,False
864,sahebkar_a,A Sahebkar,"Biotechnology Research Center, Pharmaceutical Technology Institute, Mashhad University of Medical Sciences, Mashhad, Iran; Applied Biomedical Research Center, Mashhad University of Medical Sciences, Mashhad, Iran. Electronic address: amir_saheb2000@yahoo.com.",Iran,2,1,2,1.0,0,0,0.019287833827893175,"Mustard Gas, Retrospective Studies, Iran, Chemical Warfare Agents, Follow-Up Studies, Iraq","Public health, Scientific reports",2024-2026,Middle East / GCC,1,27.3,65.9,55.1,44.2,65.9,10.7,44.7,Tier 3,False,False
865,jain_k,Kavita Jain,"Department of Oncopathology, Cancer Institute (W.I.A.), Adyar, Chennai - 600020, India.",India,2,1,2,1.0,0,0,0.019231354786165344,"Central Nervous System Neoplasms, Plasma Cells, Prognosis, Retrospective Studies, Tertiary Care Centers","Indian journal of cancer, Indian journal of hematology & blood transfusion : an official journal of Indian Society of Hematology and Blood Transfusion",2025-2025,Asia-Pacific,1,27.3,65.9,55.1,44.2,65.9,10.5,44.7,Tier 3,False,False
866,royer_b,Bruno Royer,"Immuno-Hematology, Saint Louis Hospital, Paris, France.",France,2,0,1,0.5,2,0,0.08134598408182747,"Retrospective Studies, Prognosis, Bortezomib, Syndrome, Hematologic Diseases","Frontiers in immunology, Clinical hematology international",2022-2026,Europe,0,27.3,26.0,25.6,95.2,26.0,70.5,44.6,Tier 3,False,False
867,luo_c,Cheng Luo,"Zhongshan Institute for Drug Discovery, Shanghai Institute of Materia Medica, Chinese Academy of Sciences, Zhongshan Tsuihang New District, Guangdong, 528400, China; School of Pharmaceutical Science and Technology, Hangzhou Institute for Advanced Study, University of Chinese Academy of Sciences, Hangzhou, 310024, China; The Center for Chemical Biology, Shanghai Institute of Materia Medica, Chinese Academy of Sciences, Shanghai, 201203, China.",China,2,1,2,1.0,0,0,0.017817294054148503,"Histone-Lysine N-Methyltransferase, Antineoplastic Agents, Cell Proliferation, Protein Isoforms, Structure-Activity Relationship, Molecular Structure","European journal of medicinal chemistry, Frontiers in oncology",2025-2025,Asia-Pacific,1,27.3,65.9,55.1,44.2,65.9,9.5,44.6,Tier 3,False,False
868,iversen_k,Katrine Fladeland Iversen,"Department of Hematology, Vejle Hospital, Vejle, Denmark.",Denmark,3,0,1,0.333,0,0,0.10301227320167752,"Antibodies, Monoclonal, Life Expectancy, Retrospective Studies, COVID-19 Vaccines, BNT162 Vaccine, Immunity, Humoral","American journal of hematology, Viruses",2022-2026,Europe,0,64.2,26.0,25.6,44.2,26.0,79.7,44.5,Tier 3,False,False
869,sun_w,Wei Sun,"Nuclear Radiation Injury Protection and Treatment Department, Navy Medical Center of People Liberation Army (PLA), Naval Medical University, Shanghai, China.",China,3,0,1,0.333,0,0,0.10322461697519227,"Nomograms, Proteasome Endopeptidase Complex, Prognosis, Ubiquitins, Carrier Proteins, Neoplasm Proteins","Frontiers in oncology, Aging, Cancer pathogenesis and therapy",2021-2025,Asia-Pacific,0,64.2,26.0,25.6,44.2,26.0,79.8,44.5,Tier 3,False,False
870,rees_m,Matthew James Rees,"Division of Hematology, Mayo Clinic, Rochester, MN, USA.",USA,2,1,2,1.0,0,0,0.01666564504907285,"B-Cell Maturation Antigen, Immunotherapy, Adoptive, Immunoconjugates","Leukemia & lymphoma, European journal of pharmacology",2024-2026,North America,1,27.3,65.9,55.1,44.2,65.9,8.1,44.5,Tier 3,False,False
871,hacihanefioglu_a,Abdullah Hacihanefioglu,"Department of Hematology, Kocaeli University School of Medicine, Kocaeli, Turkey.",Turkey,2,2,0,0.0,0,0,0.02672869993706607,,Indian journal of hematology & blood transfusion : an official journal of Indian Society of Hematology and Blood Transfusion,2022-2023,Middle East / GCC,2,27.3,86.2,6.4,44.2,86.2,20.5,44.5,Tier 3,False,False
872,wang_n,Ning-Fang Wang,"Department of Hematology, Hebei Petro China Central Hospital, Langfang 065000, Hebei Province, China.",China,2,1,2,1.0,0,0,0.01693310087329562,"Monocytes, Prognosis, Immunophenotyping, Bone Marrow, Flow Cytometry, ADP-ribosyl Cyclase 1","Zhongguo shi yan xue ye xue za zhi, Cytotherapy",2024-2025,Asia-Pacific,1,27.3,65.9,55.1,44.2,65.9,8.2,44.5,Tier 3,False,False
873,rifkin_r,Robert M Rifkin,"Rocky Mountain Cancer Centers/US Oncology Research, Denver, CO.",Unknown,3,0,1,0.333,0,0,0.09994965470922401,"Prospective Studies, Influenza, Human, Hospitalization, Vaccination, Quality of Life, Registries","Clinical lymphoma, myeloma & leukemia",2023-2025,Unknown,0,64.2,26.0,25.6,44.2,26.0,78.6,44.4,Tier 3,False,False
874,lim_c,Chi Ching Lim,"Division of Oncology Nursing, National University Cancer Institute, Singapore, Singapore.",Singapore,2,1,2,1.0,0,0,0.016327964271801446,"Retrospective Studies, Incidence, Vitamin D, Bone Diseases, Singapore, Vitamin D Deficiency","Cancer reports (Hoboken, N.J.), Transplantation and cellular therapy",2025-2026,Asia-Pacific,1,27.3,65.9,55.1,44.2,65.9,7.2,44.4,Tier 3,False,False
875,cheng_x,Xin Cheng,"Department of Hematology, the First Affiliated Hospital of Nanjing Medical University, Jiangsu Province Hospital, Nanjing, China.",China,2,1,2,1.0,0,0,0.016356904065353447,"Transplantation, Autologous, Antigens, CD34, Hematopoietic Stem Cell Transplantation, Retrospective Studies, Immune Reconstitution, Prognosis","Leukemia & lymphoma, Cytokine",2026-2026,Asia-Pacific,1,27.3,65.9,55.1,44.2,65.9,7.4,44.4,Tier 3,False,False
876,musto_p,Pellegrino Musto,"Hematology and Bone Marrow Transplantation Unit, AOUC Policlinico, Bari, Italy. pellegrino.musto@uniba.it.",Italy,2,1,0,0.0,0,0,0.10370962805553714,"BNT162 Vaccine, COVID-19, Immunocompromised Host, SARS-CoV-2, Lenalidomide, Neoplasm, Residual","Blood cancer journal, The Lancet. Oncology",2021-2023,Europe,1,27.3,65.9,6.4,44.2,65.9,80.0,44.4,Tier 3,False,False
877,ling_x,Xuwei Ling,"Department of Orthopaedics, The First Affiliated Hospital of Soochow University, Suzhou, China.",China,2,1,2,1.0,0,0,0.01632541942820536,"Chemokines, Signal Transduction, Bone Diseases, Animals, Molecular Targeted Therapy, C-Reactive Protein","Frontiers in endocrinology, Medicine",2025-2025,Asia-Pacific,1,27.3,65.9,55.1,44.2,65.9,7.1,44.4,Tier 3,False,False
878,takei_m,Masami Takei,"Division of Hematology and Rheumatology, Department of Medicine,Nihon University School of Medicine, Tokyo, Japan.",Japan,2,2,0,0.0,0,0,0.02453574390894187,,Cancer diagnosis & prognosis,2021-2021,Asia-Pacific,2,27.3,86.2,6.4,44.2,86.2,18.3,44.3,Tier 3,False,False
879,partanen_a,Anu Partanen,"Department of Medicine, Kuopio University Hospital, Kuopio, Finland. Electronic address: anu.partanen@pshyvinvointialue.fi.",Finland,2,1,2,1.0,0,0,0.014836795252225518,"Transplantation, Autologous, Autografts, Lymphoma, Non-Hodgkin, Hematopoietic Stem Cell Transplantation, Antigens, CD34, Finland","Cytotherapy, Annals of hematology",2025-2025,Europe,1,27.3,65.9,55.1,44.2,65.9,5.9,44.3,Tier 3,False,False
880,zambello_r,Renato Zambello,"Department of Medicine Haematology and Clinical Immunology Branch, University of Padua Padua Italy.",Italy,3,0,1,0.333,0,0,0.097431309367396,,"EJHaem, Frontiers in oncology, Blood neoplasia",2022-2026,Europe,0,64.2,26.0,25.6,44.2,26.0,77.5,44.3,Tier 3,False,False
881,chhabra_s,Saurabh Chhabra,"Division of Hematology/Oncology, Department of Medicine, Medical College of Wisconsin, Milwaukee, WI.",USA,3,0,1,0.333,0,0,0.09919350571274914,"Immunotherapy, Adoptive, Antibodies, Monoclonal, Dexamethasone, Lenalidomide, Neoplasm, Residual, Oligopeptides","Journal of clinical oncology : official journal of the American Society of Clinical Oncology, Bone marrow transplantation, Blood cancer journal",2022-2025,North America,0,64.2,26.0,25.6,44.2,26.0,78.0,44.3,Tier 3,False,False
882,shimura_y,Yuji Shimura,"Division of Hematology and Oncology, Department of Medicine Kyoto Prefectural University of Medicine Kyoto Japan.",Japan,3,0,1,0.333,0,0,0.09439991168279412,,"EJHaem, Therapeutic advances in hematology, Blood neoplasia",2021-2025,Asia-Pacific,0,64.2,26.0,25.6,44.2,26.0,76.2,44.2,Tier 3,False,False
883,shaforostova_i,Inna Shaforostova,"Department of Medical Oncology, Inselspital, University Hospital Bern, University of Bern, 3010 Bern, Switzerland.",Switzerland,2,1,2,1.0,0,0,0.012105604036893192,,"Current issues in molecular biology, Cancers",2025-2026,Europe,1,27.3,65.9,55.1,44.2,65.9,3.8,44.1,Tier 3,False,False
884,seipel_k,Katja Seipel,"Department of Medical Oncology, Inselspital, University Hospital Bern, University of Bern, 3010 Bern, Switzerland.",Switzerland,2,1,2,1.0,0,0,0.012105604036893192,,"Current issues in molecular biology, Cancers",2025-2026,Europe,1,27.3,65.9,55.1,44.2,65.9,3.8,44.1,Tier 3,False,False
885,siddiqui_m,Mustaqeem Siddiqui,"Hematology/Oncology, Sheikh Shakbout Medical City, Abu Dhabi, ARE.",United Arab Emirates,2,1,1,0.5,0,0,0.050555167343106285,,"Cureus, American journal of hematology",2021-2026,Middle East / GCC,1,27.3,65.9,25.6,44.2,65.9,48.0,44.0,Tier 3,False,False
886,mccurdy_a,Arleigh McCurdy,"Department of Medicine, Division of Hematology, University of Ottawa, Ottawa, ON, Canada.",Canada,3,0,1,0.333,0,0,0.09114438091160147,"Retrospective Studies, Albumins, Urinalysis","Frontiers in oncology, American journal of kidney diseases : the official journal of the National Kidney Foundation, Blood neoplasia",2022-2026,North America,0,64.2,26.0,25.6,44.2,26.0,74.6,44.0,Tier 3,False,False
887,gu_y,Yuchao Gu,"Qingdao Shark VNARs Development Technology Innovation Center, College of Biological Engineering, Qingdao University of Science and Technology, Qingdao, 266042, China. Electronic address: guych@126.com.",China,2,1,2,1.0,0,0,0.010892106266389359,"Ikaros Transcription Factor, Antineoplastic Agents, Animals, Zebrafish, Drug Screening Assays, Antitumor, Dose-Response Relationship, Drug","Bioorganic chemistry, Oncotarget",2026-2026,Asia-Pacific,1,27.3,65.9,55.1,44.2,65.9,2.8,44.0,Tier 3,False,False
888,handa_h,Hiroshi Handa,"Department of Hematology, Gunma University Graduate School of Medicine, Maebashi 371-8510, Japan.",Japan,2,2,0,0.0,0,0,0.02239272722919122,"Tumor Suppressor Protein p53, Cell Line, Tumor, MicroRNAs, Cell Transformation, Neoplastic, Endogenous Retroviruses, Clinical Relevance","Genes, International journal of hematology",2022-2023,Asia-Pacific,2,27.3,86.2,6.4,44.2,86.2,15.7,44.0,Tier 3,False,False
889,ren_l,Liang Ren,"Department of Hematology, Zhongshan Hospital, Fudan University, Shanghai, China.",China,3,0,2,0.667,0,0,0.03459076627899915,"China, Retrospective Studies, Early Detection of Cancer, Myeloma Proteins, Blood Protein Electrophoresis, Follow-Up Studies","Frontiers in cell and developmental biology, Cancer medicine, American journal of translational research",2021-2025,Asia-Pacific,0,64.2,26.0,55.1,44.2,26.0,30.2,44.0,Tier 3,False,False
890,abdallah_n,Nadine H Abdallah,"Division of Hematology, Mayo Clinic, Rochester, MN, USA.",USA,2,1,1,0.5,0,0,0.05044510385756676,"Muscle, Skeletal, Sarcopenia, Prognosis, Anemia, Renal Insufficiency, Retrospective Studies","Blood cancer journal, American journal of hematology",2023-2026,North America,1,27.3,65.9,25.6,44.2,65.9,47.9,44.0,Tier 3,False,False
891,yasunaga_j,Jun-Ichirou Yasunaga,"Department of Hematology, Rheumatology, and Infectious Diseases, Graduate School of Medical Sciences, Kumamoto University, 1-1-1 Honjo, Chuo-ku, Kumamoto, 860-8556, Japan.",Japan,2,1,2,1.0,0,0,0.011914373167900682,"Translocation, Genetic, Antibodies, Monoclonal, Immunoglobulin Light-chain Amyloidosis, Retrospective Studies, Chromosomes, Human, Pair 14, Chromosomes, Human, Pair 11","Clinical and experimental medicine, Medical molecular morphology",2025-2026,Asia-Pacific,1,27.3,65.9,55.1,44.2,65.9,3.6,44.0,Tier 3,False,False
892,mikulski_d,Damian Mikulski,"Department of Biostatistics and Translational Medicine, Medical University of Lodz, 93-215 Lodz, Poland.",Poland,2,2,0,0.0,0,0,0.022255192878338277,,"Journal of clinical medicine, Contemporary oncology (Poznan, Poland)",2021-2023,Europe,2,27.3,86.2,6.4,44.2,86.2,14.7,43.9,Tier 3,False,False
893,kumar_j,Jeevan Kumar,"Departments of Clinical Hematology and HCT, Tata Medical Center, Kolkata, West Bengal, India.",India,2,1,1,0.5,0,0,0.04900769835802039,"Bortezomib, Hematopoietic Stem Cell Transplantation, Induction Chemotherapy, Retrospective Studies, South Asian People, Antibodies, Monoclonal","Indian journal of cancer, Future oncology (London, England)",2023-2024,Asia-Pacific,1,27.3,65.9,25.6,44.2,65.9,46.8,43.9,Tier 3,False,False
894,cai_f,Fang-Fang Cai,"Department of Hematology, Hebei Petro China Central Hospital, Langfang 065000, Hebei Province, China.",China,2,1,2,1.0,0,0,0.010470251951304358,"Monocytes, Prognosis, Immunophenotyping, Bone Marrow, Flow Cytometry, ADP-ribosyl Cyclase 1","Zhongguo shi yan xue ye xue za zhi, European journal of cancer prevention : the official journal of the European Cancer Prevention Organisation (ECP)",2024-2026,Asia-Pacific,1,27.3,65.9,55.1,44.2,65.9,2.6,43.9,Tier 3,False,False
895,robak_t,Tadeusz Robak,"Copernicus Memorial Hospital, 93-510 Lodz, Poland.",Poland,2,2,0,0.0,0,0,0.022255192878338277,,"Journal of clinical medicine, Contemporary oncology (Poznan, Poland)",2021-2023,Europe,2,27.3,86.2,6.4,44.2,86.2,14.7,43.9,Tier 3,False,False
896,manasanch_e,Elisabet E Manasanch,"Department of Lymphoma and Myeloma, The University of Texas MD Anderson Cancer Center, Houston, Texas.",USA,3,0,1,0.333,0,0,0.08896369724895188,"Retrospective Studies, Hematopoietic Stem Cell Transplantation, Hematopoietic Stem Cell Mobilization, Heterocyclic Compounds, Transplantation, Autologous, Antigens, CD34","Transplantation and cellular therapy, Clinical lymphoma, myeloma & leukemia, Molecular therapy : the journal of the American Society of Gene Therapy",2023-2024,North America,0,64.2,26.0,25.6,44.2,26.0,73.8,43.9,Tier 3,False,False
897,qi_j,Jian Qi,"Bioray Biopharmaceutical Co., Ltd., Taizhou 318000, China.",China,2,1,1,0.5,0,0,0.048300297731587324,,"Cancers, Nature chemical biology",2023-2026,Asia-Pacific,1,27.3,65.9,25.6,44.2,65.9,46.2,43.9,Tier 3,False,False
898,lesokhin_a,Alexander M Lesokhin,"Myeloma Service, Department of Medicine, Memorial Sloan Kettering Cancer Center, New York, NY, USA.",USA,2,0,2,1.0,1,0,0.03233960573330397,"United States, Diet, Risk Factors, Proportional Hazards Models, Neoplasm Recurrence, Local, Antibodies, Monoclonal, Humanized","Leukemia, Cancer",2024-2026,North America,0,27.3,26.0,55.1,91.0,26.0,27.5,43.8,Tier 3,False,False
899,zhang_p,Peihua Zhang,"Xi'an Jiaotong University Health Science Center, Xi'An City, Shaanxi Province, China; The Second Affiliated Hospital of Xi'an Jiaotong University, Xi'An City, Shaanxi Province, China.",China,3,0,2,0.667,0,0,0.033278680688479514,"B-Cell Maturation Antigen, Animals, Mice, Interleukin-7, Chemokine CCL21, Immunotherapy, Adoptive","Life sciences, Frontiers in immunology, Frontiers in medicine",2023-2025,Asia-Pacific,0,64.2,26.0,55.1,44.2,26.0,28.4,43.8,Tier 3,False,False
900,yan_z,Z Yan,"The First Affiliated Hospital of Soochow University, Jiangsu Institute of Hematology, Suzhou 215000, China.",China,2,1,1,0.5,0,0,0.04788974882535746,"Lenalidomide, Bortezomib, Induction Chemotherapy, Dexamethasone, Neutropenia, Thrombocytopenia","Zhonghua xue ye xue za zhi = Zhonghua xueyexue zazhi, Blood",2022-2026,Asia-Pacific,1,27.3,65.9,25.6,44.2,65.9,44.9,43.7,Tier 3,False,False
901,wildes_t,Tanya M Wildes,"Cancer & Aging Research Group, St. Louis, MO, USA.",USA,3,0,1,0.333,0,0,0.0845555797191457,"Black People, Bortezomib, Dexamethasone, Hematologic Neoplasms, Lenalidomide, Antibodies, Monoclonal","Future oncology (London, England), Frontiers in oncology, Journal of clinical oncology : official journal of the American Society of Clinical Oncology",2022-2026,North America,0,64.2,26.0,25.6,44.2,26.0,71.9,43.7,Tier 3,False,False
902,hansen_c,Cecilie Bo Hansen,"Laboratory of Molecular Medicine, Department of Clinical Immunology, Section 7631, Rigshospitalet, Ole Maaloees Vej 26, 2200 Copenhagen N, Denmark.",Denmark,2,0,1,0.5,1,0,0.08083893776099008,"COVID-19 Vaccines, BNT162 Vaccine, Immunity, Humoral, Vaccination, Antibodies, Neutralizing, Leukemia, Lymphocytic, Chronic, B-Cell","Viruses, American journal of hematology",2023-2026,Europe,0,27.3,26.0,25.6,91.0,26.0,70.3,43.7,Tier 3,False,False
903,matsui_t,Taei Matsui,"Field of Clinical Laboratory Sciences, Fujita Health University Graduate School of Health Sciences, Toyoake, 470-1192, Japan.",Japan,3,0,1,0.333,0,0,0.0833066103179185,"Apoptosis, Cell Line, Tumor, Cytarabine, Diterpenes, Reactive Oxygen Species, Andrographis paniculata","F1000Research, Therapeutic advances in hematology, Anticancer research",2021-2026,Asia-Pacific,0,64.2,26.0,25.6,44.2,26.0,71.2,43.7,Tier 3,False,False
904,pan_d,Darren Pan,"Tisch Cancer Institute, Icahn School of Medicine at Mount Sinai, New York, NY, United States.",USA,2,2,0,0.0,0,0,0.019413475995527688,"Bortezomib, Chromosome Aberrations, Chromosomes, Human, Pair 1, Dexamethasone, Dose-Response Relationship, Drug, Maximum Tolerated Dose","Frontiers in oncology, Cancer medicine",2021-2022,North America,2,27.3,86.2,6.4,44.2,86.2,11.2,43.6,Tier 3,False,False
905,guo_h,Hongdou Guo,"Department of Cardiology, Affiliated Nanping First Hospital, Fujian Medical University, Nanping, China.",China,3,0,2,0.667,0,0,0.031782282404255756,,"Translational cancer research, Frontiers in pharmacology, Journal of thrombosis and thrombolysis",2023-2026,Asia-Pacific,0,64.2,26.0,55.1,44.2,26.0,26.9,43.6,Tier 3,False,False
906,gunther_j,Jillian R Gunther,"Department of Radiation Oncology, The University of Texas MD Anderson Cancer Center, Houston, Texas.",USA,2,1,1,0.5,0,0,0.044946495951236766,"Retrospective Studies, Hematopoietic Stem Cell Transplantation, Hematopoietic Stem Cell Mobilization, Heterocyclic Compounds, Transplantation, Autologous, Antigens, CD34","Transplantation and cellular therapy, Clinical lymphoma, myeloma & leukemia",2023-2025,North America,1,27.3,65.9,25.6,44.2,65.9,42.3,43.5,Tier 3,False,False
907,bridoux_f,Frank Bridoux,"Department of Nephrology, Centre Hospitalier Universitaire, Université de Poitiers, Poitiers, France; Department of Immunology, Centre National de la Recherche Scientifique UMR 7276, Institut National de la Santé et de la Recherche Médicale UMR 1262, Limoges, France.",France,2,1,1,0.5,0,0,0.04469902452503233,"Kidney Diseases, Glomerulosclerosis, Focal Segmental, Fanconi Syndrome, Paraffin, Kidney, Renal Insufficiency","Kidney international, Presse medicale (Paris, France : 1983)",2023-2025,Europe,1,27.3,65.9,25.6,44.2,65.9,41.7,43.4,Tier 3,False,False
908,nasr_s,Samih H Nasr,"Department of Laboratory Medicine and Pathology, Mayo Clinic, Rochester, Minnesota, USA.",USA,2,1,1,0.5,0,0,0.04469902452503233,"Kidney Diseases, Glomerulosclerosis, Focal Segmental, Fanconi Syndrome, Paraffin, Kidney, Renal Insufficiency","Kidney international, Presse medicale (Paris, France : 1983)",2023-2025,North America,1,27.3,65.9,25.6,44.2,65.9,41.7,43.4,Tier 3,False,False
909,martens_a,Anne W J Martens,"Department of Hematology, Amsterdam UMC, University of Amsterdam, Amsterdam, the Netherlands.",Netherlands,2,1,1,0.5,0,0,0.044358411832087885,"Amyloid Precursor Protein Secretases, Antibodies, Bispecific, Antineoplastic Agents, B-Cell Maturation Antigen, Leukemia, Lymphocytic, Chronic, B-Cell, Lymphoma, B-Cell","Cancer research communications, Biomolecules",2022-2025,Europe,1,27.3,65.9,25.6,44.2,65.9,41.1,43.4,Tier 3,False,False
910,manier_s,Salomon Manier,"CHU Lille, hôpital Huriez, service d'hématologie, 59000 Lille, France; Université de Lille, Unité CANTHER, Inserm UMR-S1277 & CNRS UMR9020, 59000 Lille, France. Electronic address: salomon.manier@chru-lille.fr.",France,2,1,1,0.5,0,0,0.044547073585189736,"ADP-ribosyl Cyclase 1, Antibodies, Bispecific, Antigens, Neoplasm, Drug Resistance, Neoplasm, Immunotherapy, Receptors, Fc","Bulletin du cancer, Advances in therapy",2021-2024,Europe,1,27.3,65.9,25.6,44.2,65.9,41.2,43.4,Tier 3,False,False
911,stokes_m,M Barry Stokes,"Department of Pathology and Cell Biology, Columbia University Medical Center, New York, New York, USA.",USA,2,1,1,0.5,0,0,0.044547073585189736,"Glomerulosclerosis, Focal Segmental, Fanconi Syndrome, Paraffin, Kidney, Kidney Diseases, Renal Insufficiency","Kidney international, JAAD case reports",2023-2026,North America,1,27.3,65.9,25.6,44.2,65.9,41.2,43.4,Tier 3,False,False
912,bianchi_g,Giada Bianchi,"Department of Medicine, Division of Hematology, Brigham and Womens Hospital, Boston, MA 02115, USA.",USA,2,1,1,0.5,0,0,0.044583761413702905,,"Journal of cancer metastasis and treatment, Haematologica",2023-2026,North America,1,27.3,65.9,25.6,44.2,65.9,41.3,43.4,Tier 3,False,False
913,woziwodzka_k,Karolina Woziwodzka,"Chair and Department of Nephrology, Jagiellonian University Medical College, 30-688 Kraków, Poland.",Poland,2,2,0,0.0,0,0,0.01780415430267062,"Biomarkers, Glomerular Filtration Rate, Disease Susceptibility, Kidney Diseases, Kidney Function Tests, Microfilament Proteins","Molecules (Basel, Switzerland), Medicina (Kaunas, Lithuania)",2021-2021,Europe,2,27.3,86.2,6.4,44.2,86.2,8.8,43.4,Tier 3,False,False
914,yu_j,Jiajia Yu,"Center of Clinical Laboratory, the First Affiliated Hospital of Soochow University, Suzhou, China.",China,3,0,2,0.667,0,0,0.030121165994715416,"Biomarkers, Creatinine, Cystatin C, Glomerular Filtration Rate, Progression-Free Survival, Renal Insufficiency","Scandinavian journal of clinical and laboratory investigation, Journal of pharmaceutical and biomedical analysis, Acta pharmaceutica Sinica. B",2023-2025,Asia-Pacific,0,64.2,26.0,55.1,44.2,26.0,24.7,43.4,Tier 3,False,False
915,krzanowska_k,Katarzyna Krzanowska,"Chair and Department of Nephrology, Jagiellonian University Medical College, 30-688 Kraków, Poland.",Poland,2,2,0,0.0,0,0,0.01780415430267062,"Biomarkers, Glomerular Filtration Rate, Disease Susceptibility, Kidney Diseases, Kidney Function Tests, Microfilament Proteins","Molecules (Basel, Switzerland), Medicina (Kaunas, Lithuania)",2021-2021,Europe,2,27.3,86.2,6.4,44.2,86.2,8.8,43.4,Tier 3,False,False
916,neparidze_n,Natalia Neparidze,"Cancer Outcomes, Public Policy, and Effectiveness Research (COPPER) Center, Yale University, New Haven, CT; Department of Internal Medicine, Section of Hematology, Yale School of Medicine, New Haven, CT.",Unknown,2,0,2,1.0,3,0,0.017906727249513865,"Monoclonal Gammopathy of Undetermined Significance, Disease Progression, Risk Factors","Clinical lymphoma, myeloma & leukemia, Journal of clinical & experimental oncology",2025-2025,Unknown,0,27.3,26.0,55.1,97.4,26.0,9.9,43.3,Tier 3,False,False
917,minnema_m,Monique C Minnema,"From the Mount Sinai School of Medicine, New York (A.C.); University Medical Center Utrecht, Utrecht University, Utrecht (M.C.M.), and Amsterdam University Medical Center, Vrije Universiteit Amsterdam, Cancer Center Amsterdam, Amsterdam (N.W.C.J.D.) - both in the Netherlands; Sarah Cannon Research Institute and Tennessee Oncology, Nashville (J.G.B.); Institut Català d'Oncologia and Institut Josep Carreras, Hospital Germans Trias i Pujol, Badalona, Barcelona (A.O.), Clínica Universidad de Navarra, Pamplona (P.R.-O.), Hospital Universitario Fundación Jiménez Díaz, Madrid (E.A.), and University Hospital of Salamanca, Instituto de Investigación Biomédica de Salamanca, Centro de Investigación del Cáncer, Centro de Investigación Biomédica en Red de Cáncer, Salamanca (M.-V.M.) - all in Spain; the University of Alabama at Birmingham, Birmingham (L.J.C.); Centre Hospitalier Universitaire de Liège, Liege, Belgium (J.C.); Janssen Research and Development, Spring House, PA (R.V., S.G., S.Y., R.B.G., K.P., B.W.H., J.R.); Janssen Research and Development, La Jolla (X.Y.), and City of Hope Comprehensive Cancer Center, Duarte (A.K.) - both in California; and Janssen Research and Development, Raritan, NJ (J.D.G.).",Belgium,2,1,1,0.5,0,0,0.043210145374019876,"Antibodies, Bispecific, Cytokine Release Syndrome, Dysgeusia, Neoplasm Recurrence, Local, Receptors, G-Protein-Coupled, T-Lymphocytes","The New England journal of medicine, EJHaem",2022-2024,Europe,1,27.3,65.9,25.6,44.2,65.9,39.8,43.2,Tier 3,False,False
918,hu_r,Rui Hu,"Hematology Department, First Hospital of Jilin University, Changchun, Jilin, China.",China,2,1,1,0.5,0,0,0.04238034906942289,"Neoplasm, Residual","American journal of hematology, BMC cancer",2023-2024,Asia-Pacific,1,27.3,65.9,25.6,44.2,65.9,39.3,43.2,Tier 3,False,False
919,yang_p,Peiyu Yang,"Hematology Department, First Hospital of Jilin University, Changchun, Jilin, China.",China,2,1,1,0.5,0,0,0.04211775389501747,"Neoplasm, Residual, Chemokines, Signal Transduction, Bone Diseases, Animals, Molecular Targeted Therapy","American journal of hematology, Frontiers in endocrinology",2023-2025,Asia-Pacific,1,27.3,65.9,25.6,44.2,65.9,39.2,43.2,Tier 3,False,False
920,hu_h,Hong-Ming Hu,"Department of Research and Development, Hrain Biotechnology Co., Ltd., 9th Floor, Building 1, 1238 Zhangjiang Road, Pudong New District, Shanghai, China. hhu004@gmail.com.",China,2,1,1,0.5,0,0,0.0428449043463349,"Antigens, CD19, B-Cell Maturation Antigen, Immunotherapy, Adoptive, Leukocytes, Mononuclear, Lymphoma, Monocytes","Journal of translational medicine, Blood",2022-2026,Asia-Pacific,1,27.3,65.9,25.6,44.2,65.9,39.5,43.2,Tier 3,False,False
921,ramos_c,Celso Dario Ramos,"Division of Nuclear Medicine, School of Medical Sciences, University of Campinas (UNICAMP), Campinas 13083-888, Brazil.",Brazil,2,2,0,0.0,0,0,0.014836795252225518,,"Metabolites, Indian journal of nuclear medicine : IJNM : the official journal of the Society of Nuclear Medicine, India",2021-2022,Latin America,2,27.3,86.2,6.4,44.2,86.2,5.9,43.1,Tier 3,False,False
922,song_l,Lele Song,"Department of Nuclear Medicine, Peking University First Hospital, Beijing 100034, China.",China,3,0,2,0.667,0,0,0.026817079034300015,"Mice, Animals, Cell Line, Tumor, Positron-Emission Tomography, Gallium Radioisotopes, Peptides","Molecular pharmaceutics, Frontiers in medicine, European journal of nuclear medicine and molecular imaging",2023-2025,Asia-Pacific,0,64.2,26.0,55.1,44.2,26.0,21.2,43.1,Tier 3,False,False
923,gooding_s,Sarah Gooding,Department of ClinicalHaematology John Radcliffe and Churchill Hospitals Oxford University Hospitals NHS Trust Oxford UK.,Unknown,3,0,1,0.333,0,0,0.07242679194942063,"T-Lymphocytes, COVID-19, COVID-19 Vaccines, Antibodies, Vaccination, Antibodies, Viral","EJHaem, Cancers, European journal of haematology",2021-2024,Unknown,0,64.2,26.0,25.6,44.2,26.0,65.8,43.1,Tier 3,False,False
924,sreedharanunni_s,Sreejesh Sreedharanunni,"Department of Hematology, Postgraduate Institute of Medical Education and Research, Chandigarh, 160012 India.",India,3,0,2,0.667,0,0,0.02686975851231977,,Indian journal of hematology & blood transfusion : an official journal of Indian Society of Hematology and Blood Transfusion,2023-2025,Asia-Pacific,0,64.2,26.0,55.1,44.2,26.0,21.4,43.1,Tier 3,False,False
925,pacelli_p,Paola Pacelli,"Hematology Unit, Department of Medicine, Surgery and Neuroscience, University of Siena, Siena, Italy.",Italy,2,1,1,0.5,0,0,0.040265446305442355,,"Frontiers in oncology, Blood neoplasia",2022-2026,Europe,1,27.3,65.9,25.6,44.2,65.9,37.1,43.0,Tier 3,False,False
926,lu_m,Minqiu Lu,"Department of Hematology, Beijing Jishuitan Hospital, 4th Clinical Medical College of Peking University, Beijing 100035, China.",China,3,0,2,0.667,0,0,0.02568475760193889,"Bortezomib, Brain-Derived Neurotrophic Factor, Cell Line, Tumor, Proteasome Inhibitors, Fibula, Bisphosphonate-Associated Osteonecrosis of the Jaw","Biochimica et biophysica acta. General subjects, Cancer pathogenesis and therapy, BMC oral health",2023-2024,Asia-Pacific,0,64.2,26.0,55.1,44.2,26.0,20.0,43.0,Tier 3,False,False
927,ntanasisstathopoulos_i,Ioannis Ntanasis-Stathopoulos,"Department of Clinical Therapeutics, School of Medicine, National and Kapodistrian University of Athens, 11528 Athens, Greece.",Greece,4,0,1,0.25,0,0,0.03450633237331534,,"Biomedicines, Cancers, Journal of cardiovascular development and disease",2021-2025,Europe,0,78.1,26.0,25.6,44.2,26.0,30.1,43.0,Tier 3,False,False
928,larsson_s,Susanna C Larsson,"Unit of Cardiovascular and Nutritional Epidemiology, Institute of Environmental Medicine, Karolinska Institutet, Stockholm, Sweden.",Sweden,2,2,0,0.0,0,0,0.013528428462956908,"Mendelian Randomization Analysis, Polymorphism, Single Nucleotide, Kidney Neoplasms, Nails, Selenium, Genome-Wide Association Study","International journal of cancer, Arthritis research & therapy",2022-2022,Europe,2,27.3,86.2,6.4,44.2,86.2,5.0,43.0,Tier 3,False,False
929,dong_m,Mengmeng Dong,"Bone Marrow Transplantation Center, Department of Hematology, The First Affiliated Hospital, School of Medicine, Zhejiang University, Hangzhou, China.",China,2,1,1,0.5,0,0,0.040356045634998554,"Animals, Mice, CD27 Ligand, Radioisotopes, Cell Line, Tumor, Xenograft Model Antitumor Assays","Frontiers in oncology, Journal for immunotherapy of cancer",2022-2026,Asia-Pacific,1,27.3,65.9,25.6,44.2,65.9,37.4,43.0,Tier 3,False,False
930,nair_s,Sandhya Nair,Janssen Pharmaceutica NV Beerse Belgium.,Belgium,3,0,1,0.333,0,0,0.06969246755178572,"Czech Republic, Progression-Free Survival, Retrospective Studies, Registries, Neoplasm Recurrence, Local, Antibodies, Bispecific","Clinical lymphoma, myeloma & leukemia, EJHaem",2022-2026,Europe,0,64.2,26.0,25.6,44.2,26.0,64.3,43.0,Tier 3,False,False
931,oliva_s,Stefania Oliva,"Myeloma Unit, Division of Hematology, Città della Salute e della Scienza Hospital, University of Turin, Turin, Italy.",Italy,3,0,1,0.333,0,0,0.06867774605747627,"Neoplasm, Residual, Clinical Trials as Topic, Prognosis, High-Throughput Nucleotide Sequencing","Case reports in nephrology and dialysis, medRxiv : the preprint server for health sciences, Clinical lymphoma, myeloma & leukemia",2023-2026,Europe,0,64.2,26.0,25.6,44.2,26.0,63.5,42.9,Tier 3,False,False
932,cuendet_m,Muriel Cuendet,"School of Pharmaceutical Sciences, University of Geneva, 1211 Geneva 4, Switzerland.",Switzerland,2,2,0,0.0,0,0,0.013353115727002967,"Cell Line, Tumor, Cell Proliferation, Ipomoea, Plant Extracts, Plant Roots, Spectrum Analysis",Journal of natural products,2022-2022,Europe,2,27.3,86.2,6.4,44.2,86.2,4.3,42.9,Tier 3,False,False
933,saraux_n,Noémie Saraux,"School of Pharmaceutical Sciences, University of Geneva, 1211 Geneva 4, Switzerland.",Switzerland,2,2,0,0.0,0,0,0.013353115727002967,"Cell Line, Tumor, Cell Proliferation, Ipomoea, Plant Extracts, Plant Roots, Spectrum Analysis",Journal of natural products,2022-2022,Europe,2,27.3,86.2,6.4,44.2,86.2,4.3,42.9,Tier 3,False,False
934,sandecka_v,Viera Sandecka,"Department of Internal Medicine, Hematology and Oncology, University Hospital, Brno, Czech Republic.",Czech Republic,2,1,1,0.5,0,0,0.03880603913306183,"Dexamethasone, Czech Republic, Routinely Collected Health Data, Thalidomide, Bortezomib, Waldenstrom Macroglobulinemia","Neoplasma, Klinicka onkologie : casopis Ceske a Slovenske onkologicke spolecnosti",2022-2024,Europe,1,27.3,65.9,25.6,44.2,65.9,35.4,42.8,Tier 3,False,False
935,yoon_s,Sung-Soo Yoon,"Division of Hematology-Oncology, Department of Medicine, Samsung Medical Center, Sungkyunkwan University School of Medicine, Seoul, Korea.",South Korea,2,0,2,1.0,1,0,0.02375819223726654,"Republic of Korea, Antibodies, Monoclonal, Antineoplastic Agents",Cancer research and treatment,2025-2026,Asia-Pacific,0,27.3,26.0,55.1,91.0,26.0,16.9,42.8,Tier 3,False,False
936,sanchez_k,Katy Sanchez,"King's College Hospital NHS Foundation Trust, London, United Kingdom.",UK,2,1,1,0.5,0,0,0.03875910679835222,"Receptors, Chimeric Antigen, Gamma Secretase Inhibitors and Modulators, Neoplasm Recurrence, Local, T-Lymphocytes, Hematopoietic Stem Cell Transplantation, Tumor Microenvironment","Cancer research communications, EJHaem",2022-2026,Europe,1,27.3,65.9,25.6,44.2,65.9,35.2,42.8,Tier 3,False,False
937,ji_y,Yazhou Ji,"Department of Hematology, The Affiliated Huai'an No. 1 People's Hospital of Nanjing Medical University, Huai'an, China. Electronic address: 15895906573@163.com.",China,2,1,1,0.5,0,0,0.038703114366773636,"Algorithms, Machine Learning, Benchmarking","Computers in biology and medicine, Acta pharmaceutica Sinica. B",2022-2024,Asia-Pacific,1,27.3,65.9,25.6,44.2,65.9,35.2,42.8,Tier 3,False,False
938,zhao_s,Shengyan Zhao,"State Key Laboratory of Biotherapy and Cancer Center/Collaborative Innovation Center for Biotherapy, West China Hospital, Sichuan University, 3-17 People Road, Chengdu, Sichuan, 610041, People's Republic of China.",China,3,0,1,0.333,0,0,0.06574910730542538,"Antibodies, Monoclonal, Cryoelectron Microscopy, ADP-ribosyl Cyclase 1, Antineoplastic Agents, Lymphoma, Non-Hodgkin, Erythrocytes","Journal of hematology & oncology, Zhonghua xue ye xue za zhi = Zhonghua xueyexue zazhi, Cytokine",2022-2026,Asia-Pacific,0,64.2,26.0,25.6,44.2,26.0,61.8,42.7,Tier 3,False,False
939,minchenko_z,Zh M Minchenko,"State Institution National Research Center for Radiation Medicine of the National Academy of Medical Sciences of Ukraine, 53 Yuriia Illienka St., Kyiv, 04050, Ukraine.",Unknown,2,2,0,0.0,0,0,0.010385756676557863,"Chernobyl Nuclear Accident, Cytokines, Interleukin-10, Polymorphism, Single Nucleotide, Prognosis, Transforming Growth Factor beta1",Problemy radiatsiinoi medytsyny ta radiobiolohii,2022-2023,Unknown,2,27.3,86.2,6.4,44.2,86.2,2.3,42.7,Tier 3,False,False
940,hermouet_s,Sylvie Hermouet,"Université de Nantes, Institut National de la Santé et de la Recherche Médicale (Inserm), Centre de Recherche en Cancérologie et Immunologie Nantes-Angers (CRCINA), Nantes, France.",France,2,1,1,0.5,0,0,0.03806703647561654,"Antibodies, Monoclonal, Antibodies, Viral, Antiviral Agents, Biomarkers, Disease Progression, Disease Susceptibility","Frontiers in immunology, HemaSphere",2021-2024,Europe,1,27.3,65.9,25.6,44.2,65.9,34.2,42.7,Tier 3,False,False
941,he_c,Chang He,Department of Laboratory Medicine Sichuan Chengdu Chengfei Hospital Sichuan China.,China,2,2,0,0.0,0,0,0.008910082417380599,,"EJHaem, World journal of clinical cases",2022-2022,Asia-Pacific,2,27.3,86.2,6.4,44.2,86.2,1.9,42.7,Tier 3,False,False
942,liu_q,Qiang Liu,"Department of Hematology, Changshu No.2 People's Hospital, No.18, Taishan Road, Changshu, 21550, Jiangsu Province, China. csqiangliu@sina.com.",China,2,1,1,0.5,0,0,0.03818652816073624,"CD8-Positive T-Lymphocytes, Cytokines, Interleukin-17, Interleukin-6, Programmed Cell Death 1 Receptor, Tumor Necrosis Factor-alpha","European journal of medical research, Nature chemical biology",2022-2026,Asia-Pacific,1,27.3,65.9,25.6,44.2,65.9,34.4,42.7,Tier 3,False,False
943,forsti_a,Asta Försti,"Hopp Children's Cancer Center (KiTZ), 69120 Heidelberg, Germany.",Germany,2,1,0,0.0,0,0,0.06790084771906106,"Genome-Wide Association Study, MAP Kinase Signaling System, Whole Genome Sequencing, Germ-Line Mutation","Cells, Nature communications",2022-2022,Europe,1,27.3,65.9,6.4,44.2,65.9,63.2,42.7,Tier 3,False,False
944,benjamin_r,Reuben Benjamin,"Comprehensive Cancer Center, Faculty of Life Sciences and Medicine, King's College London, London, United Kingdom.",UK,2,1,0,0.0,0,0,0.06713245692014659,"Hematopoietic Stem Cell Transplantation, Receptors, Chimeric Antigen, Gamma Secretase Inhibitors and Modulators, Neoplasm Recurrence, Local, T-Lymphocytes, Tumor Microenvironment","Cancer research communications, The Lancet. Haematology",2022-2023,Europe,1,27.3,65.9,6.4,44.2,65.9,62.7,42.6,Tier 3,False,False
945,sato_k,Kota Sato,"Department of Hematology, Japanese Red Cross Medical Center, Tokyo, JPN.",Unknown,3,0,2,0.667,0,0,0.02335359860195554,,"Cureus, British journal of haematology",2023-2026,Unknown,0,64.2,26.0,55.1,44.2,26.0,16.5,42.6,Tier 3,False,False
946,zou_d,Dehui Zou,"State Key Laboratory of Experimental Hematology, National Clinical Research Center for Blood Diseases, Haihe Laboratory of Cell Ecosystem, Institute of Hematology & Blood Diseases Hospital, Chinese Academy of Medical Sciences & Peking Union Medical College, 300020, Tianjin, China.",China,2,0,1,0.5,1,0,0.06101612620393165,"Lymphoma, Hematopoietic Stem Cell Transplantation, Transplantation, Autologous, China","Bone marrow transplantation, Chinese medical journal",2023-2026,Asia-Pacific,0,27.3,26.0,25.6,91.0,26.0,59.1,42.6,Tier 3,False,False
947,aktassamur_a,Anil Aktas Samur,"Department of Data Science, Dana Farber Cancer Institute, Boston, MA, 02215, USA.",USA,2,1,1,0.5,0,0,0.03597486044980739,"Alternative Splicing, RNA Splicing Factors, Exons, Serine-Arginine Splicing Factors","Blood cancer journal, Blood",2022-2026,North America,1,27.3,65.9,25.6,44.2,65.9,32.5,42.5,Tier 3,False,False
948,kukreti_v,Vishal Kukreti,"Department of Medical Oncology and Hematology, Princess Margaret Cancer Centre, University Health Network, Toronto, Ontario, Canada.",Canada,2,1,1,0.5,0,0,0.03670721649050903,"Retrospective Studies, Autografts, Salvage Therapy, Neoplasm Recurrence, Local, Transplantation, Autologous, Hematopoietic Stem Cell Transplantation","Clinical lymphoma, myeloma & leukemia, Clinical nuclear medicine",2023-2026,North America,1,27.3,65.9,25.6,44.2,65.9,32.8,42.5,Tier 3,False,False
949,machalinski_b,Bogusław Machaliński,"Department of General Pathology, Pomeranian Medical University, 70-111 Szczecin, Poland.",Poland,2,2,0,0.0,0,0,0.005934718100890207,"Vitamin D, Bortezomib, Vitamins, Vitamin K, DNA Methylation, Dietary Supplements","Nutrients, Cancers",2023-2023,Europe,2,27.3,86.2,6.4,44.2,86.2,0.5,42.5,Tier 3,False,False
950,sengsayadeth_s,Salyka M Sengsayadeth,Section of Hematology and Stem Cell Transplant Vanderbilt Ingram Cancer Center Department of Medicine Vanderbilt University Medical Center Nashville Tennessee USA.,USA,2,2,0,0.0,0,0,0.004451038575667655,,EJHaem,2022-2022,North America,2,27.3,86.2,6.4,44.2,86.2,0.2,42.5,Tier 3,False,False
951,drayson_m,Mark T Drayson,"Institute of Immunology and Immunotherapy, University of Birmingham, Birmingham, UK.",Unknown,2,0,1,0.5,1,0,0.05925399944345365,"Lenalidomide, Vorinostat, Dexamethasone, T-Lymphocytes, COVID-19, COVID-19 Vaccines","British journal of haematology, European journal of haematology",2023-2024,Unknown,0,27.3,26.0,25.6,91.0,26.0,57.4,42.4,Tier 3,False,False
952,khan_m,Mohammad Monirujjaman Khan,"Department of Electrical and Computer Engineering, North South University, Dhaka-1229, Bangladesh.",Unknown,3,0,2,0.667,0,0,0.02084267308919428,"Image Processing, Computer-Assisted, Leukocytes, Machine Learning, Neural Networks, Computer","Contrast media & molecular imaging, Gastro hep advances, Surgical neurology international",2021-2025,Unknown,0,64.2,26.0,55.1,44.2,26.0,13.4,42.3,Tier 3,False,False
953,talbot_a,Alexis Talbot,"Department of Immuno Hematology, Hôpital Saint-Louis, Assistance Publique Hôpitaux de Paris, Paris, France.",France,2,1,0,0.0,0,0,0.06169312292547778,"Glomerulosclerosis, Focal Segmental, Fanconi Syndrome, Paraffin, Kidney, Kidney Diseases, Renal Insufficiency","Kidney international, Frontiers in immunology",2022-2023,Europe,1,27.3,65.9,6.4,44.2,65.9,59.8,42.3,Tier 3,False,False
954,avetloiseau_h,Herve Avet-Loiseau,"University Cancer Center of Toulouse Institut National de la Santé, Toulouse, France.",France,3,0,1,0.333,0,0,0.05885690108412542,"Alternative Splicing, RNA Splicing Factors, Exons, Serine-Arginine Splicing Factors","Blood cancer journal, Frontiers in oncology, Blood",2022-2026,Europe,0,64.2,26.0,25.6,44.2,26.0,57.0,42.2,Tier 3,False,False
955,fu_x,Xiu-Qiong Fu,"Consun Chinese Medicines Research Centre for Renal Diseases, School of Chinese Medicine, Hong Kong Baptist University, Kowloon Tong, Hong Kong, China.",China,2,1,1,0.5,0,0,0.03443861915159454,"Animals, Mice, Cell Line, Tumor, STAT3 Transcription Factor, Signal Transduction, Melanoma","Phytomedicine : international journal of phytotherapy and phytopharmacology, PloS one",2023-2025,Asia-Pacific,1,27.3,65.9,25.6,44.2,65.9,30.0,42.2,Tier 3,False,False
956,block_a,Andreas Block,"Department of Oncology, Hematology and Bone Marrow Transplantation with Division of Pneumology, University Medical Center Eppendorf, Hamburg, Germany.",Germany,2,1,1,0.5,0,0,0.03355349003467411,"Receptors, Chimeric Antigen, T-Lymphocytes, Artificial Intelligence, Hematologic Neoplasms, Leukemia, Lymphocytic, Chronic, B-Cell, Leukemia, Myeloid, Acute","Frontiers in immunology, Cells",2023-2025,Europe,1,27.3,65.9,25.6,44.2,65.9,28.5,42.1,Tier 3,False,False
957,nguyen_t,Truc Thi Hoang Nguyen,"Department of Oral and Maxillofacial Surgery, Dental Research Institute, School of Dentistry, Seoul National University, Seoul, Korea.",South Korea,2,1,1,0.5,0,0,0.033139109848061316,"B-Cell Maturation Antigen, Single-Chain Antibodies, Animals, Receptors, Chimeric Antigen, Immunotherapy, Adoptive, Mice","Journal of the Korean Association of Oral and Maxillofacial Surgeons, Cells",2021-2025,Asia-Pacific,1,27.3,65.9,25.6,44.2,65.9,28.3,42.1,Tier 3,False,False
958,auclair_d,Daniel Auclair,"Multiple Myeloma Research Foundation (MMRF), Norwalk, CT, USA.",USA,2,0,0,0.0,1,0,0.11680046647539269,"Ad26COVS1, Antibodies, Viral, Asymptomatic Diseases, BNT162 Vaccine, COVID-19, COVID-19 Vaccines","Cancer cell, Cancer research communications",2022-2022,North America,0,27.3,26.0,6.4,91.0,26.0,83.3,42.1,Tier 3,False,False
959,weber_d,Donna M Weber,"Department of Lymphoma and Myeloma, The University of Texas MD Anderson Cancer Center, Houston, Texas.",USA,3,0,1,0.333,0,0,0.05650027536472081,"Retrospective Studies, Hematopoietic Stem Cell Transplantation, Transplantation, Autologous, Hematopoietic Stem Cell Mobilization, Heterocyclic Compounds, Antigens, CD34","Transplantation and cellular therapy, Clinical lymphoma, myeloma & leukemia, Cancer",2023-2024,North America,0,64.2,26.0,25.6,44.2,26.0,54.5,42.0,Tier 3,False,False
960,kuball_j,Jurgen Kuball,"Department of Haematology and Center for Translational Immunology, University Medical Centre, Utrecht, The Netherlands.",Netherlands,3,0,0,0.0,0,0,0.1188740608362516,"Immunotherapy, Adoptive, Receptors, Chimeric Antigen, Antigens, CD19, Child, Graft vs Host Disease, Hematopoietic Stem Cell Transplantation","Bone marrow transplantation, Annals of oncology : official journal of the European Society for Medical Oncology, Bulletin du cancer",2021-2022,Europe,0,64.2,26.0,6.4,44.2,26.0,83.7,42.0,Tier 3,False,False
961,kushwaha_n,Neerja Kushwaha,"Classified Specialist (Immunohematology & Blood Transfusion), Command Hospital (Central Command), Lucknow, India.",India,2,1,1,0.5,0,0,0.03192761942648682,,"Medical journal, Armed Forces India, Cureus",2022-2024,Asia-Pacific,1,27.3,65.9,25.6,44.2,65.9,27.2,42.0,Tier 3,False,False
962,albayrak_h,Hayrunnisa Albayrak,"Department of Hematology, Medical Faculty, Kocaeli University, 11.km, 41380 Umuttepe, Kocaeli, Turkey.",Turkey,2,1,1,0.5,0,0,0.03168902412876342,,"Indian journal of hematology & blood transfusion : an official journal of Indian Society of Hematology and Blood Transfusion, International journal of laboratory hematology",2023-2026,Middle East / GCC,1,27.3,65.9,25.6,44.2,65.9,26.8,41.9,Tier 3,False,False
963,das_s,Sumit Kumar Das,"Department of Electrical and Computer Engineering, North South University, Dhaka-1229, Bangladesh.",Unknown,2,1,0,0.0,0,0,0.05727207222157786,"Image Processing, Computer-Assisted, Leukocytes, Machine Learning, Neural Networks, Computer, Apoptosis, Cell Line, Tumor","Contrast media & molecular imaging, Nature communications",2021-2021,Unknown,1,27.3,65.9,6.4,44.2,65.9,55.3,41.9,Tier 3,False,False
964,ruiz_m,Marco Ruiz,"Miami Cancer Institute, Miami, FL.",Unknown,2,1,1,0.5,0,0,0.03040050659344199,"Frailty, Hematopoietic Stem Cell Transplantation, Hospital Mortality, Hospitals, Length of Stay, Lymphoma, Non-Hodgkin","Clinical lymphoma, myeloma & leukemia, Cureus",2022-2024,Unknown,1,27.3,65.9,25.6,44.2,65.9,25.2,41.8,Tier 3,False,False
965,ye_l,Lu Ye,"Department of Medical Oncology of Cancer Center, West China Hospital, Sichuan University, Chengdu, China.",China,2,1,1,0.5,0,0,0.03092973326283082,"Oligopeptides, Tandem Mass Spectrometry, Liquid Chromatography-Mass Spectrometry","Frontiers in oncology, Journal of visualized experiments : JoVE",2023-2026,Asia-Pacific,1,27.3,65.9,25.6,44.2,65.9,25.5,41.8,Tier 3,False,False
966,fang_y,Yuepeng Fang,"Department of Orthopaedics, The First Affiliated Hospital of Soochow University, Soochow University, Suzhou 215006, China.",China,2,1,1,0.5,0,0,0.03121806102026766,"Animals, Antineoplastic Agents, Mice, Bone Diseases, Metabolic, Bortezomib, Osteoporosis","Oxidative medicine and cellular longevity, Journal of medicinal chemistry",2021-2026,Asia-Pacific,1,27.3,65.9,25.6,44.2,65.9,25.8,41.8,Tier 3,False,False
967,feng_x,Xiaodong Feng,"State Key Laboratory of Oral Diseases, National Clinical Research Center for Oral Diseases, Chinese Academy of Medical Sciences Research Unit of Oral Carcinogenesis and Management, West China Hospital of Stomatology, Sichuan University, Chengdu, China.",China,3,0,1,0.333,0,0,0.05400431875897574,"Immunoglobulin Light-chain Amyloidosis, Ulcer, Amyloidosis, Tongue, Paraproteinemias, Tongue Diseases","European journal of dermatology : EJD, Cell metabolism, Frontiers in endocrinology",2023-2024,Asia-Pacific,0,64.2,26.0,25.6,44.2,26.0,51.4,41.7,Tier 3,False,False
968,gasparetto_c,Cristina Gasparetto,"Duke University Medical Center, Durham, NC.",Unknown,2,0,1,0.5,3,0,0.04050902687398353,"Prospective Studies, Quality of Life, Registries, Delivery of Health Care, Receptors, Antigen, T-Cell, Dexamethasone","Clinical lymphoma, myeloma & leukemia, Case reports in hematology",2023-2025,Unknown,0,27.3,26.0,25.6,97.4,26.0,37.7,41.7,Tier 3,False,False
969,schmidtwolf_i,Ingo G H Schmidt-Wolf,"Department of Integrated Oncology, Center for Integrated Oncology, University Hospital of Bonn, Bonn, Germany.",Germany,2,0,1,0.5,1,0,0.05267446726175043,,"Frontiers in oncology, Frontiers in medicine",2022-2025,Europe,0,27.3,26.0,25.6,91.0,26.0,49.6,41.6,Tier 3,False,False
970,fan_x,X Q Fan,"Department of Hematology, Myeloma & Lymphoma Center, Second Affiliated Hospital of Navy Medical University, Shanghai 200003, China.",China,2,1,1,0.5,0,0,0.02939171684866132,"Receptors, Chimeric Antigen, B-Cell Maturation Antigen, Neoplasm Recurrence, Local, Immunotherapy, Adoptive, T-Lymphocytes","Zhonghua xue ye xue za zhi = Zhonghua xueyexue zazhi, Frontiers of medicine",2023-2025,Asia-Pacific,1,27.3,65.9,25.6,44.2,65.9,24.0,41.6,Tier 3,False,False
971,chung_h,Hye Won Chung,"Global Epidemiology, Janssen Research and Development, LLC, Titusville, NJ 08560, USA.",USA,2,1,1,0.5,0,0,0.02822659880774166,,"Journal of the Korean Society of Radiology, Cancers",2023-2025,North America,1,27.3,65.9,25.6,44.2,65.9,22.7,41.5,Tier 3,False,False
972,moshier_e,Erin L Moshier,"Department of Population Health Science and Policy, Icahn School of Medicine at Mount Sinai, New York, New York, USA.",USA,2,1,1,0.5,0,0,0.027508158363216656,"Bortezomib, Chromosome Aberrations, Chromosomes, Human, Pair 1, Dexamethasone, Dose-Response Relationship, Drug, Maximum Tolerated Dose","Cancer medicine, Clinical lymphoma, myeloma & leukemia",2022-2026,North America,1,27.3,65.9,25.6,44.2,65.9,22.0,41.5,Tier 3,False,False
973,das_a,Avash Das,"Department of Molecular Genetics, UT Southwestern Medical Center, Dallas, Texas, USA.",USA,2,1,0,0.0,0,0,0.053644362286139016,"Cardiotoxicity, Immunomodulating Agents, Proteasome Inhibitors, Randomized Controlled Trials as Topic, Glomerulosclerosis, Focal Segmental, Fanconi Syndrome","Hematological oncology, Kidney international",2022-2023,North America,1,27.3,65.9,6.4,44.2,65.9,51.3,41.5,Tier 3,False,False
974,murray_j,J Murray,"Christie Hospital NHS Trust, Manchester, UK.",Unknown,2,1,0,0.0,0,0,0.054257469077245546,"Accreditation, Bone Marrow, Hematology, Immunotherapy, Adoptive, Receptors, Antigen, T-Cell, Receptors, Chimeric Antigen","Annals of oncology : official journal of the European Society for Medical Oncology, Der Radiologe",2022-2022,Unknown,1,27.3,65.9,6.4,44.2,65.9,51.6,41.5,Tier 3,False,False
975,engelhardt_m,Monika Engelhardt,"University Medical Center Freiburg, Department of Hematology, Oncology and Stem Cell Transplantation, Faculty of Medicine, University of Freiburg, 79106 Freiburg, Germany.",Germany,3,0,1,0.333,0,0,0.052382250878249596,"COVID-19 Vaccines, BNT162 Vaccine, COVID-19, SARS-CoV-2, T-Lymphocytes, Hematologic Neoplasms","Cancers, Nature cancer",2021-2024,Europe,0,64.2,26.0,25.6,44.2,26.0,49.4,41.5,Tier 3,False,False
976,shi_h,Hui Shi,"Department of Clinical Psychology, Beijing Chao-Yang Hospital, Capital Medical University, Beijing, China.",China,2,1,1,0.5,0,0,0.02824284318780473,,"Frontiers in psychology, Advanced science (Weinheim, Baden-Wurttemberg, Germany)",2022-2026,Asia-Pacific,1,27.3,65.9,25.6,44.2,65.9,22.8,41.5,Tier 3,False,False
977,choi_w,Wonsuk Choi,"Department of Internal Medicine, Chonnam National University Hwasun Hospital, 322 Seoyang-ro, Hwasun, Jeollanam-do 519-763, Republic of Korea.",South Korea,2,1,1,0.5,0,0,0.028272191470345865,"Risk Factors, Adrenal Cortex Hormones, Adrenal Insufficiency, Adrenocorticotropic Hormone, Hydrocortisone, Prevalence","BioMed research international, The American journal of gastroenterology",2021-2025,Asia-Pacific,1,27.3,65.9,25.6,44.2,65.9,22.9,41.5,Tier 3,False,False
978,ishikawa_t,Takuto Ishikawa,"Saitama Citizens Medical Center, Saitama, Japan.",Japan,2,1,0,0.0,0,0,0.05403615599273584,,"Cancer diagnosis & prognosis, Cureus",2021-2021,Asia-Pacific,1,27.3,65.9,6.4,44.2,65.9,51.5,41.5,Tier 3,False,False
979,huls_g,Gerwin A Huls,"Department of Hematology, University of Groningen, University Medical Center Groningen, Groningen, The Netherlands.",Netherlands,2,0,2,1.0,1,0,0.011869436201780414,"Transplantation, Autologous, Retrospective Studies, Hematopoietic Stem Cell Transplantation, Consolidation Chemotherapy, Prognosis, Melphalan","Clinical lymphoma, myeloma & leukemia",2025-2026,Europe,0,27.3,26.0,55.1,91.0,26.0,3.1,41.4,Tier 3,False,False
980,liang_z,Zhigang Liang,"State Key Laboratory of Respiratory Disease, Affiliated Cancer Hospital & Institute of Guangzhou Medical University, Guangzhou, China.",China,2,1,1,0.5,0,0,0.026854806737037766,"Gene Expression Profiling, Genetic Heterogeneity, Mesenchymal Stem Cells, Single-Cell Analysis, Oligopeptides, Tandem Mass Spectrometry","Clinical and translational medicine, Journal of visualized experiments : JoVE",2021-2026,Asia-Pacific,1,27.3,65.9,25.6,44.2,65.9,21.3,41.4,Tier 3,False,False
981,jones_j,John R Jones,"Eastbourne District General Hospital, Eastbourne, UK.",Unknown,2,0,1,0.5,1,0,0.04925492696044961,"Lenalidomide, Vorinostat, Dexamethasone","British journal of haematology, ACS medicinal chemistry letters",2023-2026,Unknown,0,27.3,26.0,25.6,91.0,26.0,47.0,41.4,Tier 3,False,False
982,morgan_k,Kate Morgan,"Myeloma Patients Europe, Brussels, Belgium.",Belgium,3,0,0,0.0,0,0,0.09766213032572282,"Influenza, Human, Prospective Studies, Hospitalization, Vaccination","Clinical lymphoma, myeloma & leukemia, ClinicoEconomics and outcomes research : CEOR, Frontiers in oncology",2022-2023,Europe,0,64.2,26.0,6.4,44.2,26.0,77.7,41.4,Tier 3,False,False
983,xia_h,Hong Xia,"Epartment of Orthopedics, Central Hospital of XiangTan, China. Electronic address: Sunlight2235@126.com.",China,2,1,1,0.5,0,0,0.02711467979935111,"Apoptosis, Blotting, Western, Cell Line, Tumor, Cell Movement, Cell Proliferation, Cyclin-Dependent Kinase 6","Leukemia research, British journal of cancer research",2022-2024,Asia-Pacific,1,27.3,65.9,25.6,44.2,65.9,21.8,41.4,Tier 3,False,False
984,zeng_z,Z Zeng,"Jiangsu Institute of Hematology, National Clinical Research Center for Hematologic Diseases, NHC Key Laboratory of Thrombosis and Hemostasis,Collaborative Innovation Center of Hematology, The First Affiliated Hospital of Soochow University, Suzhou 215006, China.",China,2,1,1,0.5,0,0,0.026875470921974037,"Chromothripsis, Chromosome Aberrations","Zhonghua xue ye xue za zhi = Zhonghua xueyexue zazhi, Frontiers in oncology",2022-2025,Asia-Pacific,1,27.3,65.9,25.6,44.2,65.9,21.4,41.4,Tier 3,False,False
985,nomura_s,Shosaku Nomura,First Department of Internal Medicine Kansai Medical University Osaka Japan.,Japan,2,1,0,0.0,0,0,0.053424017871907786,,"EJHaem, Therapeutic advances in hematology",2021-2022,Asia-Pacific,1,27.3,65.9,6.4,44.2,65.9,50.3,41.4,Tier 3,False,False
986,zheng_b,Bo Zheng,"Nuclear Radiation Injury Protection and Treatment Department, Navy Medical Center of People Liberation Army (PLA), Naval Medical University, Shanghai, China.",China,2,1,1,0.5,0,0,0.027058429053946703,"B-Cell Maturation Antigen, Animals, Mice, Interleukin-7, Chemokine CCL21, Immunotherapy, Adoptive","Frontiers in oncology, Frontiers in immunology",2021-2024,Asia-Pacific,1,27.3,65.9,25.6,44.2,65.9,21.7,41.4,Tier 3,False,False
987,he_x,Xuemei He,"Medical Experimental Center, Affiliated Hospital of Southwest Medical University, Luzhou, China.",China,2,1,1,0.5,0,0,0.026772420632824145,"Animals, Mice, Cell Line, Tumor, Xenograft Model Antitumor Assays, Cell Proliferation, Antineoplastic Agents","Translational cancer research, Biochemical pharmacology",2021-2025,Asia-Pacific,1,27.3,65.9,25.6,44.2,65.9,20.9,41.3,Tier 3,False,False
988,shen_y,Ying Shen,"Xi'an Jiaotong University Health Science Center, Xi'An City, Shaanxi Province, China; The Second Affiliated Hospital of Xi'an Jiaotong University, Xi'An City, Shaanxi Province, China.",China,2,1,1,0.5,0,0,0.026181439221296864,"Pharmacovigilance, Adverse Drug Reaction Reporting Systems, Antibodies, Monoclonal, Databases, Factual, United States, Antineoplastic Agents","Life sciences, Expert opinion on drug safety",2023-2024,Asia-Pacific,1,27.3,65.9,25.6,44.2,65.9,20.3,41.3,Tier 3,False,False
989,shen_h,Hui Shen,"The Department of Hematology, Zhongnan Hospital of Wuhan University, 430062, China.",China,3,0,1,0.333,0,0,0.04948323094862252,"Animals, Mice, Cell Line, Tumor, Photosensitizing Agents, Serum Albumin, Bovine, Reactive Oxygen Species","Biomedical optics express, Advanced materials (Deerfield Beach, Fla.), Journal of medicinal chemistry",2022-2026,Asia-Pacific,0,64.2,26.0,25.6,44.2,26.0,47.2,41.3,Tier 3,False,False
990,marinac_c,Catherine R Marinac,"Department of Medical Oncology, Dana-Farber Cancer Institute, Boston, MA, USA.",USA,2,0,1,0.5,1,0,0.04839877558229689,"Prospective Studies, Ad26COVS1, Antibodies, Viral, Asymptomatic Diseases, BNT162 Vaccine, COVID-19","Cancer cell, JMIR research protocols",2022-2024,North America,0,27.3,26.0,25.6,91.0,26.0,46.3,41.3,Tier 3,False,False
991,lacy_m,Martha Q Lacy,"Division of Hematology, Mayo Clinic Rochester, Rochester, MN.",Unknown,2,0,1,0.5,3,0,0.037291175626061705,"Retrospective Studies, Hematopoietic Stem Cell Transplantation, In Situ Hybridization, Fluorescence, Transplantation, Autologous, Neoplasm Recurrence, Local, Disease Progression","Clinical lymphoma, myeloma & leukemia, Blood cancer journal",2023-2024,Unknown,0,27.3,26.0,25.6,97.4,26.0,33.5,41.3,Tier 3,False,False
992,he_f,Fan He,"Department of Orthopaedics, The First Affiliated Hospital of Soochow University, Soochow University, Suzhou 215006, China.",China,3,0,1,0.333,0,0,0.04882928318711599,"Animals, Antineoplastic Agents, Bone Diseases, Metabolic, Bortezomib, Mice, Osteoporosis","Oxidative medicine and cellular longevity, Journal of translational medicine, Annals of hematology",2021-2024,Asia-Pacific,0,64.2,26.0,25.6,44.2,26.0,46.6,41.2,Tier 3,False,False
993,wong_s,Sandy W Wong,"Bone Marrow Transplantation and Hematologic Malignancy Unit, Division of Hematology-Oncology, University of California, San Francisco, San Francisco, CA, United States.",USA,2,1,1,0.5,0,0,0.025409580926829017,,"Frontiers in oncology, Blood neoplasia",2021-2024,North America,1,27.3,65.9,25.6,44.2,65.9,19.6,41.2,Tier 3,False,False
994,ghosh_k,Kaushik Ghosh,"Bristol Myers Squibb, Research and Development, Bangalore, India.",India,2,0,2,1.0,0,0,0.20624964142401236,,"Blood neoplasia, EJHaem",2025-2026,Asia-Pacific,0,27.3,26.0,55.1,44.2,26.0,94.0,41.1,Tier 3,False,False
995,sidiqi_m,M Hasib Sidiqi,"Department of Haematology, Fiona Stanley Hospital, Murdoch 6150, Australia.",Australia,2,1,1,0.5,0,0,0.02522519619633965,,"Cancers, Frontiers in oncology",2021-2024,Asia-Pacific,1,27.3,65.9,25.6,44.2,65.9,18.8,41.1,Tier 3,False,False
996,yao_w,W Q Yao,"The First Affiliated Hospital of Soochow University, Jiangsu Institute of Hematology, Suzhou 215000, China.",China,2,1,1,0.5,0,0,0.025240870118865215,"Lenalidomide, Bortezomib, Induction Chemotherapy, Dexamethasone, Neutropenia, Thrombocytopenia","Zhonghua xue ye xue za zhi = Zhonghua xueyexue zazhi, Blood",2022-2026,Asia-Pacific,1,27.3,65.9,25.6,44.2,65.9,19.0,41.1,Tier 3,False,False
997,annibali_o,Ombretta Annibali,"Policlinico Universitario Campus Bio-Medico, Dipartimento di Medicina e Chirurgia Università Campus Bio-Medico, Rome.",Unknown,2,0,2,1.0,0,0,0.18732321549692602,,"The New England journal of medicine, JCO oncology practice",2026-2026,Unknown,0,27.3,26.0,55.1,44.2,26.0,92.7,41.0,Tier 3,False,False
998,zhao_z,Zhijian Zhao,"Department of Orthopaedics, The First Affiliated Hospital of Soochow University, Soochow University, Suzhou 215006, China.",China,2,1,1,0.5,0,0,0.023838123385001502,"Animals, Mice, Antineoplastic Agents, Bone Diseases, Metabolic, Bortezomib, Osteoporosis","Oxidative medicine and cellular longevity, Cancer medicine",2021-2026,Asia-Pacific,1,27.3,65.9,25.6,44.2,65.9,17.2,41.0,Tier 3,False,False
999,waage_a,Anders Waage,"Department of Clinical and Molecular Medicine, Norwegian University of Science and Technology, Trondheim, Norway.",Norway,2,0,0,0.0,1,0,0.08497329905133039,,"Frontiers in oncology, Nature communications",2022-2022,Europe,0,27.3,26.0,6.4,91.0,26.0,72.4,41.0,Tier 3,False,False
1000,kyle_r,Robert A Kyle,"Division of Hematology, Mayo Clinic Rochester, Rochester, MN.",Unknown,2,0,1,0.5,2,0,0.037291175626061705,"Retrospective Studies, Hematopoietic Stem Cell Transplantation, In Situ Hybridization, Fluorescence, Transplantation, Autologous, Neoplasm Recurrence, Local, Disease Progression","Clinical lymphoma, myeloma & leukemia, Blood cancer journal",2023-2024,Unknown,0,27.3,26.0,25.6,95.2,26.0,33.5,40.9,Tier 3,False,False
1001,meng_n,Nanhao Meng,"Department of Hematology, Tianjin Medical University General Hospital, Tianjin, 300052, China.",China,2,1,1,0.5,0,0,0.02375497658757555,"Animals, Mice, Photosensitizing Agents, Serum Albumin, Bovine, Reactive Oxygen Species, Cell Line, Tumor","Advanced materials (Deerfield Beach, Fla.), Journal of translational internal medicine",2023-2026,Asia-Pacific,1,27.3,65.9,25.6,44.2,65.9,16.8,40.9,Tier 3,False,False
1002,marques_h,Herlander Marques,"Department of Hematology, Hospital de Braga, Academic Clinical Center of Braga, Braga, and CINTESIS, Oporto University, Braga, Portugal.",Portugal,2,0,2,1.0,0,0,0.18208794610689125,"Dexamethasone, Oligopeptides, Antibodies, Monoclonal, Humanized, Injections, Subcutaneous, Neoplasm Recurrence, Local","Blood cancer journal, Hematology reports",2025-2026,Europe,0,27.3,26.0,55.1,44.2,26.0,92.2,40.9,Tier 3,False,False
1003,zang_y,Yi Zang,"University of Chinese Academy of Sciences, NO.19A Yuquan Road, Beijing 100049, PR China; Lingang Laboratory, Shanghai 201203, PR China; School of Pharmaceutical Science and Technology, Hangzhou Institute for Advanced Study, University of Chinese Academy of Sciences, Hangzhou 310024, PR China.",China,2,1,1,0.5,0,0,0.022851876212169372,"Nuclear Proteins, Transcription Factors, Cell Line, Tumor, Leukemia, Cell Cycle Proteins, Bromodomain Containing Proteins","Bioorganic & medicinal chemistry, Frontiers in immunology",2023-2025,Asia-Pacific,1,27.3,65.9,25.6,44.2,65.9,16.3,40.9,Tier 3,False,False
1004,davies_f,Faith E Davies,"Perlmutter Cancer Center, NYU Langone, New York, NY.",USA,2,0,0,0.0,1,0,0.08249450874557443,"Influenza, Human, Prospective Studies, Hospitalization, Vaccination, Lenalidomide, Vorinostat","Clinical lymphoma, myeloma & leukemia, British journal of haematology",2023-2023,North America,0,27.3,26.0,6.4,91.0,26.0,70.8,40.9,Tier 3,False,False
1005,farmer_s,Sarah Farmer,"Department of Hematology, Vejle Hospital, Vejle, Denmark.",Denmark,2,0,2,1.0,0,0,0.1722466920875238,,"The New England journal of medicine, American journal of hematology",2026-2026,Europe,0,27.3,26.0,55.1,44.2,26.0,91.2,40.8,Tier 3,False,False
1006,ozturk_h,Hacer Berna Afacan Öztürk,"Diskapi Yildirim Beyazit Training and Research Hospital, Department of Hematology, University of Health Sciences, Ankara, Turkey.",Turkey,2,1,1,0.5,0,0,0.021588093672941355,"Hematopoietic Stem Cell Transplantation, Retrospective Studies, Transplantation, Homologous, Recurrence, Neoplasm Recurrence, Local","Memo, Nigerian journal of clinical practice",2022-2024,Middle East / GCC,1,27.3,65.9,25.6,44.2,65.9,14.4,40.7,Tier 3,False,False
1007,mishra_d,Deepak Mishra,"Laboratory Hematology and Cytogenetics, Tata Medical Center, Kolkata, West Bengal, India.",India,2,1,1,0.5,0,0,0.021568384858496766,"Bortezomib, Hematopoietic Stem Cell Transplantation, Induction Chemotherapy, Retrospective Studies","Indian journal of cancer, Indian journal of hematology & blood transfusion : an official journal of Indian Society of Hematology and Blood Transfusion",2023-2026,Asia-Pacific,1,27.3,65.9,25.6,44.2,65.9,14.3,40.7,Tier 3,False,False
1008,sevcikova_s,Sabina Ševčíková,"Babak Myeloma Group, Department of Pathological Physiology, Faculty of Medicine, Masaryk University, Brno, Czech Republic.",Czech Republic,2,1,0,0.0,0,0,0.04476720055626878,"Czech Republic, Dexamethasone, Routinely Collected Health Data, Thalidomide, Unfolded Protein Response, Endoplasmic Reticulum Stress","Neoplasma, Klinicka onkologie : casopis Ceske a Slovenske onkologicke spolecnosti",2022-2023,Europe,1,27.3,65.9,6.4,44.2,65.9,41.9,40.6,Tier 3,False,False
1009,jain_m,Michael D Jain,"Moffitt Cancer Center, Tampa, Florida.",USA,2,0,2,1.0,0,0,0.14901202057063723,"Receptors, Chimeric Antigen, Immunotherapy, Adoptive, Neoplasms, Plasma Cell, Albumins, South Asian People, Antibodies, Monoclonal","Transplantation and cellular therapy, Future oncology (London, England)",2024-2024,North America,0,27.3,26.0,55.1,44.2,26.0,88.6,40.6,Tier 3,False,False
1010,sui_w,Weiwei Sui,"State Key Laboratory of Experimental Hematology, National Clinical Research Center for Blood Diseases, Institute of Hematology & Blood Diseases Hospital, Chinese Academy of Medical Sciences & Peking Union Medical College, Tianjin 300020, China.",China,3,0,1,0.333,0,0,0.04320254698761852,"Plasma Cells, Immunoglobulin M, In Situ Hybridization, Fluorescence, Prognosis, Immunotherapy, Bone Marrow","Zhonghua xue ye xue za zhi = Zhonghua xueyexue zazhi, Frontiers in immunology, Cancers",2021-2025,Asia-Pacific,0,64.2,26.0,25.6,44.2,26.0,39.7,40.5,Tier 3,False,False
1011,yeh_t,Tzu-Min Yeh,"Johnson & Johnson, Raritan, NJ.",Unknown,2,0,2,1.0,0,0,0.14408855675920035,,"The New England journal of medicine, Clinical lymphoma, myeloma & leukemia",2026-2026,Unknown,0,27.3,26.0,55.1,44.2,26.0,87.8,40.5,Tier 3,False,False
1012,stork_m,Martin Štork,"Department of Internal Medicine, Hematology and Oncology, University Hospital, Brno, Czech Republic.",Czech Republic,3,0,1,0.333,0,0,0.043378818597077144,"Czech Republic, Dexamethasone, Routinely Collected Health Data, Thalidomide, Progression-Free Survival, Retrospective Studies","Neoplasma, Clinical lymphoma, myeloma & leukemia, Klinicka onkologie : casopis Ceske a Slovenske onkologicke spolecnosti",2022-2024,Europe,0,64.2,26.0,25.6,44.2,26.0,39.9,40.5,Tier 3,False,False
1013,uddin_s,Shahab Uddin,"Translational Research Institute & Dermatology Institute, Academic Health System, Hamad Medical Corporation, Doha, Qatar.",Qatar,2,1,1,0.5,0,0,0.020790237088999172,"Algorithms, Apoptosis, Computational Biology, Signal Transduction, Cell Line, Tumor, Pentacyclic Triterpenes","Advances in protein chemistry and structural biology, International review of cell and molecular biology",2023-2025,Middle East / GCC,1,27.3,65.9,25.6,44.2,65.9,13.0,40.5,Tier 3,False,False
1014,matsumura_i,Itaru Matsumura,Department of Hematology and Rheumatology Kindai University Faculty of Medicine Osaka Japan.,Japan,3,0,0,0.0,0,0,0.07692351205549011,"Tumor Suppressor Protein p53, Cell Line, Tumor, MicroRNAs, Cell Transformation, Neoplastic","EJHaem, Genes, Therapeutic advances in hematology",2021-2022,Asia-Pacific,0,64.2,26.0,6.4,44.2,26.0,68.4,40.5,Tier 3,False,False
1015,greil_c,Christine Greil,"University Medical Center Freiburg, Department of Hematology, Oncology and Stem Cell Transplantation, Faculty of Medicine, University of Freiburg, 79106 Freiburg, Germany.",Germany,2,1,0,0.0,0,0,0.04340679806988794,"COVID-19 Vaccines, BNT162 Vaccine, COVID-19, SARS-CoV-2, T-Lymphocytes, Hematologic Neoplasms","Cancers, Nature cancer",2021-2023,Europe,1,27.3,65.9,6.4,44.2,65.9,40.0,40.4,Tier 3,False,False
1016,he_l,Lin He,"Sichuan Academy of Medical Sciences and Sichuan Provincial People's Hospital, School of Medicine, University of Electronic Science and Technology of China, Chengdu, China.",China,2,1,1,0.5,0,0,0.019659616239070345,"MicroRNAs, Hypoxia-Inducible Factor 1, alpha Subunit, Vascular Endothelial Growth Factor A, Vitamin D Deficiency, Case-Control Studies, Vitamin D","Frontiers in pharmacology, Zhongguo shi yan xue ye xue za zhi",2022-2025,Asia-Pacific,1,27.3,65.9,25.6,44.2,65.9,11.9,40.4,Tier 3,False,False
1017,takeda_w,Wataru Takeda,"Department of Hematopoietic Stem Cell Transplantation, National Cancer Center Hospital, Tokyo, Japan.",Japan,2,0,2,1.0,0,0,0.1370529638549596,"Graft vs Host Disease, Retrospective Studies, Transplantation, Homologous, Neoplasm Recurrence, Local, Risk Factors, Hematopoietic Stem Cell Transplantation","Bone marrow transplantation, Blood neoplasia",2024-2025,Asia-Pacific,0,27.3,26.0,55.1,44.2,26.0,87.0,40.4,Tier 3,False,False
1018,murakami_h,Hirokazu Murakami,"Faculty of Medical Technology and Clinical Engineering, Gunma University of Health and Welfare, Maebashi 371-0823, Japan.",Japan,3,0,0,0.0,0,0,0.07509195501075712,"Tumor Suppressor Protein p53, Cell Line, Tumor, MicroRNAs, Cell Transformation, Neoplastic, Endogenous Retroviruses, Clinical Relevance","Genes, International journal of hematology, BMC infectious diseases",2022-2023,Asia-Pacific,0,64.2,26.0,6.4,44.2,26.0,67.3,40.4,Tier 3,False,False
1019,cegledi_a,Andrea Cegledi,"Department of Hematology and Stem Cell Transplantation, South Pest Central Hospital-National Institute for Hematology and Infectious Diseases, Budapest, Hungary.",Hungary,2,1,1,0.5,0,0,0.019287833827893175,"Geroscience, Monoclonal Gammopathy of Undetermined Significance, Frailty, Risk Factors","GeroScience, Pharmaceuticals (Basel, Switzerland)",2023-2024,Europe,1,27.3,65.9,25.6,44.2,65.9,10.7,40.3,Tier 3,False,False
1020,yoon_j,Jee Hee Yoon,"Department of Internal Medicine, Chonnam National University Hwasun Hospital, 322 Seoyang-ro, Hwasun, Jeollanam-do 519-763, Republic of Korea.",South Korea,2,1,1,0.5,0,0,0.01830463441114634,"Adrenal Cortex Hormones, Adrenal Insufficiency, Adrenocorticotropic Hormone, Hydrocortisone, Prevalence, Retrospective Studies","BioMed research international, Cancer research and treatment",2021-2024,Asia-Pacific,1,27.3,65.9,25.6,44.2,65.9,10.3,40.3,Tier 3,False,False
1021,gu_x,Xuezhong Gu,"Department of Hematology, The First People's Hospital of Yunnan Province, Yunnan Province Clinical Research Center for Hematologic Disease, Yunnan Province Clinical Center for Hematologic Disease, Kunming, 650032, China.",China,2,1,1,0.5,0,0,0.019326560368540347,"Animals, Mice, Oligopeptides, Signal Transduction, Cell Adhesion Molecules, Receptors, Tumor Necrosis Factor, Type I","Oncology research, BMC cancer",2023-2024,Asia-Pacific,1,27.3,65.9,25.6,44.2,65.9,10.9,40.3,Tier 3,False,False
1022,liang_h,Haoyue Liang,"State Key Laboratory of Experimental Hematology, National Clinical Research Center for Blood Diseases, Haihe Laboratory of Cell Ecosystem, Institute of Hematology and Blood Diseases Hospital, Chinese Academy of Medical Sciences and Peking Union Medical College, Tianjin, China.",China,2,1,1,0.5,0,0,0.018086765818658136,"Pharmacovigilance, Adverse Drug Reaction Reporting Systems, Antibodies, Monoclonal, Databases, Factual, United States, Antineoplastic Agents","Frontiers in bioengineering and biotechnology, Expert opinion on drug safety",2022-2024,Asia-Pacific,1,27.3,65.9,25.6,44.2,65.9,10.2,40.3,Tier 3,False,False
1023,shetty_a,Anirudh J Shetty,"Department of Endocrinology and Metabolism, Narayana Hrudayalaya, Mazumdar Shaw Medical Centre, Bommasandra, 560099 Bangalore, Karnataka India.",India,2,0,2,1.0,0,0,0.12768729769696857,,"Indian journal of surgical oncology, EJHaem",2025-2025,Asia-Pacific,0,27.3,26.0,55.1,44.2,26.0,85.7,40.3,Tier 3,False,False
1024,metser_u,Ur Metser,"Molecular Imaging Division, Joint Department of Medical Imaging, University Health Network, Mount Sinai Hospital and Women's College Hospital, University of Toronto, Toronto, ON, Canada.",Canada,2,1,1,0.5,0,0,0.01860102580805166,"Positron Emission Tomography Computed Tomography, Fluorodeoxyglucose F18, Prognosis, Retrospective Studies","Frontiers in medicine, Clinical nuclear medicine",2022-2026,North America,1,27.3,65.9,25.6,44.2,65.9,10.3,40.3,Tier 3,False,False
1025,ran_x,Xuehong Ran,"Department of Hematology, Weifang People's Hospital, Weifang, China.",China,2,0,2,1.0,0,0,0.128521580143394,"Dexamethasone, Neoplasm Recurrence, Local, Thalidomide","Annals of hematology, Cancer pathogenesis and therapy",2024-2025,Asia-Pacific,0,27.3,26.0,55.1,44.2,26.0,85.8,40.3,Tier 3,False,False
1026,wu_c,C X Wu,"Jiangsu Institute of Hematology, National Clinical Research Center for Hematologic Diseases, NHC Key Laboratory of Thrombosis and Hemostasis,Collaborative Innovation Center of Hematology, The First Affiliated Hospital of Soochow University, Suzhou 215006, China.",China,2,1,1,0.5,0,0,0.01788241743679342,"Chromothripsis, Chromosome Aberrations","Zhonghua xue ye xue za zhi = Zhonghua xueyexue zazhi, Clinical nuclear medicine",2022-2026,Asia-Pacific,1,27.3,65.9,25.6,44.2,65.9,9.7,40.2,Tier 3,False,False
1027,sato_t,Tsutomu Sato,"Department of Hematology, Toyama University School of Medicine, Toyama, Japan.",Japan,2,1,0,0.0,0,0,0.04179984150582368,"Cytidine Deaminase, B-Lymphocytes, Anti-Bacterial Agents, Cellulitis, Pseudomonas, Carbapenems","Medicine, BMC infectious diseases",2022-2023,Asia-Pacific,1,27.3,65.9,6.4,44.2,65.9,38.5,40.2,Tier 3,False,False
1028,glavey_s,Siobhan Glavey,"Department of Haematology, Beaumont Hospital, Dublin D09 V2N0, Ireland.",Ireland,2,1,1,0.5,0,0,0.017840842131183796,,"Cancer drug resistance (Alhambra, Calif.), European journal of haematology",2021-2026,Europe,1,27.3,65.9,25.6,44.2,65.9,9.5,40.2,Tier 3,False,False
1029,takamatsu_h,Hiroyuki Takamatsu,"Kanazawa University, Kanazawa, Japan.",Japan,2,0,2,1.0,0,0,0.11888355303365764,,"Blood advances, British journal of haematology",2026-2026,Asia-Pacific,0,27.3,26.0,55.1,44.2,26.0,83.7,40.1,Tier 3,False,False
1030,singh_c,Charanpreet Singh,"Department of Clinical Hematology and Medical Oncology, Postgraduate Institute of Medical Education and Research, Sector 12, 160012 Chandigarh, India.",India,2,1,1,0.5,0,0,0.016540210533787802,,Indian journal of hematology & blood transfusion : an official journal of Indian Society of Hematology and Blood Transfusion,2023-2025,Asia-Pacific,1,27.3,65.9,25.6,44.2,65.9,8.0,40.1,Tier 3,False,False
1031,fu_z,Z Z Fu,"Department of Hematology, the First Affiliated Hospital of Soochow University, Suzhou 215006, China.",China,2,1,1,0.5,0,0,0.016349071909790104,"Cysteine, Reproducibility of Results, Metabolome, Metabolomics, Metabolic Networks and Pathways, Methionine","Zhonghua zhong liu za zhi [Chinese journal of oncology], Clinical nuclear medicine",2022-2026,Asia-Pacific,1,27.3,65.9,25.6,44.2,65.9,7.2,40.0,Tier 3,False,False
1032,feng_r,Ru Feng,"Department of Hematology, Nanfang Hospital, Southern Medical University, Guangzhou, China.",China,2,1,1,0.5,0,0,0.016357403394907107,,"Translational cancer research, Blood neoplasia",2021-2026,Asia-Pacific,1,27.3,65.9,25.6,44.2,65.9,7.5,40.0,Tier 3,False,False
1033,niblock_a,Aaron Niblock,"Queen Mary University, London, United Kingdom; School of Medicine, Ulster University, Northern Ireland. Electronic address: aaronniblock@doctors.net.uk.",Ireland,2,1,1,0.5,0,0,0.01646722609150077,"Monoclonal Gammopathy of Undetermined Significance, Tumor-Associated Macrophages, Pilot Projects, T-Lymphocytes, Paraproteinemias, Tumor Microenvironment","Experimental hematology, EJHaem",2023-2024,Europe,1,27.3,65.9,25.6,44.2,65.9,7.9,40.0,Tier 3,False,False
1034,zheng_g,Gaofeng Zheng,"Bone Marrow Transplantation Center, Department of Hematology, The First Affiliated Hospital, School of Medicine, Zhejiang University, Hangzhou, China.",China,3,0,1,0.333,0,0,0.03731526262478224,"Immunoglobulin Light Chains, Glomerular Filtration Rate, Renal Insufficiency, Chronic, Kidney, Renal Dialysis","Frontiers in oncology, Cancers, Nephron",2022-2024,Asia-Pacific,0,64.2,26.0,25.6,44.2,26.0,33.6,39.9,Tier 3,False,False
1035,marshall_t,Thomas S Marshall,"Bristol Myers Squibb, Princeton, NJ.",Unknown,2,0,2,1.0,0,0,0.10740491442997832,"Lenalidomide, ADP-ribosyl Cyclase 1, Antibodies, Monoclonal","Clinical lymphoma, myeloma & leukemia",2025-2026,Unknown,0,27.3,26.0,55.1,44.2,26.0,81.2,39.8,Tier 3,False,False
1036,aggarwal_r,Ritu Aggarwal,"Department of Immunopathology, Post Graduate Institute of Medical Education and Research, Chandigarh, India.",India,2,1,1,0.5,0,0,0.01453874474279543,"Bone Marrow, Feasibility Studies, Flow Cytometry, Follow-Up Studies, Hematopoietic Stem Cell Transplantation, Induction Chemotherapy","Journal of cancer research and therapeutics, Indian journal of hematology & blood transfusion : an official journal of Indian Society of Hematology and Blood Transfusion",2021-2025,Asia-Pacific,1,27.3,65.9,25.6,44.2,65.9,5.5,39.8,Tier 3,False,False
1037,sudalagunta_p,Praneeth Reddy Sudalagunta,"Moffitt Cancer Center, Tampa, FL, USA.",USA,2,0,2,1.0,0,0,0.10567253009834182,,"bioRxiv : the preprint server for biology, Cancer research",2025-2026,North America,0,27.3,26.0,55.1,44.2,26.0,80.6,39.8,Tier 3,False,False
1038,meads_m,Mark B Meads,"Moffitt Cancer Center, Tampa, FL, USA.",USA,2,0,2,1.0,0,0,0.10567253009834182,,"bioRxiv : the preprint server for biology, Cancer research",2025-2026,North America,0,27.3,26.0,55.1,44.2,26.0,80.6,39.8,Tier 3,False,False
1039,wong_w,W W C Wong,"Department of Radiology, Pamela Youde Nethersole Eastern Hospital, Hong Kong.",Hong Kong,2,1,1,0.5,0,0,0.01417092221176002,"Breast, Positron-Emission Tomography, Breast Neoplasms, Fluorodeoxyglucose F18, Mammography, Radiopharmaceuticals","Hong Kong medical journal = Xianggang yi xue za zhi, Medicina (Kaunas, Lithuania)",2022-2025,Asia-Pacific,1,27.3,65.9,25.6,44.2,65.9,5.4,39.8,Tier 3,False,False
1040,teer_j,Jamie Teer,"Moffitt Cancer Center, Tampa, FL, USA.",USA,2,0,2,1.0,0,0,0.10567253009834182,,"bioRxiv : the preprint server for biology, Cancer research",2025-2026,North America,0,27.3,26.0,55.1,44.2,26.0,80.6,39.8,Tier 3,False,False
1041,fotiou_d,Despina Fotiou,"Department of Clinical Therapeutics, School of Medicine, National and Kapodistrian University of Athens, 11528 Athens, Greece.",Greece,2,1,1,0.5,0,0,0.014836795252225518,,"Cancers, EJHaem",2022-2025,Europe,1,27.3,65.9,25.6,44.2,65.9,5.9,39.8,Tier 3,False,False
1042,wan_y,Yike Wan,"Department of Hematology, Renji Hospital, Shanghai Jiao Tong University School of Medicine, Shanghai, China.",China,2,1,1,0.5,0,0,0.01353524764241903,"Quality of Life, Length of Stay, Hospitalization, Inpatients","Frontiers in genetics, Medicine",2021-2025,Asia-Pacific,1,27.3,65.9,25.6,44.2,65.9,5.2,39.8,Tier 3,False,False
1043,pika_t,Tomáš Pika,"Department of Hemato-Oncology, Faculty of Medicine and Dentistry, Palacky University Olomouc and University Hospital Olomouc, Olomouc, Czech Republic.",Czech Republic,3,0,1,0.333,0,0,0.03573926052156539,"Czech Republic, Dexamethasone, Routinely Collected Health Data, Thalidomide, Progression-Free Survival, Retrospective Studies","Neoplasma, Clinical lymphoma, myeloma & leukemia, Haematologica",2022-2026,Europe,0,64.2,26.0,25.6,44.2,26.0,32.0,39.7,Tier 3,False,False
1044,chu_b,Bin Chu,"State Key Laboratory of Biotherapy and Cancer Center, West China Hospital, Sichuan University, Chengdu, Sichuan610041, P. R. China.",China,3,0,1,0.333,0,0,0.035690541763682304,"Bortezomib, Brain-Derived Neurotrophic Factor, Cell Line, Tumor, Proteasome Inhibitors","ACS omega, Biochimica et biophysica acta. General subjects, Cancer pathogenesis and therapy",2023-2024,Asia-Pacific,0,64.2,26.0,25.6,44.2,26.0,31.7,39.7,Tier 3,False,False
1045,radocha_j,Jakub Radocha,"4th Department of Internal Medicine-Hematology, University Hospital and Faculty of Medicine, Hradec Kralove, Czech Republic.",Czech Republic,3,0,1,0.333,0,0,0.03573926052156539,"Czech Republic, Dexamethasone, Routinely Collected Health Data, Thalidomide, Progression-Free Survival, Retrospective Studies","Neoplasma, Clinical lymphoma, myeloma & leukemia, Haematologica",2022-2026,Europe,0,64.2,26.0,25.6,44.2,26.0,32.0,39.7,Tier 3,False,False
1046,straub_j,Jan Straub,"1st Department of Medicine-Department of Hematology, First Faculty of Medicine, Charles University and General Hospital,, Prague, Czech Republic.",Czech Republic,3,0,1,0.333,0,0,0.03573926052156539,"Czech Republic, Dexamethasone, Routinely Collected Health Data, Thalidomide, Progression-Free Survival, Retrospective Studies","Neoplasma, Clinical lymphoma, myeloma & leukemia, Haematologica",2022-2026,Europe,0,64.2,26.0,25.6,44.2,26.0,32.0,39.7,Tier 3,False,False
1047,ma_m,Min Ma,"School of Pharmacy, University of Wisconsin, Madison, WI, USA.",USA,3,0,1,0.333,0,0,0.03536572614493904,"NF-kappa B, Chaperonin 60, Cell Survival, Toll-Like Receptor 4, Bortezomib, Cell Line, Tumor","Life science alliance, Cureus, Zhonghua xue ye xue za zhi = Zhonghua xueyexue zazhi",2022-2025,North America,0,64.2,26.0,25.6,44.2,26.0,31.3,39.7,Tier 3,False,False
1048,lin_w,Wei-De Lin,"Department of Medical Research, China Medical University Hospital, Taichung, Taiwan.",Taiwan,2,1,1,0.5,0,0,0.01338980355551614,,"Biomedicine hub, Frontiers in medicine",2021-2025,Asia-Pacific,1,27.3,65.9,25.6,44.2,65.9,4.7,39.7,Tier 3,False,False
1049,jungova_a,Alexandra Jungová,"Hematology and Oncology Department, Charles University Hospital Pilsen, Pilsen, Czech Republic.",Czech Republic,3,0,1,0.333,0,0,0.03573926052156539,"Czech Republic, Dexamethasone, Routinely Collected Health Data, Thalidomide, Progression-Free Survival, Retrospective Studies","Neoplasma, Clinical lymphoma, myeloma & leukemia, Haematologica",2022-2026,Europe,0,64.2,26.0,25.6,44.2,26.0,32.0,39.7,Tier 3,False,False
1050,davis_m,Marcus D Davis,"Department of Pathology, University of Alabama at Birmingham, Birmingham, AL, United States.",USA,2,1,1,0.5,0,0,0.013353115727002967,,"Frontiers in oncology, Journal of the advanced practitioner in oncology",2022-2026,North America,1,27.3,65.9,25.6,44.2,65.9,4.3,39.7,Tier 3,False,False
1051,zheng_d,D Zheng,"Department of Hematology, The First Affiliated Hospital, Sun Yat-sen University, Guangzhou, Guangdong 510080, China.",China,3,0,1,0.333,0,0,0.03465803069742023,"Hematopoietic Stem Cell Transplantation, Retrospective Studies, Induction Chemotherapy, Liposomes, Disease-Free Survival, Transplantation, Autologous","Zhonghua xue ye xue za zhi = Zhonghua xueyexue zazhi, Scandinavian journal of clinical and laboratory investigation, Frontiers in oncology",2022-2025,Asia-Pacific,0,64.2,26.0,25.6,44.2,26.0,30.3,39.6,Tier 3,False,False
1052,fan_s,Sibin Fan,"Division of Oncology and hematology, Beijing Chao-Yang Hospital, Capital Medical University, 8 Gongren Tiyuchang Nanlu, Chaoyang District, Beijing, 100020, PR China.",China,2,0,2,1.0,0,0,0.09985487173715586,"Tandem Mass Spectrometry, Chromatography, High Pressure Liquid, Lenalidomide, Retrospective Studies","Clinica chimica acta; international journal of clinical chemistry, Cancer pathogenesis and therapy",2024-2025,Asia-Pacific,0,27.3,26.0,55.1,44.2,26.0,78.5,39.6,Tier 3,False,False
1053,yin_p,Ping Yin,"Department of Radiology, Peking University People's Hospital, Beijing, China.",China,2,1,1,0.5,0,0,0.012050974103535922,,"Frontiers in oncology, Indian journal of hematology & blood transfusion : an official journal of Indian Society of Hematology and Blood Transfusion",2021-2024,Asia-Pacific,1,27.3,65.9,25.6,44.2,65.9,3.7,39.6,Tier 3,False,False
1054,stakiw_j,Julie Stakiw,"Saskatoon Cancer Center & Division of Oncology, College of Medicine, University of Saskatchewan, Hematology, Saskatoon, Canada.",Canada,2,0,2,1.0,0,0,0.10221618010620007,"Hematopoietic Stem Cell Mobilization, Benzylamines, Cyclams, Granulocyte Colony-Stimulating Factor, Retrospective Studies, Transplantation, Autologous","Transfusion and apheresis science : official journal of the World Apheresis Association : official journal of the European Society for Haemapheresis, Blood neoplasia",2026-2026,North America,0,27.3,26.0,55.1,44.2,26.0,79.2,39.6,Tier 3,False,False
1055,song_x,Xiaofei Song,"Moffitt Cancer Center, Tampa, FL, USA.",USA,2,0,2,1.0,0,0,0.1007183955149191,,"bioRxiv : the preprint server for biology, Blood",2025-2026,North America,0,27.3,26.0,55.1,44.2,26.0,78.9,39.6,Tier 3,False,False
1056,wasch_r,Ralph Wäsch,"University Medical Center Freiburg, Department of Hematology, Oncology and Stem Cell Transplantation, Faculty of Medicine, University of Freiburg, 79106 Freiburg, Germany.",Germany,2,1,1,0.5,0,0,0.011869436201780414,,Cancers,2021-2024,Europe,1,27.3,65.9,25.6,44.2,65.9,3.1,39.6,Tier 3,False,False
1057,wen_d,Dan Wen,Department of Hematology Affiliated Hospital of Zunyi Medical University Zunyi Guizhou China.,China,2,1,1,0.5,0,0,0.011883312463365183,,"Ibrain, Heliyon",2023-2024,Asia-Pacific,1,27.3,65.9,25.6,44.2,65.9,3.4,39.6,Tier 3,False,False
1058,menges_m,Meghan Menges,"Moffitt Cancer Center, Tampa, FL, USA.",USA,2,0,2,1.0,0,0,0.1007183955149191,,"bioRxiv : the preprint server for biology, Blood",2025-2026,North America,0,27.3,26.0,55.1,44.2,26.0,78.9,39.6,Tier 3,False,False
1059,romano_a,Andrea Romano,"University Hospital of Palermo, University of Palermo, Palermo, Italy.",Italy,2,0,2,1.0,0,0,0.0994322601983208,,"Frontiers in medicine, Cancer cell international",2025-2025,Europe,0,27.3,26.0,55.1,44.2,26.0,78.1,39.5,Tier 3,False,False
1060,foong_e,Eva Foong,"Human Genome Centre, School of Medical Sciences, Universiti Sains Malaysia, Health Campus, Kubang Kerian, Kelantan, Malaysia.",Unknown,2,1,1,0.5,0,0,0.010385756676557863,"Prognosis, Chromosome Aberrations","International journal of hematology-oncology and stem cell research, The Malaysian journal of pathology",2021-2024,Unknown,1,27.3,65.9,25.6,44.2,65.9,2.3,39.5,Tier 3,False,False
1061,luo_j,Jun Luo,"Department of Hematology, The First Affiliated Hospital of Guangxi Medical University, Nanning, Guangxi 530021, China.",China,2,0,2,1.0,0,0,0.09919147419494895,,"Cancer pathogenesis and therapy, Blood and lymphatic cancer : targets and therapy",2025-2025,Asia-Pacific,0,27.3,26.0,55.1,44.2,26.0,78.0,39.5,Tier 3,False,False
1062,moreaux_j,Jérôme Moreaux,"Department of Biological Hematology, CHU Montpellier, Montpellier, France.",France,2,1,0,0.0,0,0,0.03472823163581348,"RecQ Helicases, Melphalan, DNA Repair, Drug Resistance","Frontiers in immunology, Frontiers in oncology",2022-2023,Europe,1,27.3,65.9,6.4,44.2,65.9,30.6,39.4,Tier 3,False,False
1063,ge_x,Xue-Ping Ge,"Department of Haematology, The Second Affiliated Hospital of Soochow University, Suzhou 215004, Jiangsu Province, China.",China,2,1,1,0.5,0,0,0.008910565624884941,,"World journal of clinical cases, Molecular and clinical oncology",2022-2024,Asia-Pacific,1,27.3,65.9,25.6,44.2,65.9,2.0,39.4,Tier 3,False,False
1064,haney_s,Staci L Haney,"Department of Internal Medicine, University of Nebraska Medical Center, 986840 Nebraska Medical Center, Omaha, NE 68198, USA.",USA,2,1,1,0.5,0,0,0.00890207715133531,"Biosynthetic Pathways, Diphosphonates, Hydroxymethylglutaryl-CoA Reductase Inhibitors, Terpenes, Protein Prenylation","International journal of molecular sciences, JBMR plus",2022-2025,North America,1,27.3,65.9,25.6,44.2,65.9,1.4,39.4,Tier 3,False,False
1065,perova_t,Tatiana Perova,"Johnson and Johnson, Spring House, PA.",Unknown,2,0,2,1.0,0,0,0.0960120681674927,,"Haematologica, The New England journal of medicine",2026-2026,Unknown,0,27.3,26.0,55.1,44.2,26.0,76.9,39.4,Tier 3,False,False
1066,chastain_k,Katherine Chastain,"Johnson and Johnson, Raritan, NJ.",Unknown,2,0,2,1.0,0,0,0.0960120681674927,,"Haematologica, The New England journal of medicine",2026-2026,Unknown,0,27.3,26.0,55.1,44.2,26.0,76.9,39.4,Tier 3,False,False
1067,schultzeflorey_c,Christian Schultze-Florey,"Department of Hematology, Hemostasis, Oncology and Stem Cell Transplantation, Hannover Medical School, Hannover, Germany.",Germany,2,0,2,1.0,0,0,0.0945536797402218,,"Blood cancer journal, Journal of hematology & oncology",2026-2026,Europe,0,27.3,26.0,55.1,44.2,26.0,76.3,39.3,Tier 3,False,False
1068,reinhardt_h,Hans Christian Reinhardt,"Department of Hematology and Stem Cell Transplantation, West German Cancer Center and German Cancer consortium (DKTK partner site Essen), University Hospital Essen, University of Duisburg-Essen, Essen, Germany.",Germany,2,0,2,1.0,0,0,0.0945536797402218,,"Blood cancer journal, Journal of hematology & oncology",2026-2026,Europe,0,27.3,26.0,55.1,44.2,26.0,76.3,39.3,Tier 3,False,False
1069,cliff_e,Edward R S Cliff,"Program on Regulation, Therapeutics and Law, Brigham and Women's Hospital, Harvard Medical School, Boston, MA, USA.",USA,2,1,1,0.5,0,0,0.004451038575667655,"Receptors, Chimeric Antigen, Immunotherapy, Adoptive, Receptors, Antigen, T-Cell, Cell- and Tissue-Based Therapy","European journal of cancer (Oxford, England : 1990), Nature reviews. Clinical oncology",2023-2026,North America,1,27.3,65.9,25.6,44.2,65.9,0.2,39.3,Tier 3,False,False
1070,silaiev_y,Yu O Silaiev,"State Institution «National Research Center for Radiation Medicine of the National Academy of Medical Sciences of Ukraine», 53 Yuriia Illienka St., Kyiv, 04050, Ukraine.",Unknown,2,1,1,0.5,0,0,0.004451038575667655,"Interleukin-10, Cytokines, Tumor Necrosis Factor-alpha, Interleukin-6, Chernobyl Nuclear Accident, Radiation Dosage",Problemy radiatsiinoi medytsyny ta radiobiolohii,2023-2025,Unknown,1,27.3,65.9,25.6,44.2,65.9,0.2,39.3,Tier 3,False,False
1071,pan_y,Yiwen Pan,"Department of Cell Biology, School of Life Sciences, Central South University, Changsha, Hunan, 410013, China.",China,2,0,2,1.0,0,0,0.09423011047108044,,"Heliyon, Cancer pathogenesis and therapy",2024-2025,Asia-Pacific,0,27.3,26.0,55.1,44.2,26.0,76.0,39.3,Tier 3,False,False
1072,olszewskaszopa_m,Magdalena Olszewska-Szopa,"Department of Hematology, Blood Neoplasms and Bone Marrow Transplantation, Wroclaw Medical University, Wroclaw, Poland.",Poland,2,1,1,0.5,0,0,0.0029673590504451035,"Leukemia, Plasma Cell, Prognosis","Clinical lymphoma, myeloma & leukemia",2023-2026,Europe,1,27.3,65.9,25.6,44.2,65.9,0.1,39.3,Tier 3,False,False
1073,zhong_q,Qing Zhong,"Department of Nephrology, The First Affiliated Hospital of Chongqing Medical University, Chongqing, China",China,2,1,0,0.0,0,0,0.03373040565052387,"Heavy Chain Disease, Immunoglobulin A, Kidney, Kidney Glomerulus, TNF Receptor-Associated Factor 3, Quality of Life","Iranian journal of kidney diseases, Nature communications",2021-2022,Asia-Pacific,1,27.3,65.9,6.4,44.2,65.9,28.7,39.2,Tier 3,False,False
1074,karlin_l,Lionel Karlin,"Centre Hospitalier Lyon Sud, Pierre-Bénite, France.",France,2,0,2,1.0,0,0,0.09018501731663074,"Antineoplastic Agents, Physicians, Prospective Studies, Comparative Effectiveness Research","Advances in therapy, Blood cancer journal",2024-2024,Europe,0,27.3,26.0,55.1,44.2,26.0,74.4,39.2,Tier 3,False,False
1075,kaufman_j,Jonathan L Kaufman,"Winship Cancer Institute, Emory University, Atlanta, Georgia, USA.",USA,2,0,0,0.0,2,0,0.047851145173928814,"Bortezomib, Dexamethasone, Chromosome Aberrations, Chromosomes, Human, Pair 1, Dose-Response Relationship, Drug, Maximum Tolerated Dose","Cancer medicine, Future oncology (London, England)",2022-2022,North America,0,27.3,26.0,6.4,95.2,26.0,44.9,39.1,Tier 3,False,False
1076,shang_j,Jing-Jing Shang,"Department of Hematology, The First Affiliated Hospital of Soochow University, Jiangsu Institute of Hematology, Suzhou 215000, Jiangsu Province, China.",China,3,0,1,0.333,0,0,0.02973539959774824,"Busulfan, Cyclophosphamide, Hematopoietic Stem Cell Transplantation, Retrospective Studies, Lenalidomide, Bortezomib","Zhongguo shi yan xue ye xue za zhi, Zhonghua xue ye xue za zhi = Zhonghua xueyexue zazhi, Blood",2021-2026,Asia-Pacific,0,64.2,26.0,25.6,44.2,26.0,24.2,39.0,Tier 3,False,False
1077,cleveland_j,John L Cleveland,"Moffitt Cancer Center & Research Institute, Tampa, Florida, United States.",USA,2,0,2,1.0,0,0,0.08535055418287986,,"Blood, Cancer research",2026-2026,North America,0,27.3,26.0,55.1,44.2,26.0,72.5,39.0,Tier 3,False,False
1078,lynch_c,Conor C Lynch,"H.Lee Moffitt Cancer Center, Tampa, Florida, United States.",USA,2,0,2,1.0,0,0,0.08535055418287986,,"Blood, Cancer research",2026-2026,North America,0,27.3,26.0,55.1,44.2,26.0,72.5,39.0,Tier 3,False,False
1079,neri_p,Paola Neri,"Departments of Hematology and Oncology, University of Calgary, Calgary, AB, Canada.",Canada,2,0,2,1.0,0,0,0.08509975842084662,,"Blood neoplasia, bioRxiv : the preprint server for biology",2025-2025,North America,0,27.3,26.0,55.1,44.2,26.0,72.4,39.0,Tier 3,False,False
1080,shah_p,Parth Shah,"Department of Medicine, Hematology Oncology Section, Dartmouth-Hitchcock Medical Center, Lebanon, NH.",Lebanon,2,0,2,1.0,0,0,0.08475317208025133,"United States, Prevalence, Inpatients, Central Nervous System Neoplasms, Young Adult, Hospitalization","Clinical lymphoma, myeloma & leukemia, The New England journal of medicine",2026-2026,Middle East / GCC,0,27.3,26.0,55.1,44.2,26.0,72.1,38.9,Tier 3,False,False
1081,marshall_a,Alexander Marshall,"Janssen Research & Development, Raritan, NJ, USA.",USA,2,0,2,1.0,0,0,0.08136007890554058,"Antineoplastic Agents, Physicians, Prospective Studies, Comparative Effectiveness Research, Retrospective Studies, Outpatients","Advances in therapy, JCO oncology practice",2024-2025,North America,0,27.3,26.0,55.1,44.2,26.0,70.5,38.8,Tier 3,False,False
1082,beilhack_a,Andreas Beilhack,"Interdisciplinary Center for Clinical Research Laboratory (IZKF) Würzburg, Department of Internal Medicine II, Center for Experimental Molecular Medicine, Würzburg University Hospital, Würzburg, Germany.",Germany,2,0,2,1.0,0,0,0.08063232396120225,"Animals, Mice, Antibodies, Bispecific, T-Lymphocytes, Mice, Inbred NOD, Mice, SCID","mAbs, Blood neoplasia",2025-2026,Europe,0,27.3,26.0,55.1,44.2,26.0,70.2,38.7,Tier 3,False,False
1083,bertuglia_g,Giuseppe Bertuglia,"Division of Hematology, Department of Molecular Biotechnology and Health Sciences, University of Torino, 10126 Torino, Italy.",Italy,2,1,0,0.0,0,0,0.02858417467259997,"Neoplasm, Residual, Neoplasm Recurrence, Local, Plasma Cells, Bone Marrow, Tumor Microenvironment","International journal of molecular sciences, medRxiv : the preprint server for health sciences",2022-2023,Europe,1,27.3,65.9,6.4,44.2,65.9,23.4,38.7,Tier 3,False,False
1084,lau_b,Bonnie W Lau,"Johnson & Johnson, Raritan, NJ.",Unknown,2,0,2,1.0,0,0,0.08028441504527319,"Antibodies, Bispecific, Neoplasm Recurrence, Local, Japan, Recurrence, Survival Rate, East Asian People","Clinical lymphoma, myeloma & leukemia, International journal of hematology",2026-2026,Unknown,0,27.3,26.0,55.1,44.2,26.0,70.1,38.7,Tier 3,False,False
1085,vekemans_m,Marie-Christiane Vekemans,"Hematology Department, Cliniques Universitaires Saint-Luc, Université Catholique de Louvain (UCLouvain), Brussels, Belgium.",Belgium,2,0,2,1.0,0,0,0.07755490142521762,"Follow-Up Studies, Antibodies, Bispecific, Neoplasm Recurrence, Local, Deep Learning, Image Processing, Computer-Assisted, Magnetic Resonance Imaging","Clinical lymphoma, myeloma & leukemia, European radiology experimental",2026-2026,Europe,0,27.3,26.0,55.1,44.2,26.0,68.7,38.6,Tier 3,False,False
1086,song_z,Ze Song,"Imaging Teaching and Research Section, Medical College of HEXI University, Zhangye, Gansu, PR China.",China,3,0,1,0.333,0,0,0.025403679674241352,"Cell Line, Tumor, Selenium, Cell Proliferation, Apoptosis, Agaricales, Nomograms","Histology and histopathology, Aging, Transfusion",2022-2024,Asia-Pacific,0,64.2,26.0,25.6,44.2,26.0,19.5,38.5,Tier 3,False,False
1087,juan_m,Manel Juan,"Immunology Department, Centre de Diagnòstic Biomèdic, Clínic Barcelona, Barcelona, Spain.",Spain,2,0,2,1.0,0,0,0.07661518243731259,"Sepsis, Cytokine Release Syndrome, Biomarkers, Immunotherapy, Adoptive, Diagnosis, Differential, Receptors, Chimeric Antigen","Frontiers in immunology, British journal of haematology",2025-2026,Europe,0,27.3,26.0,55.1,44.2,26.0,68.1,38.5,Tier 3,False,False
1088,bullinger_l,Lars Bullinger,"Charité - Universitätsmedizin Berlin, Corporate Member of Freie Universität Berlin and Humboldt-Universität zu Berlin, and Berlin Institute of Health, Department of Hematology, Oncology, and Cancer Immunology, Berlin, Germany.",Germany,2,0,2,1.0,0,0,0.07588996986017127,"Clonal Hematopoiesis, Hematopoietic Stem Cell Transplantation, Transplantation, Autologous, Mutation, Clonal Evolution, Hodgkin Disease","Leukemia, Journal of hematology & oncology",2026-2026,Europe,0,27.3,26.0,55.1,44.2,26.0,67.6,38.5,Tier 3,False,False
1089,julian_k,Kelly Julian,Division of Hematology University of Utah Salt Lake City Utah USA.,USA,2,0,2,1.0,0,0,0.07615694262827881,,"HemaSphere, European journal of haematology",2026-2026,North America,0,27.3,26.0,55.1,44.2,26.0,67.9,38.5,Tier 3,False,False
1090,sharma_m,Mukta Sharma,"Johnson & Johnson, Raritan, NJ, USA.",USA,2,0,2,1.0,0,0,0.0769051814067911,,"Clinical epidemiology, Clinical lymphoma, myeloma & leukemia",2026-2026,North America,0,27.3,26.0,55.1,44.2,26.0,68.3,38.5,Tier 3,False,False
1091,qu_x,Xiao-Yan Qu,"Department of Hematology, Jiangsu Province Hospital, Nanjing, China.",China,3,0,1,0.333,0,0,0.02548535533845272,"Bone Marrow, Leukemia, Myeloid, Acute, Myelodysplastic Syndromes, Plasma Cells, Granulocyte Colony-Stimulating Factor, Etoposide","Annals of palliative medicine, Zhonghua xue ye xue za zhi = Zhonghua xueyexue zazhi, Chemical biology & drug design",2021-2024,Asia-Pacific,0,64.2,26.0,25.6,44.2,26.0,19.8,38.5,Tier 3,False,False
1092,badros_a,Ashraf Badros,"Greenbaum Cancer Center, University of Maryland, Baltimore, MD, USA.",USA,2,0,0,0.0,4,0,0.03539619279117364,"Black People, Bortezomib, Dexamethasone, Hematologic Neoplasms, Lenalidomide, Antibodies, Monoclonal","Future oncology (London, England), Blood cancer journal",2022-2023,North America,0,27.3,26.0,6.4,98.7,26.0,31.4,38.5,Tier 3,False,False
1093,olivercaldes_a,Aina Oliver-Caldés,"Institut d'Investigacions Biomèdiques August Pi i Sunyer (IDIBAPS), Barcelona, Spain.",Spain,2,0,2,1.0,0,0,0.07661518243731259,"Sepsis, Cytokine Release Syndrome, Biomarkers, Immunotherapy, Adoptive, Diagnosis, Differential, Receptors, Chimeric Antigen","Frontiers in immunology, British journal of haematology",2025-2026,Europe,0,27.3,26.0,55.1,44.2,26.0,68.1,38.5,Tier 3,False,False
1094,byun_j,Ja Min Byun,"Department of Internal Medicine, Seoul National University College of Medicine, Seoul National University Hospital, Seoul, South Korea.",South Korea,2,0,2,1.0,0,0,0.0742596507477466,"Follow-Up Studies, Antibodies, Bispecific, Neoplasm Recurrence, Local","Clinical lymphoma, myeloma & leukemia, Haematologica",2026-2026,Asia-Pacific,0,27.3,26.0,55.1,44.2,26.0,66.9,38.4,Tier 3,False,False
1095,penack_o,Olaf Penack,"Charité Hospital, Berlin, Germany.",Germany,2,0,2,1.0,0,0,0.07335991415656937,"Sepsis, Cytokine Release Syndrome, Biomarkers, Immunotherapy, Adoptive, Diagnosis, Differential, Receptors, Chimeric Antigen","Frontiers in immunology, Bone marrow transplantation",2025-2026,Europe,0,27.3,26.0,55.1,44.2,26.0,66.5,38.4,Tier 3,False,False
1096,geduk_a,Ayfer Gedük,"Department of Hematology, Kocaeli University School of Medicine, Kocaeli, Turkey.",Turkey,2,1,0,0.0,0,0,0.02672869993706607,,Indian journal of hematology & blood transfusion : an official journal of Indian Society of Hematology and Blood Transfusion,2022-2023,Middle East / GCC,1,27.3,65.9,6.4,44.2,65.9,20.5,38.4,Tier 3,False,False
1097,wei_g,Guoqing Wei,"Bone Marrow Transplantation Center, the First Affiliated Hospital, and Liangzhu Laboratory, Zhejiang University School of Medicine, Hangzhou, China.",China,2,0,2,1.0,0,0,0.07293767720371473,"Positron Emission Tomography Computed Tomography, Fluorodeoxyglucose F18, Retrospective Studies, Immunotherapy, Adoptive, B-Cell Maturation Antigen, Cytokine Release Syndrome","Bone marrow transplantation, Nature cancer",2026-2026,Asia-Pacific,0,27.3,26.0,55.1,44.2,26.0,66.1,38.3,Tier 3,False,False
1098,liu_f,Feiyang Liu,"Department of Hematology, The Third Xiangya Hospital of Central South University, Changsha, China.",China,2,0,1,0.5,2,2,0.016956180181433033,"Monocytes, Prognosis, Immunophenotyping, Bone Marrow, Flow Cytometry, ADP-ribosyl Cyclase 1","Frontiers in neuroinformatics, Zhongguo shi yan xue ye xue za zhi",2022-2024,Asia-Pacific,0,27.3,26.0,25.6,95.2,26.0,8.3,38.3,Tier 3,False,False
1099,barwick_b,Benjamin G Barwick,"Department of Hematology and Medical Oncology, Winship Cancer Institute of Emory University, Atlanta, GA.",Unknown,2,0,2,1.0,0,0,0.07178771855134436,,Blood neoplasia,2024-2024,Unknown,0,27.3,26.0,55.1,44.2,26.0,65.4,38.3,Tier 3,False,False
1100,hong_r,Ruimin Hong,"Bone Marrow Transplantation Center, the First Affiliated Hospital, and Liangzhu Laboratory, Zhejiang University School of Medicine, Hangzhou, China.",China,2,0,2,1.0,0,0,0.07293767720371473,"Positron Emission Tomography Computed Tomography, Fluorodeoxyglucose F18, Retrospective Studies, Immunotherapy, Adoptive, B-Cell Maturation Antigen, Cytokine Release Syndrome","Bone marrow transplantation, Nature cancer",2026-2026,Asia-Pacific,0,27.3,26.0,55.1,44.2,26.0,66.1,38.3,Tier 3,False,False
1101,frenzel_l,Laurent Frenzel,"Hôpital Necker, Paris, France.",France,2,0,2,1.0,0,0,0.07309286164533016,,"Blood cancer journal, Clinical hematology international",2024-2026,Europe,0,27.3,26.0,55.1,44.2,26.0,66.3,38.3,Tier 3,False,False
1102,zhu_s,Shulei Zhu,"Shanghai Engineering Research Center of Molecular Therapeutics and New Drug Development, School of Chemistry and Molecular Engineering, East China Normal University, Shanghai 200062, PR China. Electronic address: slzhu@chem.ecnu.edu.cn.",China,2,1,0,0.0,0,0,0.02537566748296842,"Nuclear Proteins, Transcription Factors, Cell Line, Tumor, Leukemia, Cell Cycle Proteins, Bromodomain Containing Proteins","Bioorganic & medicinal chemistry, Cancers",2023-2023,Asia-Pacific,1,27.3,65.9,6.4,44.2,65.9,19.5,38.3,Tier 3,False,False
1103,rizvi_s,Sahar Fatima Rizvi,"Division of Medical Oncology, Department of Oncology, Aga Khan University Hospital, Karachi 74800, Pakistan.",Pakistan,2,0,2,1.0,0,0,0.0708076514495351,,"Ecancermedicalscience, Cell reports",2025-2026,Asia-Pacific,0,27.3,26.0,55.1,44.2,26.0,64.9,38.2,Tier 3,False,False
1104,nakagawa_m,Masaru Nakagawa,"Division of Hematology and Rheumatology, Department of Medicine,Nihon University School of Medicine, Tokyo, Japan.",Japan,2,1,0,0.0,0,0,0.02453574390894187,,Cancer diagnosis & prognosis,2021-2021,Asia-Pacific,1,27.3,65.9,6.4,44.2,65.9,18.3,38.2,Tier 3,False,False
1105,firestone_r,Ross Firestone,"Myeloma Service, Memorial Sloan Kettering Cancer Center, New York, NY, USA.",USA,2,0,2,1.0,0,0,0.07114283121437028,,"bioRxiv : the preprint server for biology, Journal of the National Comprehensive Cancer Network : JNCCN",2025-2026,North America,0,27.3,26.0,55.1,44.2,26.0,65.1,38.2,Tier 3,False,False
1106,kundu_s,Suprateek Kundu,"Department of Biostatistics, The University of Texas MD Anderson Cancer Center, Houston, Texas, USA.",USA,2,0,2,1.0,0,0,0.06954158129580561,"Melphalan, Gemcitabine, Busulfan, Panobinostat, Hematopoietic Stem Cell Transplantation, Transplantation, Autologous","American journal of hematology, Journal of pharmacy & bioallied sciences",2024-2024,North America,0,27.3,26.0,55.1,44.2,26.0,64.1,38.1,Tier 3,False,False
1107,goldwater_m,Marissa-Skye Goldwater,"Institute for Myeloma and Bone Cancer Research, 9201 Sunset Blvd #300, West Hollywood, CA 90069, USA.",USA,2,1,0,0.0,0,0,0.022521772300053394,,Clinical infection in practice,2022-2023,North America,1,27.3,65.9,6.4,44.2,65.9,16.1,38.0,Tier 3,False,False
1108,marti_j,Jaime Pascual Martí,"Hospital Universitario de San Juan, Alicante, Spain.",Spain,2,0,2,1.0,0,0,0.06689546917271764,,"Clinical lymphoma, myeloma & leukemia, Blood advances",2026-2026,Europe,0,27.3,26.0,55.1,44.2,26.0,62.4,38.0,Tier 3,False,False
1109,amin_m,Muhammad Kashif Amin,"University of Kansas Medical Center, Kansas City, KS, United States.",USA,2,0,2,1.0,0,0,0.0675258051748123,"Hematopoietic Stem Cell Transplantation, Leukemia, Plasma Cell, Graft vs Host Disease, Survival Rate, Transplantation, Homologous, Prognosis","Leukemia research, Journal, genetic engineering & biotechnology",2025-2025,North America,0,27.3,26.0,55.1,44.2,26.0,63.0,38.0,Tier 3,False,False
1110,stampfer_s,Samuel D Stampfer,"Division of Infectious Diseases, Department of Medicine, Emory University School of Medicine, 954 Gatewood Rd NE, Atlanta, GA 30329, USA.",USA,2,1,0,0.0,0,0,0.022521772300053394,,Clinical infection in practice,2022-2023,North America,1,27.3,65.9,6.4,44.2,65.9,16.1,38.0,Tier 3,False,False
1111,masuda_y,Yuta Masuda,"Department of Laboratory Sciences, Gunma University Graduate School of Health Sciences, Maebashi 371-8510, Japan.",Japan,2,1,0,0.0,0,0,0.02239272722919122,"Tumor Suppressor Protein p53, Cell Line, Tumor, MicroRNAs, Cell Transformation, Neoplastic, Endogenous Retroviruses, Clinical Relevance","Genes, International journal of hematology",2022-2023,Asia-Pacific,1,27.3,65.9,6.4,44.2,65.9,15.7,37.9,Tier 3,False,False
1112,murakami_y,Yuki Murakami,"Department of Laboratory Sciences, Gunma University Graduate School of Health Sciences, Maebashi 371-8510, Japan.",Japan,2,1,0,0.0,0,0,0.02239272722919122,"Tumor Suppressor Protein p53, Cell Line, Tumor, MicroRNAs, Cell Transformation, Neoplastic, Endogenous Retroviruses, Clinical Relevance","Genes, International journal of hematology",2022-2023,Asia-Pacific,1,27.3,65.9,6.4,44.2,65.9,15.7,37.9,Tier 3,False,False
1113,kaur_g,Gurbakhash Kaur,"Division of Hematologic Malignancies and Cellular Therapy, Harold C. Simmons Comprehensive Cancer Center, UT Southwestern Medical Center, Dallas, Texas.",USA,2,0,2,1.0,0,0,0.06633531601057024,"B-Cell Maturation Antigen, Retrospective Studies, Neoplasms, Plasma Cell, Antibodies, Bispecific, Antineoplastic Agents","Transplantation and cellular therapy, American journal of blood research",2024-2026,North America,0,27.3,26.0,55.1,44.2,26.0,62.1,37.9,Tier 3,False,False
1114,perna_f,Fabiana Perna,"Department of Blood and Marrow Transplant and Cellular Immunotherapy, H. Lee Moffitt Cancer Center, Tampa, FL, USA.",USA,2,0,2,1.0,0,0,0.06577302406774321,,"Translational cancer research, Blood",2024-2026,North America,0,27.3,26.0,55.1,44.2,26.0,61.9,37.9,Tier 3,False,False
1115,cheng_j,Jinyang Cheng,"Clinical Medical Research Center, The First Affiliated Hospital of Guizhou University of Traditional Chinese Medicine, Guiyang, Guizhou, China.",China,2,0,2,1.0,0,0,0.06582598001042442,"Neoplasm Recurrence, Local, B-Cell Maturation Antigen, Immunotherapy, Adoptive, Receptors, G-Protein-Coupled, Receptors, Chimeric Antigen, United States","Frontiers in immunology, Cancer",2024-2026,Asia-Pacific,0,27.3,26.0,55.1,44.2,26.0,61.9,37.9,Tier 3,False,False
1116,white_d,Darrell White,"Division of Hematology and Hematologic Oncology, QEII Health Sciences Centre, Halifax, NS B3H 3A7, Canada.",Canada,2,0,2,1.0,0,0,0.06358943312616241,"Cell- and Tissue-Based Therapy, Canada, Congresses as Topic","Current oncology (Toronto, Ont.), Blood neoplasia",2025-2026,North America,0,27.3,26.0,55.1,44.2,26.0,60.5,37.8,Tier 3,False,False
1117,min_s,Sha-Dong Min,"Department of Hematology, The First Affiliated Hospital of Jishou University, Jishou, Hunan, China.",China,2,0,2,1.0,0,0,0.06478430768156171,,"Frontiers in oncology, Cell reports",2025-2026,Asia-Pacific,0,27.3,26.0,55.1,44.2,26.0,61.0,37.8,Tier 3,False,False
1118,rosko_a,Ashley E Rosko,"Division of Hematology, The Ohio State University, Columbus, OH.",USA,2,1,0,0.0,0,0,0.022182844074136496,"Disease Management, Frail Elderly, Frailty, Geriatric Assessment, Neoplasm Recurrence, Local, Melphalan","Hematology. American Society of Hematology. Education Program, Clinical lymphoma, myeloma & leukemia",2021-2023,North America,1,27.3,65.9,6.4,44.2,65.9,14.5,37.8,Tier 3,False,False
1119,kuang_l,L F Kuang,"Department of Hematology, The First Affiliated Hospital, Sun Yat-sen University, Guangzhou, Guangdong 510080, China.",China,3,0,1,0.333,0,0,0.01942537753998505,"Hematopoietic Stem Cell Transplantation, Retrospective Studies, Induction Chemotherapy, Liposomes, Disease-Free Survival, Transplantation, Autologous","Zhonghua xue ye xue za zhi = Zhonghua xueyexue zazhi, Frontiers in oncology, Cancers",2022-2026,Asia-Pacific,0,64.2,26.0,25.6,44.2,26.0,11.4,37.7,Tier 3,False,False
1120,offidani_m,Massimo Offidani,"Clinical Hematology, Azienda Ospedaliera Universitaria (AOU) Ospedali Riuniti di Ancona, Ancona, Italy.",Italy,2,1,0,0.0,0,0,0.02094210534941628,"Lenalidomide, Vorinostat, Dexamethasone","Frontiers in oncology, British journal of haematology",2022-2023,Europe,1,27.3,65.9,6.4,44.2,65.9,13.8,37.7,Tier 3,False,False
1121,chang_a,Alex Hongsheng Chang,"Shanghai YaKe Biotechnology Ltd, Shanghai, China.",China,2,0,2,1.0,0,0,0.06165706721155895,"Positron Emission Tomography Computed Tomography, Fluorodeoxyglucose F18, Retrospective Studies, Immunotherapy, Adoptive, B-Cell Maturation Antigen, Cytokine Release Syndrome","Bone marrow transplantation, Blood",2026-2026,Asia-Pacific,0,27.3,26.0,55.1,44.2,26.0,59.7,37.7,Tier 3,False,False
1122,legiec_w,Wojciech Maciej Legiec,"St. John of Dukla Oncology Center of Lublin Land and Institute of Medical Science, Faculty of Medicine, The John Paul II Catholic University, Lublin, POLAND, Poland.",Poland,2,0,2,1.0,0,0,0.06250661421377535,,"Blood advances, Clinical lymphoma, myeloma & leukemia",2026-2026,Europe,0,27.3,26.0,55.1,44.2,26.0,60.0,37.7,Tier 3,False,False
1123,si_x,Xiaohui Si,"Bone Marrow Transplantation Center, the First Affiliated Hospital, Zhejiang University School of Medicine, Hangzhou, China.",China,2,0,2,1.0,0,0,0.06098987216721175,,"Nature cancer, Journal of proteome research",2026-2026,Asia-Pacific,0,27.3,26.0,55.1,44.2,26.0,59.0,37.6,Tier 3,False,False
1124,larrayoz_m,Marta Larrayoz,"Center for Applied Medical Research CIMA, Cancer Center University of Navarra, Navarra Institute for Health Research (IDISNA), Centro de Investigation Biomedica en Red (CIBERONC), Pamplona, Spain.",Spain,2,0,2,1.0,0,0,0.06090970083051454,,"Blood neoplasia, Blood",2026-2026,Europe,0,27.3,26.0,55.1,44.2,26.0,58.9,37.6,Tier 3,False,False
1125,ayuk_f,Francis Ayuk,"Department of Stem Cell Transplantation, University Medical Centre Hamburg-Eppendorf, Hamburg, Germany.",Germany,2,0,2,1.0,0,0,0.06018029676668123,"Immunotherapy, Adoptive, Critical Illness, Retrospective Studies, Germany, Intensive Care Units, Critical Care","Medizinische Klinik, Intensivmedizin und Notfallmedizin, Journal of hematology & oncology",2025-2026,Europe,0,27.3,26.0,55.1,44.2,26.0,58.4,37.6,Tier 3,False,False
1126,zhang_e,Enfan Zhang,"Bone Marrow Transplantation Center, the First Affiliated Hospital, Zhejiang University School of Medicine, Hangzhou, China.",China,3,0,0,0.0,0,0,0.04307145241797426,"Cell Line, Tumor, Cell Proliferation, DNA-Binding Proteins, Up-Regulation","Cancer research, Frontiers in oncology, Cancers",2022-2022,Asia-Pacific,0,64.2,26.0,6.4,44.2,26.0,39.7,37.6,Tier 3,False,False
1127,solimando_a,Antonio Giovanni Solimando,"Guido Baccelli Unit of Internal Medicine, Department of Biomedical Sciences and Human Oncology, School of Medicine, Aldo Moro University of Bari, Bari, Italy.",Italy,2,0,2,1.0,0,0,0.06063657001978064,"Neoplasm, Residual, Clinical Trials as Topic, Prognosis, High-Throughput Nucleotide Sequencing","Clinical lymphoma, myeloma & leukemia, Blood neoplasia",2026-2026,Europe,0,27.3,26.0,55.1,44.2,26.0,58.8,37.6,Tier 3,False,False
1128,snyder_j,Jordan Snyder,"Division of Hematologic Malignancies & Cellular Therapeutics, University of Kansas Medical Center, Westwood, KS 66205, USA.",USA,2,0,2,1.0,0,0,0.059984440374895184,"Retrospective Studies, Transplantation, Autologous","Current oncology (Toronto, Ont.), European journal of haematology",2026-2026,North America,0,27.3,26.0,55.1,44.2,26.0,57.9,37.5,Tier 3,False,False
1129,jiang_j,Jifeng Jiang,"Department of Hematology, Zhongshan Hospital, Fudan University, Shanghai, China.",China,3,0,0,0.0,0,0,0.04196039385149624,,"Frontiers in cell and developmental biology, Frontiers in genetics, Translational cancer research",2021-2022,Asia-Pacific,0,64.2,26.0,6.4,44.2,26.0,38.9,37.5,Tier 3,False,False
1130,yin_c,Charles Yin,"Division of Hematological Pathology, University of Alberta, Edmonton, AB T6G 2B7, Canada.",Canada,2,0,2,1.0,0,0,0.05912954554309332,"Cell- and Tissue-Based Therapy, Canada, Congresses as Topic, Flow Cytometry, Immunophenotyping, Retrospective Studies","Current oncology (Toronto, Ont.), Modern pathology : an official journal of the United States and Canadian Academy of Pathology, Inc",2025-2026,North America,0,27.3,26.0,55.1,44.2,26.0,57.2,37.4,Tier 3,False,False
1131,panareo_s,Stefano Panareo,"Nuclear Medicine Unit, Department of Oncology and Hematology, University Hospital of Modena, Via del Pozzo 71, 41124 Modena, Italy.",Italy,2,1,0,0.0,0,0,0.019287833827893175,"Fluorodeoxyglucose F18, Plasmacytoma, Positron Emission Tomography Computed Tomography, Positron-Emission Tomography, Radiopharmaceuticals","Hellenic journal of nuclear medicine, Journal of clinical medicine",2021-2023,Europe,1,27.3,65.9,6.4,44.2,65.9,10.7,37.4,Tier 3,False,False
1132,urso_l,Luca Urso,"Nuclear Medicine Unit, Oncological Medical and Specialists Department, University Hospital of Ferrara, Ferrara, Italy. Via Aldo Moro 8, CAP 44124, Ferrara, Italy. rtlnma@unife.it.",Italy,2,1,0,0.0,0,0,0.019287833827893175,"Fluorodeoxyglucose F18, Plasmacytoma, Positron Emission Tomography Computed Tomography, Positron-Emission Tomography, Radiopharmaceuticals","Hellenic journal of nuclear medicine, Journal of clinical medicine",2021-2023,Europe,1,27.3,65.9,6.4,44.2,65.9,10.7,37.4,Tier 3,False,False
1133,geng_h,Huimin Geng,"Department of Laboratory Medicine, University of California San Francisco, San Francisco, CA.",USA,2,0,2,1.0,0,0,0.058698428569697376,"Retrospective Studies, Prognosis, China, Central Nervous System Neoplasms","Blood neoplasia, Cancer medicine",2024-2026,North America,0,27.3,26.0,55.1,44.2,26.0,56.7,37.4,Tier 3,False,False
1134,wei_w,Wei Wei,"Department of Oncology, the First Affiliated Hospital of Anhui Medical University, Hefei 230022, China.",China,2,0,2,1.0,0,0,0.05798141367414769,"Animals, Mice, CD27 Ligand, Radioisotopes, Cell Line, Tumor, Xenograft Model Antitumor Assays","Acta pharmaceutica Sinica. B, Journal for immunotherapy of cancer",2024-2026,Asia-Pacific,0,27.3,26.0,55.1,44.2,26.0,56.1,37.3,Tier 3,False,False
1135,song_g,Gaoxian Song,"Shanghai Institute of Hematology, State Key Laboratory of Medical Genomics, National Research Centre for Translational Medicine at Shanghai, Research Unit of Hematologic Malignancies Genomics and Translational Research of Chinese Academy of Medical Sciences, Ruijin Hospital Affiliated to Shanghai Jiao Tong University School of Medicine, Shanghai, 200025, China.",China,2,0,2,1.0,0,0,0.05759567063897275,,"Frontiers of medicine, Cancer immunology, immunotherapy : CII",2025-2026,Asia-Pacific,0,27.3,26.0,55.1,44.2,26.0,55.6,37.3,Tier 3,False,False
1136,mendes_j,João Mendes,"Janssen-Cilag Farmacêutica, Porto Salvo, Portugal.",Portugal,2,0,2,1.0,0,0,0.05702530684439113,"Lenalidomide, Antibodies, Monoclonal, Drug Resistance, Neoplasm, Progression-Free Survival","European journal of cancer (Oxford, England : 1990), Clinical hematology international",2025-2025,Europe,0,27.3,26.0,55.1,44.2,26.0,55.1,37.2,Tier 3,False,False
1137,kang_j,Jian Kang,"Bristol Myers Squibb, Translational Development, Summit, NJ.",Unknown,2,0,2,1.0,0,0,0.057214449741892846,"Killer Cells, Natural, Animals, Mice, Receptors, Immunologic, Membrane Proteins, Cell Line, Tumor","Blood neoplasia, PloS one",2025-2026,Unknown,0,27.3,26.0,55.1,44.2,26.0,55.2,37.2,Tier 3,False,False
1138,nagarajan_c,Chandramouli Nagarajan,"Department of Haematology, Singapore General Hospital, Singapore, Singapore.",Singapore,2,0,2,1.0,0,0,0.056821964323287164,"Dexamethasone, Bortezomib, Antibodies, Monoclonal, Prospective Studies","Leukemia & lymphoma, American journal of hematology",2026-2026,Asia-Pacific,0,27.3,26.0,55.1,44.2,26.0,54.9,37.2,Tier 3,False,False
1139,bocchia_m,Monica Bocchia,"Hematology, Azienda Ospedaliera Universitaria Senese, University of Siena, 53100 Siena, Italy.",Italy,2,1,0,0.0,0,0,0.01632047477744807,,"Journal of personalized medicine, Frontiers in oncology",2022-2022,Europe,1,27.3,65.9,6.4,44.2,65.9,7.0,37.1,Tier 3,False,False
1140,gezer_d,Deniz Gezer,"Department of Hematology, Oncology, Hemostaseology, and Stem Cell Transplantation, Faculty of Medicine, RWTH Aachen University, Aachen, Germany.",Germany,2,0,2,1.0,0,0,0.05637982195845697,,Journal of clinical oncology : official journal of the American Society of Clinical Oncology,2026-2026,Europe,0,27.3,26.0,55.1,44.2,26.0,53.9,37.1,Tier 3,False,False
1141,holderried_t,Tobias A W Holderried,"Department of Hematology, Oncology, Stem Cell Transplantation, Immune and Cell Therapy, Clinical Immunology and Rheumatology, University Hospital Bonn, Bonn, Germany.",Germany,2,0,2,1.0,0,0,0.05637982195845697,,Journal of clinical oncology : official journal of the American Society of Clinical Oncology,2026-2026,Europe,0,27.3,26.0,55.1,44.2,26.0,53.9,37.1,Tier 3,False,False
1142,blau_i,Igor W Blau,"Medical Clinic, Charité University Medicine Berlin, Berlin, Germany.",Germany,2,0,2,1.0,0,0,0.05637982195845697,,Journal of clinical oncology : official journal of the American Society of Clinical Oncology,2026-2026,Europe,0,27.3,26.0,55.1,44.2,26.0,53.9,37.1,Tier 3,False,False
1143,petersregehr_t,Thorsten Peters-Regehr,"The Binding Site GmbH, part of Thermo Fisher Scientific, Schwetzingen, Germany.",Germany,2,0,2,1.0,0,0,0.05637982195845697,,Journal of clinical oncology : official journal of the American Society of Clinical Oncology,2026-2026,Europe,0,27.3,26.0,55.1,44.2,26.0,53.9,37.1,Tier 3,False,False
1144,mann_c,Christoph Mann,"Department for Hematology, Oncology and Immunology, University Hospital Gießen and Marburg, Marburg, Germany.",Germany,2,0,2,1.0,0,0,0.05637982195845697,,Journal of clinical oncology : official journal of the American Society of Clinical Oncology,2026-2026,Europe,0,27.3,26.0,55.1,44.2,26.0,53.9,37.1,Tier 3,False,False
1145,heilmeier_b,Bernhard Heilmeier,"Clinic for Oncology and Hematology, Hospital Barmherzige Brueder Regensburg, Regensburg, Germany.",Germany,2,0,2,1.0,0,0,0.05637982195845697,,Journal of clinical oncology : official journal of the American Society of Clinical Oncology,2026-2026,Europe,0,27.3,26.0,55.1,44.2,26.0,53.9,37.1,Tier 3,False,False
1146,muller_m,Martin Müller,"Clinic for Hematology, Oncology and Immunology, Klinikum Siloah Hannover, Hannover, Germany.",Germany,2,0,2,1.0,0,0,0.05637982195845697,,Journal of clinical oncology : official journal of the American Society of Clinical Oncology,2026-2026,Europe,0,27.3,26.0,55.1,44.2,26.0,53.9,37.1,Tier 3,False,False
1147,vonmetzler_i,Ivana von Metzler,"Department of Medicine II-Hematology and Oncology, Goethe-University Frankfurt, University Hospital, Frankfurt am Main, Germany.",Germany,2,0,2,1.0,0,0,0.05637982195845697,,Journal of clinical oncology : official journal of the American Society of Clinical Oncology,2026-2026,Europe,0,27.3,26.0,55.1,44.2,26.0,53.9,37.1,Tier 3,False,False
1148,fenk_r,Roland Fenk,"Department of Hematology, Oncology and Clinical Immunology, University Hospital Düsseldorf, Düsseldorf, Germany.",Germany,2,0,2,1.0,0,0,0.05637982195845697,,Journal of clinical oncology : official journal of the American Society of Clinical Oncology,2026-2026,Europe,0,27.3,26.0,55.1,44.2,26.0,53.9,37.1,Tier 3,False,False
1149,reichert_p,Philipp Reichert,"Heidelberg Myeloma Center, Internal Medicine V, Hematology, Oncology and Rheumatology, and German-speaking Myeloma Multicenter Group (GMMG), Heidelberg University Hospital and Medical Faculty Heidelberg, Heidelberg, Germany.",Germany,2,0,2,1.0,0,0,0.05637982195845697,,Journal of clinical oncology : official journal of the American Society of Clinical Oncology,2026-2026,Europe,0,27.3,26.0,55.1,44.2,26.0,53.9,37.1,Tier 3,False,False
1150,ginde_v,Varun R Ginde,"Division of Biostatistics, German Cancer Research Center (DKFZ), Heidelberg, Germany.",Germany,2,0,2,1.0,0,0,0.05637982195845697,,Journal of clinical oncology : official journal of the American Society of Clinical Oncology,2026-2026,Europe,0,27.3,26.0,55.1,44.2,26.0,53.9,37.1,Tier 3,False,False
1151,klaiberhakimi_m,Maika Klaiber-Hakimi,"Clinic for Hematology, Oncology and Palliative Care, Marien Hospital Düsseldorf, Düsseldorf, Germany.",Germany,2,0,2,1.0,0,0,0.05637982195845697,,Journal of clinical oncology : official journal of the American Society of Clinical Oncology,2026-2026,Europe,0,27.3,26.0,55.1,44.2,26.0,53.9,37.1,Tier 3,False,False
1152,luntz_s,Steffen Luntz,"Coordination Centre for Clinical Trials (KKS), University Hospital and Medical Faculty Heidelberg, Heidelberg, Germany.",Germany,2,0,2,1.0,0,0,0.05637982195845697,,Journal of clinical oncology : official journal of the American Society of Clinical Oncology,2026-2026,Europe,0,27.3,26.0,55.1,44.2,26.0,53.9,37.1,Tier 3,False,False
1153,riesenberg_h,Hendrik Riesenberg,"Hematology/Oncology Center, Bielefeld, Germany.",Germany,2,0,2,1.0,0,0,0.05637982195845697,,Journal of clinical oncology : official journal of the American Society of Clinical Oncology,2026-2026,Europe,0,27.3,26.0,55.1,44.2,26.0,53.9,37.1,Tier 3,False,False
1154,salwender_h,Hans J Salwender,"Asklepios Tumorzentrum Hamburg, AK Altona and AK St Georg, Hamburg, Germany.",Germany,2,0,2,1.0,0,0,0.05637982195845697,,Journal of clinical oncology : official journal of the American Society of Clinical Oncology,2026-2026,Europe,0,27.3,26.0,55.1,44.2,26.0,53.9,37.1,Tier 3,False,False
1155,geer_t,Thomas Geer,"Department of Internal Medicine III, Diakoneo Clinic Schwäbisch-Hall, Schwäbisch-Hall, Germany.",Germany,2,0,2,1.0,0,0,0.05637982195845697,,Journal of clinical oncology : official journal of the American Society of Clinical Oncology,2026-2026,Europe,0,27.3,26.0,55.1,44.2,26.0,53.9,37.1,Tier 3,False,False
1156,knauf_w,Wolfgang Knauf,"Center for Hematology and Oncology Bethanien, Frankfurt am Main, Germany.",Germany,2,0,2,1.0,0,0,0.05637982195845697,,Journal of clinical oncology : official journal of the American Society of Clinical Oncology,2026-2026,Europe,0,27.3,26.0,55.1,44.2,26.0,53.9,37.1,Tier 3,False,False
1157,lutz_c,Christoph Lutz,"Hematology/Oncology Center, Koblenz, Germany.",Germany,2,0,2,1.0,0,0,0.05637982195845697,,Journal of clinical oncology : official journal of the American Society of Clinical Oncology,2026-2026,Europe,0,27.3,26.0,55.1,44.2,26.0,53.9,37.1,Tier 3,False,False
1158,benner_a,Axel Benner,"Division of Biostatistics, German Cancer Research Center (DKFZ), Heidelberg, Germany.",Germany,2,0,2,1.0,0,0,0.05637982195845697,,Journal of clinical oncology : official journal of the American Society of Clinical Oncology,2026-2026,Europe,0,27.3,26.0,55.1,44.2,26.0,53.9,37.1,Tier 3,False,False
1159,findeisen_p,Peter Findeisen,"MVZ Labor Dr Limbach und Kollegen, Heidelberg, Germany.",Germany,2,0,2,1.0,0,0,0.05637982195845697,,Journal of clinical oncology : official journal of the American Society of Clinical Oncology,2026-2026,Europe,0,27.3,26.0,55.1,44.2,26.0,53.9,37.1,Tier 3,False,False
1160,ospinaospina_s,Sigifredo Ospina Ospina,"Instituto de Investigaciones Médicas, Facultad de Medicina, Universidad de Antioquia, Medellín, Colombia.",Colombia,2,1,0,0.0,0,0,0.014836795252225518,"Retrospective Studies, Cross-Sectional Studies, Kidney Diseases, Paraproteinemias, Immunoglobulin Light-chain Amyloidosis, Colombia","Revista espanola de patologia : publicacion oficial de la Sociedad Espanola de Anatomia Patologica y de la Sociedad Espanola de Citologia, Colombia medica (Cali, Colombia)",2022-2023,Latin America,1,27.3,65.9,6.4,44.2,65.9,5.9,37.0,Tier 3,False,False
1161,huang_q,Q L Huang,"Department of Hematology, the First Affiliated Hospital of Hainan Medical College, Haikou 570102, China.",China,2,1,0,0.0,0,0,0.015010843830758569,"Cysteine, Reproducibility of Results, Metabolome, Metabolomics, Metabolic Networks and Pathways, Methionine","Zhonghua zhong liu za zhi [Chinese journal of oncology], Human vaccines & immunotherapeutics",2022-2023,Asia-Pacific,1,27.3,65.9,6.4,44.2,65.9,6.6,37.0,Tier 3,False,False
1162,payssot_a,Alexandre Payssot,"Hématologie Clinique, CHU de Dijon Dijon France.",France,2,0,2,1.0,0,0,0.0554243993403219,,"EJHaem, Blood cancer journal",2024-2024,Europe,0,27.3,26.0,55.1,44.2,26.0,52.5,37.0,Tier 3,False,False
1163,albrecht_c,Claire Albrecht,"Janssen-Cilag, Issy-les-Moulineaux, France.",France,2,0,2,1.0,0,0,0.05532990777741935,"Antineoplastic Agents, Physicians, Prospective Studies, Comparative Effectiveness Research, Antibodies, Bispecific, Europe","Advances in therapy, Clinical lymphoma, myeloma & leukemia",2024-2026,Europe,0,27.3,26.0,55.1,44.2,26.0,52.4,37.0,Tier 3,False,False
1164,shaikh_h,Hira Shaikh,"US Myeloma Innovations Research Collaborative, Westwood, Kansas; Division of Hematology, Oncology and Blood & Marrow Transplantation, Holden Comprehensive Cancer Center, University of Iowa Hospitals and Clinics, Iowa City, Iowa.",USA,2,0,2,1.0,0,0,0.05565519204981294,"B-Cell Maturation Antigen, Retrospective Studies, Neoplasms, Plasma Cell, Antibodies, Bispecific, Antineoplastic Agents","Transplantation and cellular therapy, Expert review of hematology",2024-2026,North America,0,27.3,26.0,55.1,44.2,26.0,52.9,37.0,Tier 3,False,False
1165,trebouet_a,Adrien Trebouet,"Hématologie, CH Bretagne Sud Lorient France.",France,2,0,2,1.0,0,0,0.0554243993403219,,"EJHaem, Blood cancer journal",2024-2024,Europe,0,27.3,26.0,55.1,44.2,26.0,52.5,37.0,Tier 3,False,False
1166,benbrahim_o,Omar Benbrahim,"Hématologie Clinique, Nouvel Hôpital d'Orléans Orléans France.",France,2,0,2,1.0,0,0,0.0554243993403219,,"EJHaem, Blood cancer journal",2024-2024,Europe,0,27.3,26.0,55.1,44.2,26.0,52.5,37.0,Tier 3,False,False
1167,norin_s,Stefan Norin,"Oncopeptides AB, Stockholm, Sweden.",Sweden,2,0,2,1.0,0,0,0.055084396100276,,"Experimental hematology & oncology, Clinical lymphoma, myeloma & leukemia",2025-2026,Europe,0,27.3,26.0,55.1,44.2,26.0,52.2,36.9,Tier 3,False,False
1168,cao_s,Song Cao,Department of Anesthesiology Affiliated Hospital of Zunyi Medical University Zunyi China.,China,3,0,1,0.333,0,0,0.011885799671117072,"Leukemia, Myeloid, Acute, Syndrome","Ibrain, Cancer genetics",2023-2024,Asia-Pacific,0,64.2,26.0,25.6,44.2,26.0,3.4,36.9,Tier 3,False,False
1169,qiu_y,Yi Qiu,"Haihe Laboratory of Cell Ecosystem, State Key Laboratory of Experimental Hematology, Bioinformatics Center, National Clinical Research Center for Geriatric Disorders, Key Laboratory for Carcinogenesis and Invasion, Chinese Ministry of Education, Key Laboratory of Carcinogenesis, Chinese Ministry of Health, Furong Laboratory, Department of Hematology, Xiangya Hospital, Central South University, Changsha, Hunan, China.",China,2,0,2,1.0,0,0,0.053537382882069544,"Cell Line, Tumor, Bortezomib, Gastrointestinal Microbiome, Membrane Proteins, NIMA-Related Kinases, Solute Carrier Family 12, Member 2","Cell metabolism, European journal of nuclear medicine and molecular imaging",2024-2025,Asia-Pacific,0,27.3,26.0,55.1,44.2,26.0,50.8,36.8,Tier 3,False,False
1170,jian_y,Yuan Jian,"Department of Hematology, Beijing Chao-Yang Hospital, Capital Medical University, Beijing, 100020, China.",China,2,1,0,0.0,0,0,0.013353115727002967,"Hematopoietic Stem Cell Transplantation, Retrospective Studies, Transplantation, Autologous, Prognosis, Stem Cell Transplantation","BMC cancer, Frontiers in oncology",2022-2022,Asia-Pacific,1,27.3,65.9,6.4,44.2,65.9,4.3,36.8,Tier 3,False,False
1171,lee_e,Eunyoung Lee,"Department of Hematology-Oncology, Center for Hematologic Malignancy, National Cancer Center, Goyang, Korea.",South Korea,2,0,2,1.0,0,0,0.05228696546223928,"Republic of Korea, Neoplasms, Second Primary, Incidence, Young Adult","Cancer research and treatment, Clinical lymphoma, myeloma & leukemia",2024-2026,Asia-Pacific,0,27.3,26.0,55.1,44.2,26.0,49.4,36.7,Tier 3,False,False
1172,dong_j,Jin-Tang Dong,"Department of Human Cell Biology and Genetics, Southern University of Science and Technology School of Medicine, Shenzhen, China.",China,2,1,0,0.0,0,0,0.011908646576658858,"Apoptosis, Artesunate, Cell Line, Tumor, Cell Proliferation, Phosphatidylinositol 3-Kinases, Proto-Oncogene Proteins c-akt","Bio-protocol, Zhongguo shi yan xue ye xue za zhi",2021-2021,Asia-Pacific,1,27.3,65.9,6.4,44.2,65.9,3.5,36.7,Tier 3,False,False
1173,yoshihara_k,Kyoko Yoshihara,"Department of Transfusion Medicine and Cell Therapy, Hyogo Medical University Hospital, Hyogo, Japan.",Japan,2,0,2,1.0,0,0,0.052558920623025564,,"Blood neoplasia, Frontiers in oncology",2025-2025,Asia-Pacific,0,27.3,26.0,55.1,44.2,26.0,49.5,36.7,Tier 3,False,False
1174,feng_j,Jingjing Feng,"Bone Marrow Transplantation Center, the First Affiliated Hospital, and Liangzhu Laboratory, Zhejiang University School of Medicine, Hangzhou, China.",China,2,0,2,1.0,0,0,0.05224165121149503,"Positron Emission Tomography Computed Tomography, Fluorodeoxyglucose F18, Retrospective Studies, Immunotherapy, Adoptive, B-Cell Maturation Antigen, Cytokine Release Syndrome","Bone marrow transplantation, Journal for immunotherapy of cancer",2026-2026,Asia-Pacific,0,27.3,26.0,55.1,44.2,26.0,49.2,36.6,Tier 3,False,False
1175,qiao_n,Niu Qiao,"Shanghai Institute of Hematology, State Key Laboratory of Medical Genomics, National Research Centre for Translational Medicine at Shanghai, Research Unit of Hematologic Malignancies Genomics and Translational Research of Chinese Academy of Medical Sciences, Ruijin Hospital Affiliated to Shanghai Jiao Tong University School of Medicine, Shanghai, 200025, China.",China,2,0,2,1.0,0,0,0.050968232666541394,"Tumor Microenvironment, Plasma Cells, Single-Cell Analysis, Exome Sequencing, Clinical Relevance","Frontiers of medicine, Proceedings of the National Academy of Sciences of the United States of America",2025-2026,Asia-Pacific,0,27.3,26.0,55.1,44.2,26.0,48.4,36.6,Tier 3,False,False
1176,lenz_g,Georg Lenz,"Department of Medicine A for Hematology, Oncology and Pneumology, University Hospital Muenster, Muenster, Germany.",Germany,2,0,2,1.0,0,0,0.049783358364857394,"Retrospective Studies, Melphalan, Transplantation, Autologous, Hematopoietic Stem Cell Transplantation, Consolidation Chemotherapy, Age Factors","Clinical lymphoma, myeloma & leukemia, Blood cancer journal",2026-2026,Europe,0,27.3,26.0,55.1,44.2,26.0,47.4,36.5,Tier 3,False,False
1177,pohlmann_a,Alexander Pohlmann,"Department of Medicine A for Hematology, Oncology and Pneumology, University Hospital Muenster, Muenster, Germany.",Germany,2,0,2,1.0,0,0,0.049783358364857394,"Retrospective Studies, Melphalan, Transplantation, Autologous, Hematopoietic Stem Cell Transplantation, Consolidation Chemotherapy, Age Factors","Clinical lymphoma, myeloma & leukemia, Blood cancer journal",2026-2026,Europe,0,27.3,26.0,55.1,44.2,26.0,47.4,36.5,Tier 3,False,False
1178,kalushkova_a,Antonia Kalushkova,"Science for Life Laboratory, Department of Immunology, Genetics and Pathology, Rudbeck Laboratory, Uppsala University, 75185 Uppsala, Sweden.",Sweden,2,1,0,0.0,0,0,0.00890207715133531,,"Epigenomes, Frontiers in oncology",2021-2023,Europe,1,27.3,65.9,6.4,44.2,65.9,1.4,36.5,Tier 3,False,False
1179,duyster_j,Justus Duyster,"Department of Medicine I, Medical Center-University of Freiburg, Faculty of Medicine, University of Freiburg, Freiburg, Germany.",Germany,2,0,1,0.5,0,0,0.17845803415163164,"COVID-19 Vaccines, BNT162 Vaccine, COVID-19, SARS-CoV-2, T-Lymphocytes, Hematologic Neoplasms","Nature cancer, Journal of hematology & oncology",2023-2026,Europe,0,27.3,26.0,25.6,44.2,26.0,91.8,36.5,Tier 3,False,False
1180,calasanz_m,María-José Calasanz,"Department of Hematology Clínica Universidad de Navarra, Centro de Investigaciones Biomédicas Aplicadas (CIMA), Instituto de Investigación Sanitaria de Navarra (IdiSNA) Pamplona Spain.",Spain,2,0,2,1.0,0,0,0.050733304224335064,,HemaSphere,2024-2024,Europe,0,27.3,26.0,55.1,44.2,26.0,48.1,36.5,Tier 3,False,False
1181,yi_d,Dongni Yi,"Tomas Jefferson University Sidney Kimmel Medical College, United States.",USA,2,1,0,0.0,0,0,0.00890207715133531,"Receptors, Chimeric Antigen, T-Lymphocytes, Hematologic Neoplasms, Receptors, Antigen, T-Cell, Precursor B-Cell Lymphoblastic Leukemia-Lymphoma, Hematopoietic Stem Cell Transplantation",Hematology/oncology and stem cell therapy,2022-2022,North America,1,27.3,65.9,6.4,44.2,65.9,1.4,36.5,Tier 3,False,False
1182,nylund_p,Patrick Nylund,"Science for Life Laboratory, Department of Immunology, Genetics and Pathology, Rudbeck Laboratory, Uppsala University, 75185 Uppsala, Sweden.",Sweden,2,1,0,0.0,0,0,0.00890207715133531,,"Epigenomes, Frontiers in oncology",2021-2023,Europe,1,27.3,65.9,6.4,44.2,65.9,1.4,36.5,Tier 3,False,False
1183,hajiyianni_m,Marina Hajiyianni,"Heidelberg Myeloma Center, Department of Internal Medicine V, Heidelberg University Hospital, Medical Faculty Heidelberg, Heidelberg University, Heidelberg, Germany.",Germany,2,0,2,1.0,0,0,0.04899283860032644,"Magnetic Resonance Imaging, Whole Body Imaging, Prognosis, Neoplasm Recurrence, Local, Bone Marrow, Drug Resistance, Neoplasm","Leukemia, European journal of nuclear medicine and molecular imaging",2026-2026,Europe,0,27.3,26.0,55.1,44.2,26.0,46.7,36.4,Tier 3,False,False
1184,vonbubnoff_n,Nikolas Christian Cornelius von Bubnoff,"Department of Hematology and Oncology, University Medical Center Schleswig-Holstein (UKSH), University Cancer Center Schleswig-Holstein (UCCSH), Campus Lübeck, 23538 Lübeck, Germany.",Germany,2,0,2,1.0,0,0,0.048429941877323114,"Exome Sequencing, Pilot Projects, Mutation, Prognosis, DNA Mutational Analysis, Retrospective Studies","International journal of molecular sciences, Clinical lymphoma, myeloma & leukemia",2024-2026,Europe,0,27.3,26.0,55.1,44.2,26.0,46.4,36.4,Tier 3,False,False
1185,kulig_p,Piotr Kulig,"Department of General Pathology, Pomeranian Medical University, 70-111 Szczecin, Poland.",Poland,2,1,0,0.0,0,0,0.005934718100890207,"Vitamin D, Bortezomib, Vitamins, Vitamin K, DNA Methylation, Dietary Supplements","Nutrients, Cancers",2023-2023,Europe,1,27.3,65.9,6.4,44.2,65.9,0.5,36.4,Tier 3,False,False
1186,hsu_j,Jingmei Hsu,"Stem Cells and Regenerative Medicine Center, Baylor College of Medicine, Houston, TX 77030, USA.",USA,3,0,0,0.0,0,0,0.032312046406641724,"Receptors, Chimeric Antigen, T-Lymphocytes, Chromatin, Proteasome Inhibitors, Proteasome Endopeptidase Complex, Genes, myc","Hematology/oncology and stem cell therapy, Cancer research communications",2022-2022,North America,0,64.2,26.0,6.4,44.2,26.0,27.4,36.4,Tier 3,False,False
1187,shao_l,Lipei Shao,"Center for Cellular Engineering, Department of Transfusion Medicine, National Institutes of Health, Bethesda, MD, USA.",USA,2,0,2,1.0,0,0,0.049168000071250245,"Receptors, Chimeric Antigen, Immunotherapy, Adoptive, T-Lymphocytes, Bone Marrow, Fever, Cytokine Release Syndrome","Molecular therapy : the journal of the American Society of Gene Therapy, Zhongguo shi yan xue ye xue za zhi",2024-2024,North America,0,27.3,26.0,55.1,44.2,26.0,47.0,36.4,Tier 3,False,False
1188,oluwole_o,Olalekan O Oluwole,Section of Hematology and Stem Cell Transplant Vanderbilt Ingram Cancer Center Department of Medicine Vanderbilt University Medical Center Nashville Tennessee USA.,USA,2,1,0,0.0,0,0,0.004451038575667655,,EJHaem,2022-2022,North America,1,27.3,65.9,6.4,44.2,65.9,0.2,36.4,Tier 3,False,False
1189,haddad_i,Imène Haddad,"Janssen Pharmaceutica NV, Beerse, Belgium.",Belgium,2,0,2,1.0,0,0,0.04961857522910542,"Prospective Studies, Neoplasm Recurrence, Local, Proteasome Inhibitors, Progression-Free Survival, Antineoplastic Agents, Physicians","Clinical lymphoma, myeloma & leukemia, Advances in therapy",2024-2024,Europe,0,27.3,26.0,55.1,44.2,26.0,47.3,36.4,Tier 3,False,False
1190,uczkowska_k,Karolina Łuczkowska,"Department of General Pathology, Pomeranian Medical University, 70-111 Szczecin, Poland.",Poland,2,1,0,0.0,0,0,0.005934718100890207,"Vitamin D, Bortezomib, Vitamins, Vitamin K, DNA Methylation, Dietary Supplements","Nutrients, Cancers",2023-2023,Europe,1,27.3,65.9,6.4,44.2,65.9,0.5,36.4,Tier 3,False,False
1191,leitner_t,Theo Leitner,"Department of Hematology and Oncology, University Medical Center Schleswig-Holstein (UKSH), University Cancer Center Schleswig-Holstein (UCCSH), Campus Lübeck, 23538 Lübeck, Germany.",Germany,2,0,2,1.0,0,0,0.048429941877323114,"Exome Sequencing, Pilot Projects, Mutation, Prognosis, DNA Mutational Analysis, Retrospective Studies","International journal of molecular sciences, Clinical lymphoma, myeloma & leukemia",2024-2026,Europe,0,27.3,26.0,55.1,44.2,26.0,46.4,36.4,Tier 3,False,False
1192,antonioli_e,Elisabetta Antonioli,"Haematology Unit, Careggi University Hospital, Florence, Italy.",Italy,2,0,2,1.0,0,0,0.04794615737514221,"Neoplasm, Residual, Clinical Trials as Topic, Prognosis, High-Throughput Nucleotide Sequencing","Clinical lymphoma, myeloma & leukemia, JCO oncology practice",2026-2026,Europe,0,27.3,26.0,55.1,44.2,26.0,45.1,36.2,Tier 3,False,False
1193,qi_y,Yao Qi,"Department of Hematology, School of Medicine, Tianjin First Central Hospital, Nankai University, No. 24, Fukang Road, Tianjin, China.",China,2,0,2,1.0,0,0,0.047786462968291636,,"Journal of translational medicine, Blood",2026-2026,Asia-Pacific,0,27.3,26.0,55.1,44.2,26.0,44.8,36.2,Tier 3,False,False
1194,bhella_s,Sita Bhella,"Department of Medical Oncology and Hematology, Princess Margaret Cancer Centre, University Health Network, Toronto, Ontario, Canada.",Canada,2,0,1,0.5,0,0,0.15024062622954273,"Autografts, Salvage Therapy, Retrospective Studies, Neoplasm Recurrence, Local, Transplantation, Autologous, Hematopoietic Stem Cell Transplantation","Clinical lymphoma, myeloma & leukemia, Journal of clinical oncology : official journal of the American Society of Clinical Oncology",2023-2026,North America,0,27.3,26.0,25.6,44.2,26.0,88.8,36.2,Tier 3,False,False
1195,muchtar_e,Eli Muchtar,"Division of Hematology, Mayo Clinic Rochester, Rochester, MN.",Unknown,2,0,2,1.0,0,0,0.04769125491118953,"Hematopoietic Stem Cell Transplantation, In Situ Hybridization, Fluorescence, Transplantation, Autologous, Neoplasm Recurrence, Local, Disease Progression, Retrospective Studies","Clinical lymphoma, myeloma & leukemia, American journal of hematology",2024-2026,Unknown,0,27.3,26.0,55.1,44.2,26.0,44.6,36.2,Tier 3,False,False
1196,fujiwara_s,Shigeyoshi Fujiwara,"Department of Oral and Maxillofacial Surgery, Japanese Red Cross Society Himeji Hospital, Himeji, Hyogo, Japan.",Japan,2,0,1,0.5,0,0,0.14303109963546265,,"Journal of dental sciences, Blood neoplasia",2023-2025,Asia-Pacific,0,27.3,26.0,25.6,44.2,26.0,87.6,36.1,Tier 3,False,False
1197,ono_y,Yoshihiro Ono,"Division of Hepato-Biliary-Pancreatic Surgery, Cancer Institute Hospital of Japanese Foundation of Cancer Research, Japan.",Japan,2,0,1,0.5,0,0,0.14798350658007156,"Plasmacytoma, Gallbladder Neoplasms, Antibodies, Monoclonal, Myeloma Proteins, Immunoelectrophoresis, Immunoglobulin G","Internal medicine (Tokyo, Japan), Journal of clinical and experimental hematopathology : JCEH",2023-2025,Asia-Pacific,0,27.3,26.0,25.6,44.2,26.0,88.5,36.1,Tier 3,False,False
1198,zheng_z,Zhili Zheng,"Surgery Branch, National Cancer Institute, National Institutes of Health, Bethesda, MD, USA.",USA,2,0,2,1.0,0,0,0.04673686715601638,"Receptors, Chimeric Antigen, T-Lymphocytes, Immunotherapy, Adoptive, Bone Marrow","Molecular therapy : the journal of the American Society of Gene Therapy, Frontiers in neurology",2024-2025,North America,0,27.3,26.0,55.1,44.2,26.0,43.9,36.1,Tier 3,False,False
1199,jevremovic_d,Dragan Jevremovic,"Department of Laboratory Medicine & Pathology, Mayo Clinic, Rochester, MN.",Unknown,2,0,2,1.0,0,0,0.0473455966549245,"Plasma Cells, Flow Cytometry, Paraproteinemias, Bone Marrow, Immunophenotyping, Neoplasm, Residual","Clinical lymphoma, myeloma & leukemia, American journal of hematology",2024-2026,Unknown,0,27.3,26.0,55.1,44.2,26.0,44.3,36.1,Tier 3,False,False
1200,shukla_s,Soham Shukla,"GSK, Upper Providence, Pennsylvania, USA.",USA,2,0,2,1.0,0,0,0.04592056302214712,"Lenalidomide, Retrospective Studies, Spain, Dexamethasone, Thalidomide","European journal of haematology, Indian journal of hematology & blood transfusion : an official journal of Indian Society of Hematology and Blood Transfusion",2024-2026,North America,0,27.3,26.0,55.1,44.2,26.0,43.1,36.0,Tier 3,False,False
1201,kuroda_y,Yuko Kuroda,"Department of Laboratory Sciences, Gunma University Graduate School of Health Sciences, Maebashi 371-8510, Japan.",Japan,2,0,1,0.5,0,0,0.13794012835888897,"Tumor Suppressor Protein p53, Cell Line, Tumor, MicroRNAs, Cell Transformation, Neoplastic, Antibodies, Bispecific, Japan","Genes, International journal of hematology",2022-2026,Asia-Pacific,0,27.3,26.0,25.6,44.2,26.0,87.1,36.0,Tier 3,False,False
1202,reybua_b,Beatriz Rey-Búa,Institute of Biomedical Research of Salamanca (IBSAL) Salamanca Spain.,Spain,2,0,2,1.0,0,0,0.04612616711642133,"Transplantation, Autologous, Monoclonal Gammopathy of Undetermined Significance, Retrospective Studies, Prognosis, Hematopoietic Stem Cell Transplantation","HemaSphere, Clinical lymphoma, myeloma & leukemia",2025-2026,Europe,0,27.3,26.0,55.1,44.2,26.0,43.2,36.0,Tier 3,False,False
1203,russo_m,Massimiliano Russo,"Department of Data Science, Dana-Farber Cancer Institute, Boston, MA, USA.",USA,2,0,1,0.5,0,0,0.13665450136772314,"Ad26COVS1, Antibodies, Viral, Asymptomatic Diseases, BNT162 Vaccine, COVID-19, COVID-19 Vaccines","Cancer cell, Molecular therapy. Nucleic acids",2022-2024,North America,0,27.3,26.0,25.6,44.2,26.0,86.9,36.0,Tier 3,False,False
1204,xia_l,Linghui Xia,"Institute of Hematology, Union Hospital, Tongji Medical College, Huazhong University of Science and Technology, Wuhan, People's Republic of China.",China,2,0,2,1.0,0,0,0.045304763628499355,"Animals, Mice, Chromatin, RNA, Long Noncoding, RNA, Small Nucleolar, Mice, Inbred NOD","American journal of physiology. Cell physiology, Acta pharmaceutica Sinica. B",2024-2024,Asia-Pacific,0,27.3,26.0,55.1,44.2,26.0,42.7,36.0,Tier 3,False,False
1205,cowan_a,Andrew J Cowan,"University of Washington / Fred Hutchinson Cancer Center, Seattle, WA.",Unknown,2,0,2,1.0,0,0,0.04419184021158199,"Lenalidomide, ADP-ribosyl Cyclase 1, Antibodies, Monoclonal","Clinical lymphoma, myeloma & leukemia, Frontiers in artificial intelligence",2025-2025,Unknown,0,27.3,26.0,55.1,44.2,26.0,40.9,35.8,Tier 3,False,False
1206,biondo_m,Marta Biondo,"University Hospital of Catania, University of Catania, Catania, Italy.",Italy,2,0,2,1.0,0,0,0.04414249751187847,,"Frontiers in medicine, Blood neoplasia",2025-2026,Europe,0,27.3,26.0,55.1,44.2,26.0,40.8,35.8,Tier 3,False,False
1207,ali_a,Amir Ali,"University of Southern California - Pharmacy, Los Angeles, California.",USA,2,0,2,1.0,0,0,0.0434669601736121,,"Journal of the advanced practitioner in oncology, Cancers",2024-2026,North America,0,27.3,26.0,55.1,44.2,26.0,40.1,35.7,Tier 3,False,False
1208,frigault_m,Melanie M Frigault,"Vincerx Pharma, Inc, Palo Alto, CA.",Unknown,2,0,2,1.0,0,0,0.04346865345689854,,"Blood neoplasia, Leukemia",2025-2026,Unknown,0,27.3,26.0,55.1,44.2,26.0,40.2,35.7,Tier 3,False,False
1209,jang_h,Ho Cheol Jang,"Chonnam National University Hwasun Hospital, Chonnam National University Medical School, Hwasun, Jeollanam-do.",Unknown,2,0,2,1.0,0,0,0.04209471416082203,,"Haematologica, Cancer immunology, immunotherapy : CII",2026-2026,Unknown,0,27.3,26.0,55.1,44.2,26.0,39.0,35.6,Tier 3,False,False
1210,ahn_j,Jae-Sook Ahn,"Chonnam National University Hwasun Hospital, Chonnam National University Medical School, Hwasun, Jeollanam-do.",Unknown,2,0,2,1.0,0,0,0.04209471416082203,,"Haematologica, Cancer immunology, immunotherapy : CII",2026-2026,Unknown,0,27.3,26.0,55.1,44.2,26.0,39.0,35.6,Tier 3,False,False
1211,cho_d,Duck Cho,"Department of Laboratory Medicine and Genetics, Samsung Medical Center, Sungkyunkwan University School of Medicine, Seoul, Korea.",South Korea,2,0,2,1.0,0,0,0.04047659240550647,"Immunophenotyping, Neoplasms, Antibodies, Republic of Korea, Flow Cytometry","Annals of laboratory medicine, Cancer immunology, immunotherapy : CII",2024-2026,Asia-Pacific,0,27.3,26.0,55.1,44.2,26.0,37.6,35.5,Tier 3,False,False
1212,burchert_a,Andreas Burchert,"Klinik für Hämatologie, Onkologie und Immunologie, University Hospital of Gießen and Marburg (UKGM), Marburg, Germany.",Germany,2,0,1,0.5,0,0,0.11069282623445091,,"Transfusion medicine and hemotherapy : offizielles Organ der Deutschen Gesellschaft fur Transfusionsmedizin und Immunhamatologie, Journal of hematology & oncology",2023-2026,Europe,0,27.3,26.0,25.6,44.2,26.0,81.8,35.5,Tier 3,False,False
1213,nachar_v,Victoria Nachar,"University of Michigan Medical Center - Pharmacy, Ann Arbor, Michigan.",USA,2,0,2,1.0,0,0,0.041215084905372554,,"Journal of the advanced practitioner in oncology, European journal of haematology",2024-2026,North America,0,27.3,26.0,55.1,44.2,26.0,38.1,35.5,Tier 3,False,False
1214,geng_s,Shuangshuang Geng,"Institute of Drug Discovery and Design, College of Pharmaceutical Sciences, Zhejiang University, Hangzhou 310058, China.",China,2,0,2,1.0,0,0,0.04043608588704268,,"Acta pharmaceutica Sinica. B, ImmunoTargets and therapy",2025-2026,Asia-Pacific,0,27.3,26.0,55.1,44.2,26.0,37.5,35.5,Tier 3,False,False
1215,xie_s,Sheng Xie,"Department of Radiology, China-Japan Friendship Hospital, Beijing, China.",China,2,0,2,1.0,0,0,0.041652810655073376,"Diffusion Magnetic Resonance Imaging, Retrospective Studies, Whole Body Imaging, Echo-Planar Imaging, Tumor Burden, Image Processing, Computer-Assisted","Journal of magnetic resonance imaging : JMRI, Journal for immunotherapy of cancer",2024-2026,Asia-Pacific,0,27.3,26.0,55.1,44.2,26.0,38.3,35.5,Tier 3,False,False
1216,rejto_l,László Rejtő,"Department of Hematology, Jósa András Teaching Hospital, Nyíregyháza, Hungary.",Hungary,2,0,2,1.0,0,0,0.04154302670623145,"Fibrinolysis, Factor XIII, Fibrinolysin, Antifibrinolytic Agents, Factor XIII Deficiency, Thrombophilia","Thrombosis research, Journal of clinical medicine",2024-2025,Europe,0,27.3,26.0,55.1,44.2,26.0,38.2,35.5,Tier 3,False,False
1217,wood_e,Erica Wood,"School of Public Health and Preventive Medicine, Monash University, Melbourne, Victoria, Australia.",Australia,2,0,2,1.0,0,0,0.040152259030415714,"Cytogenetic Analysis, Chromosome Aberrations, Prognosis, In Situ Hybridization, Fluorescence","Clinical lymphoma, myeloma & leukemia, British journal of haematology",2026-2026,Asia-Pacific,0,27.3,26.0,55.1,44.2,26.0,36.7,35.4,Tier 3,False,False
1218,williams_l,Louis Williams,"Department of Hematology and Medical Oncology, Cleveland Clinic Taussig Cancer Center.",Unknown,2,0,2,1.0,0,0,0.04007544959386866,,"Transplantation and cellular therapy, Cancers",2026-2026,Unknown,0,27.3,26.0,55.1,44.2,26.0,36.4,35.4,Tier 3,False,False
1219,mcquilten_z,Zoe McQuilten,"School of Public Health and Preventive Medicine, Monash University, Melbourne, Victoria, Australia.",Australia,2,0,2,1.0,0,0,0.040152259030415714,"Cytogenetic Analysis, Chromosome Aberrations, Prognosis, In Situ Hybridization, Fluorescence","Clinical lymphoma, myeloma & leukemia, British journal of haematology",2026-2026,Asia-Pacific,0,27.3,26.0,55.1,44.2,26.0,36.7,35.4,Tier 3,False,False
1220,mollee_p,Peter Mollee,"Princess Alexandra Hospital, Woolloongabba, Queensland, Australia.",Australia,2,0,2,1.0,0,0,0.040152259030415714,"Cytogenetic Analysis, Chromosome Aberrations, Prognosis, In Situ Hybridization, Fluorescence","Clinical lymphoma, myeloma & leukemia, British journal of haematology",2026-2026,Asia-Pacific,0,27.3,26.0,55.1,44.2,26.0,36.7,35.4,Tier 3,False,False
1221,aljawai_y,Yosra Aljawai,"Department of Stem Cell Transplantation and Cellular Therapy, The University of Texas MD Anderson Cancer Center, Houston, Texas.",USA,2,0,2,1.0,0,0,0.04017564953837525,"Hematopoietic Stem Cell Transplantation, Transplantation, Autologous, Retrospective Studies, Transplantation Conditioning",Transplantation and cellular therapy,2025-2026,North America,0,27.3,26.0,55.1,44.2,26.0,36.9,35.4,Tier 3,False,False
1222,milton_d,Denái R Milton,"Department of Biostatistics, The University of Texas MD Anderson Cancer Center, Houston, Texas.",USA,2,0,2,1.0,0,0,0.04017564953837525,"Hematopoietic Stem Cell Transplantation, Transplantation, Autologous, Retrospective Studies, Transplantation Conditioning",Transplantation and cellular therapy,2025-2026,North America,0,27.3,26.0,55.1,44.2,26.0,36.9,35.4,Tier 3,False,False
1223,garcia_r,Ryan R Garcia,"Department of Medical Imaging, University of Arizona College of Medicine - Tucson, Tucson, USA.",USA,2,0,2,1.0,0,0,0.04020533885180788,"Bone Marrow, Biopsy","Cureus, Clinical lymphoma, myeloma & leukemia",2024-2025,North America,0,27.3,26.0,55.1,44.2,26.0,37.0,35.4,Tier 3,False,False
1224,ashrafi_e,Elham Ashrafi,"School of Public Health and Preventive Medicine, Monash University, Melbourne, Victoria, Australia.",Australia,2,0,2,1.0,0,0,0.040152259030415714,"Cytogenetic Analysis, Chromosome Aberrations, Prognosis, In Situ Hybridization, Fluorescence","Clinical lymphoma, myeloma & leukemia, British journal of haematology",2026-2026,Asia-Pacific,0,27.3,26.0,55.1,44.2,26.0,36.7,35.4,Tier 3,False,False
1225,sanchezortega_i,Isabel Sánchez-Ortega,"EBMT Medical Officer, Executive Office, Barcelona, Spain.",Spain,2,0,2,1.0,0,0,0.03886495632498012,,Bone marrow transplantation,2026-2026,Europe,0,27.3,26.0,55.1,44.2,26.0,35.6,35.3,Tier 3,False,False
1226,gao_q,Qi Gao,"Hematopathology Service, Department of Pathology and Laboratory Medicine, Memorial Sloan Kettering Cancer Center, New York, New York.",USA,2,0,2,1.0,0,0,0.03956130553460714,"Reproducibility of Results, Leukemia, Lymphocytic, Chronic, B-Cell, High-Throughput Nucleotide Sequencing, Neoplasm, Residual","The Journal of molecular diagnostics : JMD, Discover oncology",2024-2026,North America,0,27.3,26.0,55.1,44.2,26.0,36.1,35.3,Tier 3,False,False
1227,risitano_a,Antonio M Risitano,"Hematology and Hematopoietic Transplant Unit, Azienda Ospedaliera di Rilievo Nazionale San Giuseppe Moscati (A.O.R.N. Giuseppe Moscati), Avellino, Italy.",Italy,2,0,2,1.0,0,0,0.03886495632498012,,Bone marrow transplantation,2026-2026,Europe,0,27.3,26.0,55.1,44.2,26.0,35.6,35.3,Tier 3,False,False
1228,mclornan_d,Donal P McLornan,"Chair of the EBMT Chronic Malignancies Working Party, London, UK.",Unknown,2,0,2,1.0,0,0,0.03886495632498012,,Bone marrow transplantation,2026-2026,Unknown,0,27.3,26.0,55.1,44.2,26.0,35.6,35.3,Tier 3,False,False
1229,wen_y,Yubing Wen,"Department of Nephrology, Peking Union Medical College Hospital, Peking Union Medical College and Chinese Academy of Medical Sciences, Beijing, China.",China,2,0,2,1.0,0,0,0.04005989733678211,"Paraproteinemias, Cutis Laxa, Bronchiolitis Obliterans, Immunoglobulin Light Chains, Immunoglobulin Heavy Chains, Complement Pathway, Classical","Frontiers in immunology, Transplantation and cellular therapy",2025-2026,Asia-Pacific,0,27.3,26.0,55.1,44.2,26.0,36.3,35.3,Tier 3,False,False
1230,harding_s,Stephen Harding,"Binding Site Group Ltd., Birmingham, UK.",Unknown,2,0,2,1.0,0,0,0.03864339140594039,"Monoclonal Gammopathy of Undetermined Significance, Thrombosis, Prospective Studies, Iceland, Risk Factors, Follow-Up Studies","British journal of haematology, Blood cancer journal",2024-2025,Unknown,0,27.3,26.0,55.1,44.2,26.0,34.9,35.2,Tier 3,False,False
1231,fang_l,Lijuan Fang,"Department of Hematology, Beijing Jishuitan (JST) Hospital, Capital Medical University, Beijing 100096, China.",China,2,0,2,1.0,0,0,0.03876988410234366,,"Cancer pathogenesis and therapy, Acta pharmaceutica Sinica. B",2024-2025,Asia-Pacific,0,27.3,26.0,55.1,44.2,26.0,35.3,35.2,Tier 3,False,False
1232,palmason_r,Robert Palmason,"Faculty of Medicine, University of Iceland, Reykjavík, Iceland.",Unknown,2,0,2,1.0,0,0,0.03864339140594039,"Monoclonal Gammopathy of Undetermined Significance, Thrombosis, Prospective Studies, Iceland, Risk Factors, Follow-Up Studies","British journal of haematology, Blood cancer journal",2024-2025,Unknown,0,27.3,26.0,55.1,44.2,26.0,34.9,35.2,Tier 3,False,False
1233,eythorsson_e,Elias Eythorsson,"Landspítali University Hospital, Reykjavík, Iceland.",Unknown,2,0,2,1.0,0,0,0.03864339140594039,"Monoclonal Gammopathy of Undetermined Significance, Thrombosis, Prospective Studies, Iceland, Risk Factors, Follow-Up Studies","British journal of haematology, Blood cancer journal",2024-2025,Unknown,0,27.3,26.0,55.1,44.2,26.0,34.9,35.2,Tier 3,False,False
1234,yin_l,Leimiao Yin,"Shanghai Research Institute of Acupuncture and Meridian, Yueyang Hospital of Integrated Traditional Chinese and Western Medicine Affiliated to Shanghai University of Traditional Chinese Medicine, Shanghai 201203, China.",China,2,0,2,1.0,0,0,0.03860684434888952,"Prognosis, Risk Factors, Complement C3, Complement C4, Nomograms, ROC Curve","Acta pharmaceutica Sinica. B, Zhongguo shi yan xue ye xue za zhi",2024-2024,Asia-Pacific,0,27.3,26.0,55.1,44.2,26.0,34.7,35.2,Tier 3,False,False
1235,ganesan_p,Prasanth Ganesan,"Department of Medical Oncology, Jawaharlal Institute of Postgraduate Medical Education & Research (JIPMER), Puducherry, 605006, India.",India,2,0,2,1.0,0,0,0.0383501405437631,"South Asian People, Antibodies, Monoclonal, Adolescent, Prospective Studies, Dexamethasone, Central Nervous System Neoplasms","Future oncology (London, England), Indian journal of cancer",2024-2025,Asia-Pacific,0,27.3,26.0,55.1,44.2,26.0,34.5,35.2,Tier 3,False,False
1236,qiang_w,W T Qiang,"Department of Hematology, the Myeloma & Lymphoma Center, Changzheng Hospital, Naval Medical University, Shanghai 200433, China.",China,3,0,0,0.0,0,0,0.02231538174870336,"Prognosis, Case-Control Studies, Retrospective Studies, Lenalidomide, Central Nervous System, Receptors, Chimeric Antigen",Zhonghua xue ye xue za zhi = Zhonghua xueyexue zazhi,2022-2023,Asia-Pacific,0,64.2,26.0,6.4,44.2,26.0,15.2,35.2,Tier 3,False,False
1237,rao_a,Arvind Rao,"Department of Computational Medicine and Bioinformatics, University of Michigan, Ann Arbor, MI 48109.",USA,2,0,2,1.0,0,0,0.03775930012689759,"Animals, Mice, Immunity, Cellular, Plasma Cells, Mice, Inbred C57BL, T-Lymphocytes","Proceedings of the National Academy of Sciences of the United States of America, European journal of pharmacology",2024-2026,North America,0,27.3,26.0,55.1,44.2,26.0,34.0,35.1,Tier 3,False,False
1238,neri_a,Antonino Neri,"Scientific Directorate, Azienda USL-IRCCS di Reggio Emilia, 42123 Reggio Emilia, Italy.",Italy,2,0,1,0.5,0,0,0.09924361049116273,"Immunoglobulin Heavy Chains, V(D)J Recombination, Gene Rearrangement, Sequence Analysis, RNA","International journal of molecular sciences, International journal of biological macromolecules",2022-2026,Europe,0,27.3,26.0,25.6,44.2,26.0,78.1,35.1,Tier 3,False,False
1239,fozza_c,Claudio Fozza,"Department of Medicine, Surgery and Pharmacy, University of Sassari, Via San Pietro 12, 07100, Sassari, Italy. cfozza@uniss.it.",Italy,2,0,2,1.0,0,0,0.03727542727312967,"Risk Assessment, Suicide, Risk Factors, SEER Program, Nomograms","Journal of cancer survivorship : research and practice, JCO oncology practice",2025-2026,Europe,0,27.3,26.0,55.1,44.2,26.0,33.5,35.1,Tier 3,False,False
1240,liang_y,Yang Liang,"State Key Laboratory of Oncology in South China, Collaborative Innovation Center for Cancer Medicine, Sun Yat-sen University Cancer Center, Guangzhou, Guangdong 510060, China.",China,2,0,2,1.0,0,0,0.03596793516477411,"Chromosome Aberrations, Prognosis, China, Retrospective Studies","Genes & diseases, BMC cancer",2024-2024,Asia-Pacific,0,27.3,26.0,55.1,44.2,26.0,32.5,35.0,Tier 3,False,False
1241,lee_m,Myung-Won Lee,"Chungnam National University Hospital, Daejeon.",Unknown,2,0,2,1.0,0,0,0.03722057232316626,,"Haematologica, Cancer research and treatment",2026-2026,Unknown,0,27.3,26.0,55.1,44.2,26.0,33.1,35.0,Tier 3,False,False
1242,demirtas_d,Derya Demirtas,"Division of Hematology, Department of Internal Medicine, Adana City Training and Research Hospital, Adana, Türkiye.",Turkey,2,0,2,1.0,0,0,0.03725675700633811,,"Frontiers in medicine, Transplantation and cellular therapy",2026-2026,Middle East / GCC,0,27.3,26.0,55.1,44.2,26.0,33.3,35.0,Tier 3,False,False
1243,diamond_b,Benjamin Diamond,"Myeloma Service, Sylvester Comprehensive Cancer Center, University of Miami, Miami, FL, USA.",USA,2,0,1,0.5,0,0,0.09736815345927227,,"medRxiv : the preprint server for health sciences, bioRxiv : the preprint server for biology",2023-2025,North America,0,27.3,26.0,25.6,44.2,26.0,77.4,35.0,Tier 3,False,False
1244,atagunduz_i,Isik Atagunduz,"Division of Hematology, Department of Internal Medicine, Pendik Training and Research Hospital, Marmara University School of Medicine, Istanbul, Türkiye.",Turkey,2,0,2,1.0,0,0,0.03725675700633811,,"Frontiers in medicine, Transplantation and cellular therapy",2026-2026,Middle East / GCC,0,27.3,26.0,55.1,44.2,26.0,33.3,35.0,Tier 3,False,False
1245,papadimitriou_m,Marios Papadimitriou,"Myeloma Service, Sylvester Comprehensive Cancer Center, University of Miami, Miami, FL, USA.",USA,2,0,1,0.5,0,0,0.09736815345927227,,"medRxiv : the preprint server for health sciences, bioRxiv : the preprint server for biology",2023-2025,North America,0,27.3,26.0,25.6,44.2,26.0,77.4,35.0,Tier 3,False,False
1246,habib_a,Alma Habib,"Division of Hematologic Malignancies & Cellular Therapeutics, University of Kansas Medical Center, Westwood, KS, USA.",USA,2,0,2,1.0,0,0,0.03570708355440185,Retrospective Studies,"Expert review of hematology, Current oncology (Toronto, Ont.)",2026-2026,North America,0,27.3,26.0,55.1,44.2,26.0,31.7,34.9,Tier 3,False,False
1247,sun_l,Lixia Sun,"Department of Pathology, 562131Binzhou Medical University Hospital, Binzhou Medical University Hospital, Binzhou City, China.",China,2,0,1,0.5,0,0,0.09420165625180058,"Kidney, Neoplasm Recurrence, Local, Nephrectomy, Plasmacytoma","The Journal of international medical research, Cancer pathogenesis and therapy",2021-2025,Asia-Pacific,0,27.3,26.0,25.6,44.2,26.0,75.9,34.9,Tier 3,False,False
1248,plander_m,Márk Plander,"Department of Hematology and Hemostaseology, Vas County Markusovszky University Hospital, 9700 Szombathely, Hungary.",Hungary,2,0,2,1.0,0,0,0.03560830860534124,,"Journal of clinical medicine, Journal of hematology",2025-2025,Europe,0,27.3,26.0,55.1,44.2,26.0,31.5,34.9,Tier 3,False,False
1249,kosztolanyi_s,Szabolcs Kosztolányi,"First Department of Internal Medicine, University of Pécs-Clinical Centre, 7624 Pécs, Hungary.",Hungary,2,0,2,1.0,0,0,0.03560830860534124,,"Journal of clinical medicine, Journal of hematology",2025-2025,Europe,0,27.3,26.0,55.1,44.2,26.0,31.5,34.9,Tier 3,False,False
1250,varga_g,Gergely Varga,"Department of Internal Medicine and Hematology, Semmelweis University, 1088 Budapest, Hungary.",Hungary,2,0,2,1.0,0,0,0.03560830860534124,,"Journal of clinical medicine, Journal of hematology",2025-2025,Europe,0,27.3,26.0,55.1,44.2,26.0,31.5,34.9,Tier 3,False,False
1251,pettendi_p,Piroska Pettendi,"Department of Hematology, Jász-Nagykun-Szolnok County Géza Hetényi Hospital, 5000 Szolnok, Hungary.",Hungary,2,0,2,1.0,0,0,0.03560830860534124,,"Journal of clinical medicine, Journal of hematology",2025-2025,Europe,0,27.3,26.0,55.1,44.2,26.0,31.5,34.9,Tier 3,False,False
1252,merz_m,Maximilian Merz,"Department of Hematology, Hemostaseology, Cellular Therapy and Infectiology, University Hospital of Leipzig, Leipzig, Germany.",Germany,2,0,1,0.5,0,0,0.09275208049379668,,"Frontiers in digital health, Journal of hematology & oncology",2023-2026,Europe,0,27.3,26.0,25.6,44.2,26.0,75.3,34.8,Tier 3,False,False
1253,purow_j,Jeremy I Purow,"Oncology, Florida International University, Herbert Wertheim College of Medicine, Miami, USA.",USA,2,0,2,1.0,0,0,0.03481485734059649,,"Cureus, Current problems in cancer",2024-2026,North America,0,27.3,26.0,55.1,44.2,26.0,31.0,34.8,Tier 3,False,False
1254,ge_j,J Ge,"Department of Hematology, the Affiliated Hospital of Xuzhou Medical University, Xuzhou 221002, China.",China,2,0,1,0.5,0,0,0.09241685560635637,"Receptors, Chimeric Antigen, Immunotherapy, Adoptive, T-Lymphocytes, Risk Factors","Zhonghua xue ye xue za zhi = Zhonghua xueyexue zazhi, Cancer pathogenesis and therapy",2022-2025,Asia-Pacific,0,27.3,26.0,25.6,44.2,26.0,75.1,34.8,Tier 3,False,False
1255,sepulveda_s,Sandra Sepulveda,"Malignant Hematology/Bone Marrow Transplant/HIV Oncology, Miami Cancer Institute, Miami, USA.",USA,2,0,2,1.0,0,0,0.03481485734059649,,"Cureus, Current problems in cancer",2024-2026,North America,0,27.3,26.0,55.1,44.2,26.0,31.0,34.8,Tier 3,False,False
1256,fukushima_r,Ryuichi Fukushima,"GSK, Tokyo, Japan.",Japan,2,0,2,1.0,0,0,0.034987814083586186,"Dexamethasone, Bortezomib, Antibodies, Monoclonal, Humanized, Japan, Thalidomide, Recurrence","International journal of hematology, International journal of clinical oncology",2025-2026,Asia-Pacific,0,27.3,26.0,55.1,44.2,26.0,31.1,34.8,Tier 3,False,False
1257,pan_z,Z K Pan,"Department of Hematology, Ruijin Hospital Affiliated to Shanghai Jiao Tong University School of Medicine, National Research Center for Translational Medicine at Shanghai, Shanghai Institute of Hematology, State Key Laboratory of Medical Genomics, Shanghai 200025, China.",China,2,0,2,1.0,0,0,0.03515588229036281,"Retrospective Studies, Hematopoietic Stem Cell Mobilization, Transplantation, Autologous, Induction Chemotherapy, Hematopoietic Stem Cell Transplantation, Lenalidomide","Zhonghua xue ye xue za zhi = Zhonghua xueyexue zazhi, Modern pathology : an official journal of the United States and Canadian Academy of Pathology, Inc",2025-2026,Asia-Pacific,0,27.3,26.0,55.1,44.2,26.0,31.2,34.8,Tier 3,False,False
1258,nishikawa_m,Masako Nishikawa,"Department of Clinical Laboratory, The University of Tokyo Hospital, Tokyo, Japan.",Japan,2,0,1,0.5,0,0,0.08806239465754749,"Epstein-Barr Virus Infections, Lymphohistiocytosis, Hemophagocytic, Herpesvirus 4, Human, Lenalidomide, Immunomodulating Agents, Lymphoproliferative Disorders","International journal of hematology, Journal of clinical and experimental hematopathology : JCEH",2023-2025,Asia-Pacific,0,27.3,26.0,25.6,44.2,26.0,73.6,34.7,Tier 3,False,False
1259,patkar_n,Nikhil Patkar,"Homi Bhabha National Institute (HBNI), Anushakti Nagar, Mumbai, India.",India,2,0,2,1.0,0,0,0.03442315625728227,,"Indian journal of hematology & blood transfusion : an official journal of Indian Society of Hematology and Blood Transfusion, EJHaem",2025-2026,Asia-Pacific,0,27.3,26.0,55.1,44.2,26.0,29.7,34.7,Tier 3,False,False
1260,fukushima_k,Kentaro Fukushima,"Department of Hematology and Oncology, Graduate School of Medicine, Osaka University, Osaka, Japan.",Japan,2,0,1,0.5,0,0,0.08936586893106596,,"Therapeutic advances in hematology, Blood neoplasia",2022-2025,Asia-Pacific,0,27.3,26.0,25.6,44.2,26.0,74.1,34.7,Tier 3,False,False
1261,punatar_s,Sachin Punatar,"BMT Unit, Department of Medical Oncology, Tata Memorial Centre, ACTREC, Kharghar, Navi Mumbai, 410210 India.",India,2,0,2,1.0,0,0,0.03442315625728227,,"Indian journal of hematology & blood transfusion : an official journal of Indian Society of Hematology and Blood Transfusion, EJHaem",2025-2026,Asia-Pacific,0,27.3,26.0,55.1,44.2,26.0,29.7,34.7,Tier 3,False,False
1262,jindal_n,Nishant Jindal,"BMT Unit, Department of Medical Oncology, Tata Memorial Centre, ACTREC, Kharghar, Navi Mumbai, 410210 India.",India,2,0,2,1.0,0,0,0.03442315625728227,,"Indian journal of hematology & blood transfusion : an official journal of Indian Society of Hematology and Blood Transfusion, EJHaem",2025-2026,Asia-Pacific,0,27.3,26.0,55.1,44.2,26.0,29.7,34.7,Tier 3,False,False
1263,yatomi_y,Yutaka Yatomi,"Department of Clinical Laboratory, The University of Tokyo Hospital, Tokyo, Japan.",Japan,2,0,1,0.5,0,0,0.08806239465754749,"Epstein-Barr Virus Infections, Lymphohistiocytosis, Hemophagocytic, Herpesvirus 4, Human, Lenalidomide, Immunomodulating Agents, Lymphoproliferative Disorders","International journal of hematology, Journal of clinical and experimental hematopathology : JCEH",2023-2025,Asia-Pacific,0,27.3,26.0,25.6,44.2,26.0,73.6,34.7,Tier 3,False,False
1264,chichra_a,Akanksha Chichra,"BMT Unit, Department of Medical Oncology, Tata Memorial Centre, ACTREC, Kharghar, Navi Mumbai, 410210 India.",India,2,0,2,1.0,0,0,0.03442315625728227,,"Indian journal of hematology & blood transfusion : an official journal of Indian Society of Hematology and Blood Transfusion, EJHaem",2025-2026,Asia-Pacific,0,27.3,26.0,55.1,44.2,26.0,29.7,34.7,Tier 3,False,False
1265,nayak_l,Lingaraj Nayak,"BMT Unit, Department of Medical Oncology, Tata Memorial Centre, ACTREC, Kharghar, Navi Mumbai, 410210 India.",India,2,0,2,1.0,0,0,0.03442315625728227,,"Indian journal of hematology & blood transfusion : an official journal of Indian Society of Hematology and Blood Transfusion, EJHaem",2025-2026,Asia-Pacific,0,27.3,26.0,55.1,44.2,26.0,29.7,34.7,Tier 3,False,False
1266,tembhare_p,Prashant Tembhare,"Homi Bhabha National Institute (HBNI), Anushakti Nagar, Mumbai, India.",India,2,0,2,1.0,0,0,0.03442315625728227,,"Indian journal of hematology & blood transfusion : an official journal of Indian Society of Hematology and Blood Transfusion, EJHaem",2025-2026,Asia-Pacific,0,27.3,26.0,55.1,44.2,26.0,29.7,34.7,Tier 3,False,False
1267,rajpal_s,Sweta Rajpal,"Homi Bhabha National Institute (HBNI), Anushakti Nagar, Mumbai, India.",India,2,0,2,1.0,0,0,0.03442315625728227,,"Indian journal of hematology & blood transfusion : an official journal of Indian Society of Hematology and Blood Transfusion, EJHaem",2025-2026,Asia-Pacific,0,27.3,26.0,55.1,44.2,26.0,29.7,34.7,Tier 3,False,False
1268,chatterjee_g,Gaurav Chatterjee,"Homi Bhabha National Institute (HBNI), Anushakti Nagar, Mumbai, India.",India,2,0,2,1.0,0,0,0.03442315625728227,,"Indian journal of hematology & blood transfusion : an official journal of Indian Society of Hematology and Blood Transfusion, EJHaem",2025-2026,Asia-Pacific,0,27.3,26.0,55.1,44.2,26.0,29.7,34.7,Tier 3,False,False
1269,pawlyn_c,Charlotte Pawlyn,"The Institute of Cancer Research, London, UK.",Unknown,2,0,1,0.5,0,0,0.08840215701015164,"Lenalidomide, Vorinostat, Dexamethasone, Antineoplastic Agents, Physicians, Prospective Studies","British journal of haematology, Advances in therapy",2023-2024,Unknown,0,27.3,26.0,25.6,44.2,26.0,73.7,34.7,Tier 3,False,False
1270,viarsson_b,Brynjar Viðarsson,"Landspítali University Hospital, Reykjavík, Iceland.",Unknown,2,0,2,1.0,0,0,0.03430513885185806,"Flow Cytometry, Monoclonal Gammopathy of Undetermined Significance, Immunoglobulin Light Chains, Prognosis, Plasma Cells","Blood cancer journal, HemaSphere",2024-2024,Unknown,0,27.3,26.0,55.1,44.2,26.0,29.2,34.6,Tier 3,False,False
1271,sigurardottir_m,Margrét Sigurðardóttir,"Landspítali University Hospital, Reykjavík, Iceland.",Unknown,2,0,2,1.0,0,0,0.03430513885185806,"Flow Cytometry, Monoclonal Gammopathy of Undetermined Significance, Immunoglobulin Light Chains, Prognosis, Plasma Cells","Blood cancer journal, HemaSphere",2024-2024,Unknown,0,27.3,26.0,55.1,44.2,26.0,29.2,34.6,Tier 3,False,False
1272,wu_t,Tao Wu,"940 Hospital of Joint Logistics Support Force of Chinese People's Liberation Army, Lanzhou, China.",China,2,0,2,1.0,0,0,0.03414452852488124,"Tumor Microenvironment, Plasma Cells, Single-Cell Analysis, Exome Sequencing, Clinical Relevance","Archives of medical science : AMS, Proceedings of the National Academy of Sciences of the United States of America",2024-2026,Asia-Pacific,0,27.3,26.0,55.1,44.2,26.0,28.9,34.6,Tier 3,False,False
1273,orsteinsdottir_i,Ingunn Þorsteinsdóttir,"Landspítali University Hospital, Reykjavík, Iceland.",Unknown,2,0,2,1.0,0,0,0.03430513885185806,"Flow Cytometry, Monoclonal Gammopathy of Undetermined Significance, Immunoglobulin Light Chains, Prognosis, Plasma Cells","Blood cancer journal, HemaSphere",2024-2024,Unknown,0,27.3,26.0,55.1,44.2,26.0,29.2,34.6,Tier 3,False,False
1274,sanchezguijo_f,F Sanchez-Guijo,"IBSAL-Hospital Universitario de Salamanca, CIC, Universidad de Salamanca, Salamanca, Spain.",Spain,2,0,1,0.5,0,0,0.08665103544990849,"Accreditation, Bone Marrow, Hematology, Immunotherapy, Adoptive, Receptors, Antigen, T-Cell, Receptors, Chimeric Antigen","Annals of oncology : official journal of the European Society for Medical Oncology, HemaSphere",2022-2025,Europe,0,27.3,26.0,25.6,44.2,26.0,73.0,34.6,Tier 3,False,False
1275,mishra_s,Sourav Kumar Mishra,"Department of Medical Oncology, All India Institute of Medical Sciences, Bhubaneswar, Odisha, India.",India,2,0,2,1.0,0,0,0.03423469256565822,"Bone Marrow, Chromosome Deletion, Chromosome Disorders, Chromosomes, Human, Pair 13, Histocytochemistry, Inclusion Bodies","Indian journal of pathology & microbiology, Future oncology (London, England)",2024-2024,Asia-Pacific,0,27.3,26.0,55.1,44.2,26.0,29.0,34.6,Tier 3,False,False
1276,maheo_s,Sabrina Maheo,"Team Genomic and Immunology of Multiple Myeloma, Centre de Recherche en Cancérologie de Toulouse INSERM U1037-Paul Sabatier University-CNRS, Toulouse, France; Unit for Genomics in Myeloma, Institut Universitaire du Cancer de Toulouse Oncopole, University Hospital, Toulouse.",France,2,0,2,1.0,0,0,0.033730052194685924,,"Haematologica, Blood",2026-2026,Europe,0,27.3,26.0,55.1,44.2,26.0,28.6,34.6,Tier 3,False,False
1277,jang_m,Mi Jang,"Department of Biotechnology and Food Science, Faculty of Natural Sciences, NTNU Norwegian University of Science and Technology, NO-7491 Trondheim, Norway.",Norway,2,0,2,1.0,0,0,0.03417314108541995,"Animals, Killer Cells, Natural, Interleukin-15, B-Cell Maturation Antigen, Immunotherapy, Adoptive, Mice","Cancers, Cancer letters",2024-2026,Europe,0,27.3,26.0,55.1,44.2,26.0,28.9,34.6,Tier 3,False,False
1278,ghosh_s,Sourav Ghosh,"Department of Pharmacology, Yale University School of Medicine, New Haven, CT, USA.",USA,2,0,1,0.5,0,0,0.08385649781123958,"Mice, Animals, c-Mer Tyrosine Kinase, Receptor Protein-Tyrosine Kinases, Proto-Oncogene Proteins, Homeostasis","Nature communications, Clinical epidemiology",2022-2026,North America,0,27.3,26.0,25.6,44.2,26.0,71.6,34.5,Tier 3,False,False
1279,zayad_a,Anas Zayad,"Department of Internal Medicine, Hamad Medical Corporation, Doha 3050, Qatar.",Qatar,2,0,2,1.0,0,0,0.03200420315615292,"Retrospective Studies, Transplantation, Autologous","Current oncology (Toronto, Ont.)",2026-2026,Middle East / GCC,0,27.3,26.0,55.1,44.2,26.0,27.4,34.5,Tier 3,False,False
1280,yadav_a,Anil Yadav,"Homi Bhabha Cancer Hospital (HBCH), Varanasi, Uttar Pradesh India.",India,2,0,2,1.0,0,0,0.03293445218300154,,"Indian journal of hematology & blood transfusion : an official journal of Indian Society of Hematology and Blood Transfusion, South Asian journal of cancer",2025-2026,Asia-Pacific,0,27.3,26.0,55.1,44.2,26.0,28.1,34.5,Tier 3,False,False
1281,yuan_y,Yuxia Yuan,"School of Medicine, Nanjing University of Chinese Medicine, Nanjing, 210023, China.",China,2,0,2,1.0,0,0,0.03272925448808212,"Wnt Signaling Pathway, Animals, Mice, Dishevelled Proteins, Osteogenesis, Osteoclasts","Advanced science (Weinheim, Baden-Wurttemberg, Germany), Blood neoplasia",2025-2026,Asia-Pacific,0,27.3,26.0,55.1,44.2,26.0,27.7,34.5,Tier 3,False,False
1282,rajagopal_r,Rajeev Rajagopal,"Middlemore Hospital, Auckland, New Zealand.",New Zealand,2,0,2,1.0,0,0,0.03281613403247553,"Retrospective Studies, Registries, Australia, Immunotherapy, Adoptive, New Zealand, B-Cell Maturation Antigen","Internal medicine journal, Clinical lymphoma, myeloma & leukemia",2024-2026,Asia-Pacific,0,27.3,26.0,55.1,44.2,26.0,28.0,34.5,Tier 3,False,False
1283,stewart_a,A Keith Stewart,"Department of Medical Oncology and Hematology, Princess Margaret Cancer Centre, Toronto, ON, Canada.",Canada,2,0,2,1.0,0,0,0.03309365940518332,"Positron Emission Tomography Computed Tomography, Fluorodeoxyglucose F18, Prognosis, Retrospective Studies","Blood neoplasia, Clinical nuclear medicine",2025-2026,North America,0,27.3,26.0,55.1,44.2,26.0,28.2,34.5,Tier 3,False,False
1284,branagan_a,Andrew R Branagan,"Center for Multiple Myeloma, Massachusetts General Hospital Cancer Center, Harvard Medical School, Boston, MA, USA.",USA,2,0,2,1.0,0,0,0.03189587631969265,"Mutation, Prognosis, Tumor Suppressor Protein p53, Proto-Oncogene Proteins B-raf","Blood cancer journal, Leukemia",2024-2026,North America,0,27.3,26.0,55.1,44.2,26.0,27.1,34.4,Tier 3,False,False
1285,cirstea_d,Diana Cirstea,"Center for Multiple Myeloma, Massachusetts General Hospital Cancer Center, Harvard Medical School, Boston, MA, USA.",USA,2,0,2,1.0,0,0,0.03189587631969265,"Mutation, Prognosis, Tumor Suppressor Protein p53, Proto-Oncogene Proteins B-raf","Blood cancer journal, Leukemia",2024-2026,North America,0,27.3,26.0,55.1,44.2,26.0,27.1,34.4,Tier 3,False,False
1286,huang_b,B H Huang,"Department of Hematology, The First Affiliated Hospital, Sun Yat-sen University, Guangzhou, Guangdong 510080, China.",China,3,0,0,0.0,0,0,0.01634984643913442,"Hematopoietic Stem Cell Transplantation, Retrospective Studies, Transplantation, Autologous, Induction Chemotherapy, Liposomes, Disease-Free Survival","Zhonghua xue ye xue za zhi = Zhonghua xueyexue zazhi, Frontiers in oncology, Annals of medicine",2022-2023,Asia-Pacific,0,64.2,26.0,6.4,44.2,26.0,7.3,34.4,Tier 3,False,False
1287,redd_r,Robert A Redd,"Department of Data Science, Dana-Farber Cancer Institute, Boston, MA, USA.",USA,2,0,1,0.5,0,0,0.08252153457901479,"Ad26COVS1, Antibodies, Viral, Asymptomatic Diseases, BNT162 Vaccine, COVID-19, COVID-19 Vaccines","Cancer cell, Haematologica",2022-2026,North America,0,27.3,26.0,25.6,44.2,26.0,70.9,34.4,Tier 3,False,False
1288,madduri_d,Deepu Madduri,"Department of Medicine, Hematology and Medical Oncology, Icahn School of Medicine at Mount Sinai, New York, NY, USA.",USA,2,0,1,0.5,0,0,0.08012330214776027,"B-Cell Maturation Antigen, Immunotherapy, Adoptive, Movement Disorders, Parkinsonian Disorders, Receptors, Chimeric Antigen","Nature medicine, Clinical lymphoma, myeloma & leukemia",2021-2026,North America,0,27.3,26.0,25.6,44.2,26.0,70.0,34.3,Tier 3,False,False
1289,liu_g,G Liu,"Department of Radiology, China-Japan Union Hospital of Jilin University, Changchun, 130000, China. Electronic address: gfliu@jlu.edu.cn.",China,2,0,2,1.0,0,0,0.03148378845815231,"Nomograms, Magnetic Resonance Imaging, Retrospective Studies, Chromosome Aberrations, Predictive Value of Tests, Sensitivity and Specificity","Clinical radiology, Frontiers in immunology",2024-2025,Asia-Pacific,0,27.3,26.0,55.1,44.2,26.0,26.3,34.3,Tier 3,False,False
1290,seckinger_a,Anja Seckinger,"Institut Universitaire de France (IUF), Paris, France.",France,2,0,1,0.5,0,0,0.07907526877895335,"RecQ Helicases, Melphalan, DNA Repair, Drug Resistance, Bortezomib, Animals","Frontiers in immunology, Journal of hematology & oncology",2022-2024,Europe,0,27.3,26.0,25.6,44.2,26.0,69.3,34.2,Tier 3,False,False
1291,li_g,Guang-Xi Li,"Department of Hematology, Yijishan Hospital, Wannan Medical College, Wuhu 241001, Anhui Province, China.",China,2,0,2,1.0,0,0,0.029996832157291767,"Melphalan, Hematopoietic Stem Cell Transplantation, Transplantation, Autologous, Retrospective Studies, Prognosis, Antibodies, Bispecific","Zhongguo shi yan xue ye xue za zhi, Frontiers in immunology",2024-2026,Asia-Pacific,0,27.3,26.0,55.1,44.2,26.0,24.7,34.2,Tier 3,False,False
1292,zheng_r,Rong Zheng,"Key Laboratory of Laboratory Medicine, Ministry of Education, School of Laboratory Medicine and Life Science, Wenzhou Medical University, Wenzhou, China.",China,2,0,2,1.0,0,0,0.03046400798080548,"B-Cell Maturation Antigen, Immunotherapy, Adoptive, Receptors, Chimeric Antigen, Animals, Mice, Interleukin-7","Frontiers in immunology, Cell transplantation",2024-2026,Asia-Pacific,0,27.3,26.0,55.1,44.2,26.0,25.3,34.2,Tier 3,False,False
1293,belotti_a,Angelo Belotti,"UO Ematologia, ASST Spedali Civili di Brescia, Brescia, Italy.",Italy,2,0,1,0.5,0,0,0.07762827708224397,"Lenalidomide, Neoplasm, Residual, Dexamethasone, Hematopoietic Stem Cell Transplantation, Cyclophosphamide, Cytogenetic Analysis","The Lancet. Oncology, Advances in radiation oncology",2023-2025,Europe,0,27.3,26.0,25.6,44.2,26.0,68.8,34.2,Tier 3,False,False
1294,faiman_b,Beth Faiman,"Cleveland Clinic Cleveland, OH United States.",USA,2,0,2,1.0,0,0,0.02899500503964648,,"Cancer research communications, Cancers",2026-2026,North America,0,27.3,26.0,55.1,44.2,26.0,23.8,34.1,Tier 3,False,False
1295,basali_d,Diana Basali,"Cleveland Clinic Cleveland, Ohio United States.",USA,2,0,2,1.0,0,0,0.02899500503964648,,"Cancer research communications, Cancers",2026-2026,North America,0,27.3,26.0,55.1,44.2,26.0,23.8,34.1,Tier 3,False,False
1296,cao_q,Qinghua Cao,"Department of Pathology, First Affiliated Hospital of Sun Yat-sen University.",Unknown,2,0,2,1.0,0,0,0.028678740471574544,"Adolescent, Young Adult, Plasmacytoma, Herpesvirus 4, Human, Epstein-Barr Virus Infections, Retrospective Studies","The American journal of surgical pathology, Frontiers of medicine",2024-2025,Unknown,0,27.3,26.0,55.1,44.2,26.0,23.6,34.1,Tier 3,False,False
1297,qiu_h,Huiying Qiu,"Department of Hematology, Shanghai General Hospital, School of Medicine, Shanghai Jiao Tong University, Shanghai, China.",China,2,0,2,1.0,0,0,0.029714842386662544,"Vancomycin, Flushing, Anti-Bacterial Agents, Administration, Oral, Syndrome","Medicine, Cancers",2024-2025,Asia-Pacific,0,27.3,26.0,55.1,44.2,26.0,24.1,34.1,Tier 3,False,False
1298,rossini_b,Bernardo Rossini,"Hematology and Cell Therapy Unit, IRCCS Istituto Tumori ""Giovanni Paolo II"", Bari, Italy.",Italy,2,0,2,1.0,0,0,0.028434597947030956,"Italy, Prevalence, Lenalidomide, Drug Resistance, Neoplasm, Neoplasm, Residual, Clinical Trials as Topic","Clinical lymphoma, myeloma & leukemia",2025-2026,Europe,0,27.3,26.0,55.1,44.2,26.0,23.3,34.0,Tier 3,False,False
1299,pereira_m,Marcelo S F Pereira,"Center for Childhood Cancer, Abigail Wexner Research Institute at Nationwide Children's Hospital, Columbus, OH.",Unknown,2,0,2,1.0,0,0,0.028410037950307537,"Galectins, Prognosis, Kidney, Biomarkers, Tumor","Blood neoplasia, International journal of molecular sciences",2024-2024,Unknown,0,27.3,26.0,55.1,44.2,26.0,23.3,34.0,Tier 3,False,False
1300,gaidano_g,Gianluca Gaidano,"Division of Hematology, Department of Translational Medicine, Università del Piemonte Orientale, Novara, Italy.",Italy,2,0,1,0.5,0,0,0.07319666841662159,"Inducible T-Cell Co-Stimulator Ligand, Inducible T-Cell Co-Stimulator Protein, Ligands, T-Lymphocytes, Tumor Microenvironment","British journal of haematology, JCO oncology practice",2022-2026,Europe,0,27.3,26.0,25.6,44.2,26.0,66.4,33.9,Tier 3,False,False
1301,herrera_j,Juan Manuel Herrera,"Clínica imbanaco Quiron Salud, Cali-Colombia.",Colombia,2,0,1,0.5,0,0,0.07209712509499869,"Bortezomib, Colombia, Hematopoietic Stem Cell Transplantation, Prospective Studies, Registries, Retrospective Studies","Clinical lymphoma, myeloma & leukemia, Cureus",2022-2024,Latin America,0,27.3,26.0,25.6,44.2,26.0,65.6,33.9,Tier 3,False,False
1302,guo_m,Mengjie Guo,"School of Medicine, Nanjing University of Chinese Medicine, Nanjing, 210023, China.",China,2,0,2,1.0,0,0,0.02820683207714583,"Wnt Signaling Pathway, Animals, Mice, Dishevelled Proteins, Osteogenesis, Osteoclasts","Advanced science (Weinheim, Baden-Wurttemberg, Germany)",2025-2026,Asia-Pacific,0,27.3,26.0,55.1,44.2,26.0,22.3,33.9,Tier 3,False,False
1303,tang_x,Xinyu Tang,The First Clinical Medical College Shandong University of Traditional Chinese Medicine Jinan China.,China,2,0,2,1.0,0,0,0.02690846094963658,,"EJHaem, Radiography (London, England : 1995)",2025-2026,Asia-Pacific,0,27.3,26.0,55.1,44.2,26.0,21.5,33.9,Tier 3,False,False
1304,mccomb_s,Scott McComb,"Human Health Therapeutics Research Center, National Research Council, Ottawa, Ontario, Canada.",Canada,2,0,2,1.0,0,0,0.027538252989812193,"Animals, Immunotherapy, Adoptive, Killer Cells, Natural, Receptors, Chimeric Antigen, Xenograft Model Antitumor Assays, Mice","Cytotherapy, Cancer letters",2025-2026,North America,0,27.3,26.0,55.1,44.2,26.0,22.1,33.9,Tier 3,False,False
1305,hua_l,Lei Hua,"The First Affiliated Hospital of Jinan University, Guangzhou, Guangdong, China.",China,2,0,2,1.0,0,0,0.026804727949873115,,"Cell death discovery, Frontiers in oncology",2024-2026,Asia-Pacific,0,27.3,26.0,55.1,44.2,26.0,21.0,33.8,Tier 3,False,False
1306,yang_f,Feifei Yang,"Department of Hematology, Nanjing First Hospital, Nanjing Medical University, Nanjing 210006, China.",China,2,0,2,1.0,0,0,0.02680598864750315,"Leukemia, Myeloid, Acute, Syndrome","Cancer genetics, Translational cancer research",2024-2024,Asia-Pacific,0,27.3,26.0,55.1,44.2,26.0,21.1,33.8,Tier 3,False,False
1307,hou_m,Mingzhuang Hou,"Department of Orthopaedics, The First Affiliated Hospital of Soochow University, Soochow University, Suzhou 215006, China.",China,2,0,1,0.5,0,0,0.06884881202644619,"Animals, Antineoplastic Agents, Bone Diseases, Metabolic, Bortezomib, Mice, Osteoporosis","Oxidative medicine and cellular longevity, Annals of hematology",2021-2024,Asia-Pacific,0,27.3,26.0,25.6,44.2,26.0,63.8,33.7,Tier 3,False,False
1308,schroeder_m,Malte Schroeder,"University Medical Center Hamburg-Eppendorf, Hamburg, Germany.",Germany,2,0,2,1.0,0,0,0.02581837175770697,"Pilot Projects, Prospective Studies, Continuity of Patient Care, Patient Transfer, Paraproteinemias","European spine journal : official publication of the European Spine Society, the European Spinal Deformity Society, and the European Section of the Cervical Spine Research Society, Cancer control : journal of the Moffitt Cancer Center",2025-2026,Europe,0,27.3,26.0,55.1,44.2,26.0,20.1,33.7,Tier 3,False,False
1309,wong_t,T S Wong,"Department of Pathology, Pamela Youde Nethersole Eastern Hospital, Hong Kong.",Hong Kong,2,0,1,0.5,0,0,0.06916939591130525,"Breast, Positron-Emission Tomography, Breast Neoplasms, Fluorodeoxyglucose F18, Mammography, Radiopharmaceuticals","Hong Kong medical journal = Xianggang yi xue za zhi, Leukemia research",2022-2026,Asia-Pacific,0,27.3,26.0,25.6,44.2,26.0,64.0,33.7,Tier 3,False,False
1310,kaynar_l,L A Kaynar,"Department of Hematology, Ankara Etlik City Hospital, Ankara, Turkey.",Turkey,2,0,2,1.0,0,0,0.026148962431890323,"Hematopoietic Stem Cell Transplantation, Retrospective Studies, Transplantation, Homologous, Recurrence, Neoplasm Recurrence, Local","Nigerian journal of clinical practice, Indian journal of hematology & blood transfusion : an official journal of Indian Society of Hematology and Blood Transfusion",2024-2025,Middle East / GCC,0,27.3,26.0,55.1,44.2,26.0,20.2,33.7,Tier 3,False,False
1311,jayasinghe_r,Reyka G Jayasinghe,"Washington University School of Medicine, Saint Louis, Missouri.",USA,2,0,1,0.5,0,0,0.06870862727097544,"Transcriptome, CD8-Positive T-Lymphocytes, Pilot Projects, Single-Cell Gene Expression Analysis, Tumor Microenvironment","Cancer research communications, iScience",2022-2025,North America,0,27.3,26.0,25.6,44.2,26.0,63.6,33.7,Tier 3,False,False
1312,wendl_m,Michael C Wendl,"Washington University School of Medicine, Saint Louis, Missouri.",USA,2,0,1,0.5,0,0,0.06870862727097544,"Transcriptome, CD8-Positive T-Lymphocytes, Pilot Projects, Single-Cell Gene Expression Analysis, Tumor Microenvironment","Cancer research communications, iScience",2022-2025,North America,0,27.3,26.0,25.6,44.2,26.0,63.6,33.7,Tier 3,False,False
1313,chen_k,Kexia Chen,"Department of Oncology, Changde Hospital, Xiangya School of Medicine, Central South University (First People's Hospital of Changde City), Changde, China.",China,2,0,2,1.0,0,0,0.025444636135095986,"ADP-ribosyl Cyclase 1, Randomized Controlled Trials as Topic, Antibodies, Monoclonal, Neoplasm, Residual, Membrane Glycoproteins","Frontiers in immunology, Frontiers in oncology",2025-2025,Asia-Pacific,0,27.3,26.0,55.1,44.2,26.0,19.7,33.7,Tier 3,False,False
1314,lu_q,Qiuchen Lu,"Department of Ultrasound, Mianyang Central Hospital, Mianyang, China.",China,2,0,1,0.5,0,0,0.06741608431790766,"Dexamethasone, Neoplasm Recurrence, Local, Thalidomide","Frontiers in cardiovascular medicine, Annals of hematology",2021-2024,Asia-Pacific,0,27.3,26.0,25.6,44.2,26.0,63.0,33.6,Tier 3,False,False
1315,popescu_m,Monica Popescu,"Clinical Department I, Hematology, Fundeni Clinical Institute, 022328 Bucharest, Romania.",Romania,2,0,2,1.0,0,0,0.025233162045783998,,"Cancers, Journal of clinical medicine",2025-2026,Europe,0,27.3,26.0,55.1,44.2,26.0,18.9,33.6,Tier 3,False,False
1316,alonso_a,Aránzazu Alonso,"Hospital Ruber Juan Bravo, Madrid, Spain.",Spain,2,0,1,0.5,0,0,0.06722640286396821,"Recurrence, Immunotherapy, Adoptive, B-Cell Maturation Antigen, T-Lymphocytes, Receptors, Chimeric Antigen","Oncology and therapy, Science translational medicine",2023-2026,Europe,0,27.3,26.0,25.6,44.2,26.0,62.9,33.6,Tier 3,False,False
1317,kawak_k,Krzysztof Kałwak,"Clinical Department of Paediatric Bone Marrow Transplantation, Oncology and Haematology, Faculty of Medicine, Wroclaw Medical University, 50-368 Wroclaw, Poland.",Poland,2,0,2,1.0,0,0,0.02529592758580973,,"Cancers, Bone marrow transplantation",2024-2026,Europe,0,27.3,26.0,55.1,44.2,26.0,19.2,33.6,Tier 3,False,False
1318,qian_y,Yi Qian,"No.3 Clinical Medical College, Nanjing University of Chinese Medicine, Nanjing, Jiangsu 210023, China. Electronic address: 925780603@qq.com.",China,2,0,2,1.0,0,0,0.02528616938733559,"Animals, Mice, Cardiotoxicity, Electroacupuncture, Heart, Oligopeptides","Gene, Frontiers in endocrinology",2024-2025,Asia-Pacific,0,27.3,26.0,55.1,44.2,26.0,19.1,33.6,Tier 3,False,False
1319,granger_k,Katelynn Granger,"Medical University of South Carolina College of Pharmacy, Charleston, SC 29425, USA.",USA,2,0,1,0.5,0,0,0.06774410755002498,,"Journal of hematology, European journal of haematology",2023-2026,North America,0,27.3,26.0,25.6,44.2,26.0,63.1,33.6,Tier 3,False,False
1320,brioli_a,Annamaria Brioli,"Clinic of Internal Medicine C, Hematology and Oncology, Stem Cell Transplantation and Palliative Care, Greifswald University Medicine, Greifswald, Germany.",Germany,2,0,1,0.5,0,0,0.06712577112443759,,"Frontiers in digital health, Blood cancer journal",2023-2026,Europe,0,27.3,26.0,25.6,44.2,26.0,62.6,33.6,Tier 3,False,False
1321,yan_j,Jinhua Yan,"Department of Cell Biology, School of Life Sciences, Central South University, Changsha, Hunan, 410013, China.",China,2,0,2,1.0,0,0,0.025350396018420197,,"Heliyon, Frontiers in oncology",2024-2025,Asia-Pacific,0,27.3,26.0,55.1,44.2,26.0,19.3,33.6,Tier 3,False,False
1322,medeiros_l,L Jeffrey Medeiros,"Molecular Diagnostics Laboratory, Department of Hematopathology, Division of Pathology and Laboratory Medicine, The University of Texas MD Anderson Cancer Center, Houston, TX, USA.",USA,2,0,2,1.0,0,0,0.023988175393865604,"Prognosis, Lymphoma, Lymphoma, B-Cell, Mutation, Flow Cytometry, Immunophenotyping","Pathology, Modern pathology : an official journal of the United States and Canadian Academy of Pathology, Inc",2024-2026,North America,0,27.3,26.0,55.1,44.2,26.0,17.4,33.5,Tier 3,False,False
1323,pozzi_e,Eleonora Pozzi,"Experimental Neurology Unit and Milan Center for Neuroscience, School of Medicine and Surgery, University of Milano-Bicocca, Monza, Italy.",Italy,2,0,1,0.5,0,0,0.06492186130593307,,"Frontiers in pharmacology, British journal of pharmacology",2021-2026,Europe,0,27.3,26.0,25.6,44.2,26.0,61.3,33.4,Tier 3,False,False
1324,alberti_p,Paola Alberti,"Experimental Neurology Unit and Milan Center for Neuroscience, School of Medicine and Surgery, University of Milano-Bicocca, Monza, Italy.",Italy,2,0,1,0.5,0,0,0.06492186130593307,,"Frontiers in pharmacology, British journal of pharmacology",2021-2026,Europe,0,27.3,26.0,25.6,44.2,26.0,61.3,33.4,Tier 3,False,False
1325,meyer_c,Christa L Meyer,"Center for International Blood and Marrow Transplant Research, National Marrow Donor Program/Be The Match, Minneapolis, MN.",Unknown,2,0,2,1.0,0,0,0.02381224806058718,"United States, Medicare, Insurance, Health, Transplantation, Autologous, Hematopoietic Stem Cell Transplantation, Leukemia, Myeloid, Acute","Clinical lymphoma, myeloma & leukemia, PloS one",2024-2024,Unknown,0,27.3,26.0,55.1,44.2,26.0,17.1,33.4,Tier 3,False,False
1326,cavaletti_g,Guido Cavaletti,"Experimental Neurology Unit and Milan Center for Neuroscience, School of Medicine and Surgery, University of Milano-Bicocca, Monza, Italy.",Italy,2,0,1,0.5,0,0,0.06492186130593307,,"Frontiers in pharmacology, British journal of pharmacology",2021-2026,Europe,0,27.3,26.0,25.6,44.2,26.0,61.3,33.4,Tier 3,False,False
1327,canta_a,Annalisa Canta,"Experimental Neurology Unit and Milan Center for Neuroscience, School of Medicine and Surgery, University of Milano-Bicocca, Monza, Italy.",Italy,2,0,1,0.5,0,0,0.06492186130593307,,"Frontiers in pharmacology, British journal of pharmacology",2021-2026,Europe,0,27.3,26.0,25.6,44.2,26.0,61.3,33.4,Tier 3,False,False
1328,chiorazzi_a,Alessia Chiorazzi,"Experimental Neurology Unit and Milan Center for Neuroscience, School of Medicine and Surgery, University of Milano-Bicocca, Monza, Italy.",Italy,2,0,1,0.5,0,0,0.06492186130593307,,"Frontiers in pharmacology, British journal of pharmacology",2021-2026,Europe,0,27.3,26.0,25.6,44.2,26.0,61.3,33.4,Tier 3,False,False
1329,nishida_t,Tetsuya Nishida,"Department of Dentistry and Maxillo-facial Surgery, Kobe City Medical Center West Hospital, Kobe, Hyogo, Japan.",Japan,2,0,1,0.5,0,0,0.06262160932783567,"Graft vs Host Disease, Retrospective Studies, Transplantation, Homologous, Neoplasm Recurrence, Local, Risk Factors, Hematopoietic Stem Cell Transplantation","Journal of dental sciences, Bone marrow transplantation",2023-2024,Asia-Pacific,0,27.3,26.0,25.6,44.2,26.0,60.2,33.3,Tier 3,False,False
1330,lightbody_e,Elizabeth D Lightbody,"Department of Medical Oncology, Dana-Farber Cancer Institute, Boston, MA, USA; Broad Institute of Massachusetts Institute of Technology (MIT) and Harvard, Cambridge, MA, USA.",USA,2,0,1,0.5,0,0,0.06286766835201223,"Ad26COVS1, Antibodies, Viral, Asymptomatic Diseases, BNT162 Vaccine, COVID-19, COVID-19 Vaccines","Cancer cell, Nature chemical biology",2022-2026,North America,0,27.3,26.0,25.6,44.2,26.0,60.3,33.3,Tier 3,False,False
1331,schoen_m,Martin W Schoen,"Research Service, St. Louis Veterans Affairs Medical Center, St. Louis, MO.",Unknown,2,0,2,1.0,0,0,0.022849156974874663,"Electronic Health Records, United States, United States Department of Veterans Affairs, Natural Language Processing, International Classification of Diseases, Machine Learning","AMIA ... Annual Symposium proceedings. AMIA Symposium, Journal of clinical & experimental oncology",2024-2025,Unknown,0,27.3,26.0,55.1,44.2,26.0,16.3,33.3,Tier 3,False,False
1332,jardan_c,Cerasela Jardan,"Clinical Department I, Hematology, Fundeni Clinical Institute, 022328 Bucharest, Romania.",Romania,2,0,2,1.0,0,0,0.02226923568025086,"Romania, Risk, Recurrence, Tumor Suppressor Protein p53, In Situ Hybridization, Chromosome Deletion","Cancers, International journal of molecular sciences",2025-2026,Europe,0,27.3,26.0,55.1,44.2,26.0,15.1,33.2,Tier 3,False,False
1333,jiang_z,Zhongxing Jiang,"The First Afliated Hospital of Zhengzhou University, Department of Hematology, Zhengzhou, 450052, Henan, China.",China,2,0,1,0.5,0,0,0.06150318801319734,"Lymphoma, Hematopoietic Stem Cell Transplantation, Transplantation, Autologous, China, Oligopeptides, Tandem Mass Spectrometry","Bone marrow transplantation, Journal of visualized experiments : JoVE",2023-2026,Asia-Pacific,0,27.3,26.0,25.6,44.2,26.0,59.4,33.2,Tier 3,False,False
1334,kim_y,Y K Kim,"GNKbio Inc., Heungdeok-gu, Cheongju-si, Chungbuk 28365, Republic of Korea.",South Korea,2,0,2,1.0,0,0,0.02176329877994609,"Dexamethasone, Rad51 Recombinase, Animals, Lenalidomide, Drug Resistance, Neoplasm, Cell Line, Tumor","Journal of physiology and pharmacology : an official journal of the Polish Physiological Society, The American journal of gastroenterology",2024-2025,Asia-Pacific,0,27.3,26.0,55.1,44.2,26.0,14.5,33.2,Tier 3,False,False
1335,popa_c,Codruta Delia Popa,"Clinical Department I, Hematology, Fundeni Clinical Institute, 022328 Bucharest, Romania.",Romania,2,0,2,1.0,0,0,0.02226923568025086,"Romania, Risk, Recurrence, Tumor Suppressor Protein p53, In Situ Hybridization, Chromosome Deletion","Cancers, International journal of molecular sciences",2025-2026,Europe,0,27.3,26.0,55.1,44.2,26.0,15.1,33.2,Tier 3,False,False
1336,banerjee_a,Arnob Banerjee,Janssen R&D Raritan New Jersey USA.,USA,2,0,1,0.5,0,0,0.060506729951204076,,"EJHaem, Haematologica",2022-2026,North America,0,27.3,26.0,25.6,44.2,26.0,58.6,33.2,Tier 3,False,False
1337,pascal_v,Virginie Pascal,"Department of Immunology and Immunogenetics, Centre Hospitalier Universitaire de Limoges, Limoges, France.",France,2,0,1,0.5,0,0,0.05949393232295477,"Kidney Diseases, Glomerulosclerosis, Focal Segmental, Fanconi Syndrome, Paraffin, Kidney, Renal Insufficiency","Kidney international, American journal of transplantation : official journal of the American Society of Transplantation and the American Society of Transplant Surgeons",2023-2026,Europe,0,27.3,26.0,25.6,44.2,26.0,57.6,33.1,Tier 3,False,False
1338,javaugue_v,Vincent Javaugue,"Nephrology and Hypertension, Department of Medicine, Mayo Clinic, Rochester, Minnesota, USA; Department of Nephrology, Centre Hospitalier Universitaire, Université de Poitiers, Poitiers, France.",France,2,0,1,0.5,0,0,0.05949393232295477,"Kidney Diseases, Glomerulosclerosis, Focal Segmental, Fanconi Syndrome, Paraffin, Kidney, Renal Insufficiency","Kidney international, American journal of transplantation : official journal of the American Society of Transplantation and the American Society of Transplant Surgeons",2023-2026,Europe,0,27.3,26.0,25.6,44.2,26.0,57.6,33.1,Tier 3,False,False
1339,mersi_j,Julia Mersi,"Department of Internal Medicine II, University Hospital of Würzburg, Würzburg, Germany.",Germany,2,0,1,0.5,0,0,0.05998786164225783,"Immunotherapy, T-Lymphocytes, Antibodies, Monoclonal, Receptors, Death Domain, Fas-Associated Death Domain Protein, Pneumonia, Pneumocystis","Communications biology, Annals of hematology",2023-2024,Europe,0,27.3,26.0,25.6,44.2,26.0,58.0,33.1,Tier 3,False,False
1340,sanchezpina_j,J M Sanchez-Pina,"Hematology Department, Hospital 12 de Octubre, Complutense University, CNIO, Madrid, Spain.",Spain,2,0,1,0.5,0,0,0.05949689403387497,"COVID-19, Global Health, SARS-CoV-2","Blood cancer journal, British journal of haematology",2021-2026,Europe,0,27.3,26.0,25.6,44.2,26.0,57.7,33.1,Tier 3,False,False
1341,tariman_j,Joseph D Tariman,"Rutgers University-Camden, School of Nursing, Camden, NJ. Electronic address: joseph.tariman@rutgers.edu.",Unknown,2,0,2,1.0,0,0,0.020954952495681602,"Quality of Life, Reproducibility of Results, Surveys and Questionnaires, Factor Analysis, Statistical","Clinical lymphoma, myeloma & leukemia, Journal of the advanced practitioner in oncology",2024-2024,Unknown,0,27.3,26.0,55.1,44.2,26.0,13.8,33.1,Tier 3,False,False
1342,nishiwaki_k,Kaichi Nishiwaki,"Division of Clinical Oncology/Hematology, Department of Internal Medicine, The Jikei University School of Medicine, 3-25-8 Nishi-Shimbashi, Minato-ku, Tokyo, 105-0003, Japan.",Japan,2,0,2,1.0,0,0,0.020772055291755378,"Hematopoietic Stem Cell Transplantation, Retrospective Studies, Transplantation, Autologous, Neoplasm, Residual","International journal of hematology, International journal of clinical oncology",2024-2026,Asia-Pacific,0,27.3,26.0,55.1,44.2,26.0,12.6,33.0,Tier 3,False,False
1343,momoki_m,Mamiko Momoki,"Division of Clinical Oncology/Hematology, Department of Internal Medicine, The Jikei University School of Medicine, 3-25-8 Nishi-Shimbashi, Minato-ku, Tokyo, 105-0003, Japan.",Japan,2,0,2,1.0,0,0,0.020772055291755378,"Hematopoietic Stem Cell Transplantation, Retrospective Studies, Transplantation, Autologous, Neoplasm, Residual","International journal of hematology, International journal of clinical oncology",2024-2026,Asia-Pacific,0,27.3,26.0,55.1,44.2,26.0,12.6,33.0,Tier 3,False,False
1344,peng_h,Hongling Peng,"Second Xiangya Hospital, Central South University, Department of Hemlatology, Changsha, 410011, Hunan, China.",China,2,0,1,0.5,0,0,0.059404499299538636,"Lymphoma, Hematopoietic Stem Cell Transplantation, Transplantation, Autologous, China, Interferon Regulatory Factors, B-Lymphocytes","Bone marrow transplantation, Pathology",2023-2026,Asia-Pacific,0,27.3,26.0,25.6,44.2,26.0,57.5,33.0,Tier 3,False,False
1345,shen_l,Lijing Shen,"Renji Hospital, Shanghai Jiao Tong University School of Medicine, Departments of Hematology, Shanghai, 200136, Shanghai, China.",China,2,0,1,0.5,0,0,0.058771352984334585,"Lymphoma, Hematopoietic Stem Cell Transplantation, Transplantation, Autologous, China","Bone marrow transplantation, Nutrition (Burbank, Los Angeles County, Calif.)",2023-2026,Asia-Pacific,0,27.3,26.0,25.6,44.2,26.0,56.8,33.0,Tier 3,False,False
1346,ursuleac_i,Iulia Ursuleac,"Clinical Department I, Hematology, Fundeni Clinical Institute, 022328 Bucharest, Romania.",Romania,2,0,2,1.0,0,0,0.020777442536145482,"Romania, Risk, Recurrence, Tumor Suppressor Protein p53, In Situ Hybridization, Chromosome Deletion","International journal of molecular sciences, Journal of clinical medicine",2026-2026,Europe,0,27.3,26.0,55.1,44.2,26.0,12.9,33.0,Tier 3,False,False
1347,gunji_t,Tadahiro Gunji,"Division of Clinical Oncology/Hematology, Department of Internal Medicine, The Jikei University School of Medicine, 3-25-8 Nishi-Shimbashi, Minato-ku, Tokyo, 105-0003, Japan.",Japan,2,0,2,1.0,0,0,0.020772055291755378,"Hematopoietic Stem Cell Transplantation, Retrospective Studies, Transplantation, Autologous, Neoplasm, Residual","International journal of hematology, International journal of clinical oncology",2024-2026,Asia-Pacific,0,27.3,26.0,55.1,44.2,26.0,12.6,33.0,Tier 3,False,False
1348,hudecek_m,M Hudecek,"Medizinische Klinik und Poliklinik II, Universitätsklinikum Würzburg, Würzburg, Germany.",Germany,2,0,0,0.0,0,0,0.13246872912586224,"Accreditation, Bone Marrow, Hematology, Immunotherapy, Adoptive, Receptors, Antigen, T-Cell, Receptors, Chimeric Antigen","Annals of oncology : official journal of the European Society for Medical Oncology, Communications biology",2022-2023,Europe,0,27.3,26.0,6.4,44.2,26.0,86.2,33.0,Tier 3,False,False
1349,kawashima_m,Masaharu Kawashima,"Division of Clinical Oncology/Hematology, Department of Internal Medicine, The Jikei University School of Medicine, 3-25-8 Nishi-Shimbashi, Minato-ku, Tokyo, 105-0003, Japan.",Japan,2,0,2,1.0,0,0,0.020772055291755378,"Hematopoietic Stem Cell Transplantation, Retrospective Studies, Transplantation, Autologous, Neoplasm, Residual","International journal of hematology, International journal of clinical oncology",2024-2026,Asia-Pacific,0,27.3,26.0,55.1,44.2,26.0,12.6,33.0,Tier 3,False,False
1350,nagao_r,Riku Nagao,"Division of Clinical Oncology/Hematology, Department of Internal Medicine, The Jikei University School of Medicine, 3-25-8 Nishi-Shimbashi, Minato-ku, Tokyo, 105-0003, Japan.",Japan,2,0,2,1.0,0,0,0.020772055291755378,"Hematopoietic Stem Cell Transplantation, Retrospective Studies, Transplantation, Autologous, Neoplasm, Residual","International journal of hematology, International journal of clinical oncology",2024-2026,Asia-Pacific,0,27.3,26.0,55.1,44.2,26.0,12.6,33.0,Tier 3,False,False
1351,uryu_h,Hideki Uryu,"Division of Clinical Oncology/Hematology, Department of Internal Medicine, The Jikei University School of Medicine, 3-25-8 Nishi-Shimbashi, Minato-ku, Tokyo, 105-0003, Japan.",Japan,2,0,2,1.0,0,0,0.020772055291755378,"Hematopoietic Stem Cell Transplantation, Retrospective Studies, Transplantation, Autologous, Neoplasm, Residual","International journal of hematology, International journal of clinical oncology",2024-2026,Asia-Pacific,0,27.3,26.0,55.1,44.2,26.0,12.6,33.0,Tier 3,False,False
1352,alsdorf_w,Winfried Alsdorf,"Department of Oncology, Hematology and Bone Marrow Transplantation with Division of Pneumology, University Medical Center Eppendorf, Hamburg, Germany.",Germany,2,0,1,0.5,0,0,0.05877211690696024,"Receptors, Chimeric Antigen, Artificial Intelligence, Hematologic Neoplasms, Leukemia, Lymphocytic, Chronic, B-Cell, Leukemia, Myeloid, Acute, Lymphoma, Large B-Cell, Diffuse","Frontiers in immunology, Journal of hematology & oncology",2023-2026,Europe,0,27.3,26.0,25.6,44.2,26.0,56.9,33.0,Tier 3,False,False
1353,yokoyama_h,Hiroki Yokoyama,"Division of Clinical Oncology/Hematology, Department of Internal Medicine, The Jikei University School of Medicine, 3-25-8 Nishi-Shimbashi, Minato-ku, Tokyo, 105-0003, Japan.",Japan,2,0,2,1.0,0,0,0.020772055291755378,"Hematopoietic Stem Cell Transplantation, Retrospective Studies, Transplantation, Autologous, Neoplasm, Residual","International journal of hematology, International journal of clinical oncology",2024-2026,Asia-Pacific,0,27.3,26.0,55.1,44.2,26.0,12.6,33.0,Tier 3,False,False
1354,saito_t,Takeshi Saito,"Division of Clinical Oncology/Hematology, Department of Internal Medicine, The Jikei University School of Medicine, 3-25-8 Nishi-Shimbashi, Minato-ku, Tokyo, 105-0003, Japan.",Japan,2,0,2,1.0,0,0,0.020772055291755378,"Hematopoietic Stem Cell Transplantation, Retrospective Studies, Transplantation, Autologous, Neoplasm, Residual","International journal of hematology, International journal of clinical oncology",2024-2026,Asia-Pacific,0,27.3,26.0,55.1,44.2,26.0,12.6,33.0,Tier 3,False,False
1355,ishii_h,Hiroto Ishii,"Division of Clinical Oncology/Hematology, Department of Internal Medicine, The Jikei University School of Medicine, 3-25-8 Nishi-Shimbashi, Minato-ku, Tokyo, 105-0003, Japan.",Japan,2,0,2,1.0,0,0,0.020772055291755378,"Hematopoietic Stem Cell Transplantation, Retrospective Studies, Transplantation, Autologous, Neoplasm, Residual","International journal of hematology, International journal of clinical oncology",2024-2026,Asia-Pacific,0,27.3,26.0,55.1,44.2,26.0,12.6,33.0,Tier 3,False,False
1356,loh_h,Han Ping Loh,"Bioprocessing Technology Institute, Agency for Science, Technology and Research, Centros Building, 20 Biopolis Way, Singapore 138668, Singapore.",Singapore,2,0,2,1.0,0,0,0.020806575738710836,,"Antibodies (Basel, Switzerland), Blood advances",2024-2026,Asia-Pacific,0,27.3,26.0,55.1,44.2,26.0,13.2,33.0,Tier 3,False,False
1357,lam_k,Kong-Peng Lam,"Singapore Immunology Network, Agency for Science, Technology and Research, Immunos Building, 8A Biomedical Grove, Singapore 138648, Singapore.",Singapore,2,0,2,1.0,0,0,0.020806575738710836,,"Antibodies (Basel, Switzerland), Blood advances",2024-2026,Asia-Pacific,0,27.3,26.0,55.1,44.2,26.0,13.2,33.0,Tier 3,False,False
1358,oppermann_u,Udo Oppermann,"Oxford Translational Myeloma Centre, Oxford OX3 7LD, UK.",Unknown,2,0,1,0.5,0,0,0.058292491778555805,"T-Lymphocytes, COVID-19, COVID-19 Vaccines, Antibodies, Vaccination, Antibodies, Viral","Cancers, European journal of haematology",2022-2024,Unknown,0,27.3,26.0,25.6,44.2,26.0,56.4,32.9,Tier 3,False,False
1359,varghese_s,Sherin Varghese,"Department of Clinical Haematology, Oxford University Hospitals NHS Foundation Trust, Oxford OX3 7LE, UK.",Unknown,2,0,1,0.5,0,0,0.058292491778555805,"T-Lymphocytes, COVID-19, COVID-19 Vaccines, Antibodies, Vaccination, Antibodies, Viral","Cancers, European journal of haematology",2022-2024,Unknown,0,27.3,26.0,25.6,44.2,26.0,56.4,32.9,Tier 3,False,False
1360,beke_g,Gabor Beke,"Institute of Molecular Biology, Slovak Academy of Sciences, Bratislava, Slovakia.",Unknown,2,0,2,1.0,0,0,0.0195028893086116,"B-Lymphocytes, Bortezomib, Lenalidomide, Dexamethasone, Cyclophosphamide, Signal Transduction","Cancer biology & therapy, Neoplasma",2025-2026,Unknown,0,27.3,26.0,55.1,44.2,26.0,11.5,32.9,Tier 3,False,False
1361,dasari_s,Surendra Dasari,"Mayo Clinic, Rochester, Minnesota.",USA,2,0,0,0.0,0,0,0.12151183003188934,"Transcriptome, CD8-Positive T-Lymphocytes, Pilot Projects, Single-Cell Gene Expression Analysis, Tumor Microenvironment, Glomerulosclerosis, Focal Segmental","Cancer research communications, Kidney international",2022-2023,North America,0,27.3,26.0,6.4,44.2,26.0,84.4,32.9,Tier 3,False,False
1362,drgona_l,Lubos Drgona,"Department of Oncohematology, Comenius University and National Cancer Institute, Bratislava, Slovakia.",Unknown,2,0,2,1.0,0,0,0.0195028893086116,"B-Lymphocytes, Bortezomib, Lenalidomide, Dexamethasone, Cyclophosphamide, Signal Transduction","Cancer biology & therapy, Neoplasma",2025-2026,Unknown,0,27.3,26.0,55.1,44.2,26.0,11.5,32.9,Tier 3,False,False
1363,hucko_m,Milan Hucko,"Institute of Molecular Biology, Slovak Academy of Sciences, Bratislava, Slovakia.",Unknown,2,0,2,1.0,0,0,0.0195028893086116,"B-Lymphocytes, Bortezomib, Lenalidomide, Dexamethasone, Cyclophosphamide, Signal Transduction","Cancer biology & therapy, Neoplasma",2025-2026,Unknown,0,27.3,26.0,55.1,44.2,26.0,11.5,32.9,Tier 3,False,False
1364,klucar_l,Lubos Klucar,"Institute of Molecular Biology, Slovak Academy of Sciences, Bratislava, Slovakia.",Unknown,2,0,2,1.0,0,0,0.0195028893086116,"B-Lymphocytes, Bortezomib, Lenalidomide, Dexamethasone, Cyclophosphamide, Signal Transduction","Cancer biology & therapy, Neoplasma",2025-2026,Unknown,0,27.3,26.0,55.1,44.2,26.0,11.5,32.9,Tier 3,False,False
1365,truger_m,Marietta Truger,"MLL Munich Leukemia Laboratory, Munich, Germany.",Germany,2,0,1,0.5,0,0,0.05797356496921905,"Immunotherapy, T-Lymphocytes, Antibodies, Monoclonal, Receptors, Death Domain, Fas-Associated Death Domain Protein","Communications biology, Leukemia",2023-2026,Europe,0,27.3,26.0,25.6,44.2,26.0,56.0,32.9,Tier 3,False,False
1366,doo_n,Nicole Wong Doo,Concord Clinical School University of Sydney Sydney Australia.,Australia,2,0,1,0.5,0,0,0.058171405461212314,,"EJHaem, British journal of haematology",2022-2026,Asia-Pacific,0,27.3,26.0,25.6,44.2,26.0,56.2,32.9,Tier 3,False,False
1367,molina_j,Javiera Molina,"Unidad Hematología Intensiva, Hospital del Salvador, Santiago, Chile.",Chile,2,0,2,1.0,0,0,0.019355239277073576,"Jehovah's Witnesses, Transplantation, Autologous, Hematopoietic Stem Cell Transplantation, Lymphoma","Revista medica de Chile, Hematology, transfusion and cell therapy",2024-2026,Latin America,0,27.3,26.0,55.1,44.2,26.0,11.1,32.8,Tier 3,False,False
1368,chung_t,Tae-Hoon Chung,"Cancer Science Institute of Singapore, National University of Singapore, Centre for Translational Medicine, Singapore, Republic of Singapore.",Singapore,2,0,1,0.5,0,0,0.05673491369662089,"Cell Line, Tumor, Cell Proliferation, DNA-Binding Proteins, Up-Regulation","Cancer research, Blood neoplasia",2022-2024,Asia-Pacific,0,27.3,26.0,25.6,44.2,26.0,54.8,32.8,Tier 3,False,False
1369,qu_f,Feng Qu,"Sound Biopharmaceuticals Co., Ltd., Tianfu International Bio-Town, Huigu Dong 2nd Road 8, Chengdu, Sichuan, 610200, People's Republic of China.",China,2,0,1,0.5,0,0,0.057112803864953036,"Cryoelectron Microscopy, ADP-ribosyl Cyclase 1, Antibodies, Monoclonal, Antineoplastic Agents, Lymphoma, Non-Hodgkin, Erythrocytes","Journal of hematology & oncology, Frontiers in medicine",2022-2025,Asia-Pacific,0,27.3,26.0,25.6,44.2,26.0,55.1,32.8,Tier 3,False,False
1370,luo_h,Hongmei Luo,"Department of Hematology, West China Hospital, Sichuan University, Chengdu610041, P. R. China.",China,2,0,1,0.5,0,0,0.05652589837772081,,"ACS omega, Acta pharmaceutica Sinica. B",2023-2024,Asia-Pacific,0,27.3,26.0,25.6,44.2,26.0,54.6,32.8,Tier 3,False,False
1371,hamilton_m,Mark Hamilton,"Multiple Myeloma Research Foundation (MMRF), Norwalk, CT, USA.",USA,2,0,0,0.0,0,0,0.11680046647539269,"Ad26COVS1, Antibodies, Viral, Asymptomatic Diseases, BNT162 Vaccine, COVID-19, COVID-19 Vaccines","Cancer cell, Cancer research communications",2022-2022,North America,0,27.3,26.0,6.4,44.2,26.0,83.3,32.7,Tier 3,False,False
1372,hao_z,Zhuanghui Hao,"Institute of Hematology, The Second Hospital of Shanxi Medical University, Taiyuan, 030001, Shanxi, China.",China,2,0,2,1.0,0,0,0.01788328168668462,"MicroRNAs, Bone Resorption, Osteoclasts, Cell Line, Tumor, Gene Expression Regulation, Neoplastic, Macrophage Colony-Stimulating Factor","Discover oncology, Scientific reports",2026-2026,Asia-Pacific,0,27.3,26.0,55.1,44.2,26.0,9.8,32.7,Tier 3,False,False
1373,rehak_z,Z Řehák,,,2,0,2,1.0,0,0,0.01780415430267062,"Bortezomib, Waldenstrom Macroglobulinemia, Boron Compounds, Rituximab, Dexamethasone, Glycine",Klinicka onkologie : casopis Ceske a Slovenske onkologicke spolecnosti,2024-2026,Unknown,0,27.3,26.0,55.1,44.2,26.0,8.8,32.6,Tier 3,False,False
1374,ren_k,Kaili Ren,"Takeda Development Center Americas, Inc. (TDCA), Lexington, MA.",Unknown,2,0,1,0.5,0,0,0.056050341581528745,"Influenza, Human, Prospective Studies, Hospitalization, Vaccination","Clinical lymphoma, myeloma & leukemia, Advances in hematology",2023-2025,Unknown,0,27.3,26.0,25.6,44.2,26.0,53.2,32.6,Tier 3,False,False
1375,yu_s,Shanshan Yu,"Hematology Department, First Hospital of Jilin University, Changchun, Jilin, China.",China,2,0,1,0.5,0,0,0.055788918742819334,"Neoplasm, Residual, Tumor Microenvironment, Plasma Cells, Single-Cell Analysis, Exome Sequencing, Clinical Relevance","American journal of hematology, Proceedings of the National Academy of Sciences of the United States of America",2023-2026,Asia-Pacific,0,27.3,26.0,25.6,44.2,26.0,53.1,32.6,Tier 3,False,False
1376,kunisada_k,Kodai Kunisada,"Department of Hematology, Japanese Red Cross Medical Center, Tokyo, JPN.",Unknown,2,0,2,1.0,0,0,0.01780415430267062,,"Cureus, British journal of haematology",2024-2026,Unknown,0,27.3,26.0,55.1,44.2,26.0,8.8,32.6,Tier 3,False,False
1377,boichuk_i,I Boichuk,,,2,0,2,1.0,0,0,0.01780415430267062,"Bortezomib, Waldenstrom Macroglobulinemia, Boron Compounds, Rituximab, Dexamethasone, Glycine",Klinicka onkologie : casopis Ceske a Slovenske onkologicke spolecnosti,2024-2026,Unknown,0,27.3,26.0,55.1,44.2,26.0,8.8,32.6,Tier 3,False,False
1378,mielke_s,Stephan Mielke,"Karolinska Institutet and University Hospital, Department of Laboratory Medicine and Department of Medicine Huddinge, CAST, Karolinska Comprehensive Cancer Center, Stockholm, Sweden.",Sweden,2,0,0,0.0,0,0,0.10487496243165134,"Antigens, CD19, Child, Graft vs Host Disease, Hematopoietic Stem Cell Transplantation, Leukemia, Myeloid, Acute, Lymphocyte Depletion","Bone marrow transplantation, Annals of oncology : official journal of the European Society for Medical Oncology",2022-2022,Europe,0,27.3,26.0,6.4,44.2,26.0,80.4,32.5,Tier 3,False,False
1379,yi_x,Xingcheng Yi,"Laboratory of Cancer Precision Medicine, First Hospital of Jilin University, Changchun, Jilin, China.",China,2,0,1,0.5,0,0,0.05471763146200755,"Neoplasm, Residual","American journal of hematology, Frontiers of medicine",2023-2025,Asia-Pacific,0,27.3,26.0,25.6,44.2,26.0,51.9,32.5,Tier 3,False,False
1380,park_y,YoungJu Park,"Medical Affairs, Janssen Korea, Seoul, Korea.",South Korea,2,0,2,1.0,0,0,0.016510213052321355,"Republic of Korea, Neoplasms, Second Primary, Incidence, Young Adult, Antibodies, Monoclonal, Antineoplastic Agents",Cancer research and treatment,2024-2025,Asia-Pacific,0,27.3,26.0,55.1,44.2,26.0,8.0,32.5,Tier 3,False,False
1381,valeri_a,Anthony M Valeri,"Division of Nephrology, Columbia University, College of Physicians and Surgeons, New York, New York, USA.",USA,2,0,0,0.0,0,0,0.108158252165369,"Glomerulosclerosis, Focal Segmental, Fanconi Syndrome, Paraffin, Kidney, Kidney Diseases, Renal Insufficiency","Kidney international, Communications biology",2023-2023,North America,0,27.3,26.0,6.4,44.2,26.0,81.3,32.5,Tier 3,False,False
1382,dai_y,Yun Dai,"Laboratory of Cancer Precision Medicine, First Hospital of Jilin University, Changchun, Jilin, China.",China,2,0,1,0.5,0,0,0.05471763146200755,"Neoplasm, Residual","American journal of hematology, Frontiers of medicine",2023-2025,Asia-Pacific,0,27.3,26.0,25.6,44.2,26.0,51.9,32.5,Tier 3,False,False
1383,bonig_h,Halvard Bonig,"Institute for Transfusion Medicine and Immunohematology, and German Red Cross Blood Service BaWüHe, Goethe University, Frankfurt, Germany.",Germany,2,0,0,0.0,0,0,0.10487496243165134,"Antigens, CD19, Child, Graft vs Host Disease, Hematopoietic Stem Cell Transplantation, Leukemia, Myeloid, Acute, Lymphocyte Depletion","Bone marrow transplantation, Annals of oncology : official journal of the European Society for Medical Oncology",2022-2022,Europe,0,27.3,26.0,6.4,44.2,26.0,80.4,32.5,Tier 3,False,False
1384,houlston_r,Richard Houlston,"Division of Genetics and Epidemiology, The Institute of Cancer Research, 123 Old Brompton Road, London, SW7 3RP, United Kingdom.",UK,2,0,1,0.5,0,0,0.05394075509347066,,"Nature communications, EJHaem",2022-2026,Europe,0,27.3,26.0,25.6,44.2,26.0,51.3,32.4,Tier 3,False,False
1385,hughes_m,Michael Sang Hughes,"Division of Hematology/Oncology, Columbia University Irving Medical Center/New York-Presbyterian Hospital, New York, NY, USA.",USA,2,0,2,1.0,0,0,0.016014468401384048,"Immunotherapy, Adoptive, Receptors, Chimeric Antigen","Bone marrow transplantation, Clinical lymphoma, myeloma & leukemia",2026-2026,North America,0,27.3,26.0,55.1,44.2,26.0,6.9,32.4,Tier 3,False,False
1386,genuardi_e,Elisa Genuardi,"Department of Molecular Biotechnologies and Health Sciences, University of Torino, 10124 Torino, Italy.",Italy,2,0,0,0.0,0,0,0.10324756700562454,"Immunoglobulin Heavy Chains, V(D)J Recombination, Gene Rearrangement, Sequence Analysis, RNA","International journal of molecular sciences, medRxiv : the preprint server for health sciences",2022-2023,Europe,0,27.3,26.0,6.4,44.2,26.0,79.9,32.4,Tier 3,False,False
1387,liang_c,Canhua Liang,"Department of Pharmacy, The First People's Hospital of Yulin, Yulin, Guangxi, China.",China,2,0,2,1.0,0,0,0.015619838285567967,"Triple Negative Breast Neoplasms, Animals, Mice, Histone Deacetylase Inhibitors, Panobinostat, Cell Proliferation","Frontiers in oncology, Cancer reports (Hoboken, N.J.)",2026-2026,Asia-Pacific,0,27.3,26.0,55.1,44.2,26.0,6.8,32.4,Tier 3,False,False
1388,barbir_e,Elena-Bianca Barbir,"Division of Nephrology and Hypertension, Department of Medicine, Mayo Clinic, Rochester, MN, USA.",USA,2,0,2,1.0,0,0,0.014946858737765044,"Kidney Transplantation, Neoplasms, Curriculum, Kidney Failure, Chronic, Postoperative Complications","Clinical kidney journal, American journal of kidney diseases : the official journal of the National Kidney Foundation",2025-2026,North America,0,27.3,26.0,55.1,44.2,26.0,6.6,32.4,Tier 3,False,False
1389,pericole_f,Fernando Vieira Pericole,"Hemocentro, Universidade Estadual de Campinas (UNICAMP), Campinas, Brazil.",Brazil,2,0,2,1.0,0,0,0.01541213751859483,"Antibodies, Bispecific, Brazil","Clinical lymphoma, myeloma & leukemia",2025-2026,Latin America,0,27.3,26.0,55.1,44.2,26.0,6.7,32.4,Tier 3,False,False
1390,song_s,Shaojiang Song,"Department of Natural Medicinal Chemistry, Shenyang Pharmaceutical University, Shenyang 110016, China.",China,2,0,2,1.0,0,0,0.015498546246018085,"Serine-Arginine Splicing Factors, Alternative Splicing, Cell Proliferation, Cell Line, Tumor, Protein Isoforms, Prognosis","ACS pharmacology & translational science, Zhongguo shi yan xue ye xue za zhi",2024-2024,Asia-Pacific,0,27.3,26.0,55.1,44.2,26.0,6.8,32.4,Tier 3,False,False
1391,xue_y,Yuyu Xue,"School of Preclinical Medicine, Chengdu University, Chengdu, China.",China,2,0,1,0.5,0,0,0.052963123882057844,,"Frontiers in oncology, Blood neoplasia",2023-2024,Asia-Pacific,0,27.3,26.0,25.6,44.2,26.0,49.7,32.3,Tier 3,False,False
1392,dzidek_a,Adrianna Dzidek,"Institute for Basic Sciences, Faculty of Physiotherapy, University of Physical Education, 31-571 Krakow, Poland.",Poland,2,0,2,1.0,0,0,0.014836795252225518,"Walking, Gastrointestinal Microbiome, Biodiversity, RNA, Ribosomal, 16S, Exercise, Bacteria","Nutrients, Current oncology (Toronto, Ont.)",2024-2024,Europe,0,27.3,26.0,55.1,44.2,26.0,5.9,32.3,Tier 3,False,False
1393,zychowska_m,Małgorzata Żychowska,"Department of Biological Foundations of Physical Culture, Kazimierz Wielki University, 85-091 Bydgoszcz, Poland.",Poland,2,0,2,1.0,0,0,0.014836795252225518,"Walking, Gastrointestinal Microbiome, Biodiversity, RNA, Ribosomal, 16S, Exercise, Bacteria","Nutrients, Current oncology (Toronto, Ont.)",2024-2024,Europe,0,27.3,26.0,55.1,44.2,26.0,5.9,32.3,Tier 3,False,False
1394,urbanoispizua_a,Álvaro Urbano-Ispizua,"IDIBAPS, Barcelona, Spain.",Spain,2,0,1,0.5,0,0,0.051967251483525136,"Receptors, Chimeric Antigen, T-Lymphocytes, Retrospective Studies, Hematopoietic Stem Cell Transplantation, Blood Donors, Leukapheresis","Vox sanguinis, British journal of haematology",2023-2026,Europe,0,27.3,26.0,25.6,44.2,26.0,49.1,32.2,Tier 3,False,False
1395,yegin_z,Z A Yeğin,"Department of Hematology, Gazi University Faculty of Medicine, Ankara, Turkey.",Turkey,2,0,2,1.0,0,0,0.014149987232384004,"Hematopoietic Stem Cell Transplantation, Retrospective Studies, Transplantation, Homologous, Recurrence, Neoplasm Recurrence, Local","Nigerian journal of clinical practice, Indian journal of hematology & blood transfusion : an official journal of Indian Society of Hematology and Blood Transfusion",2024-2026,Middle East / GCC,0,27.3,26.0,55.1,44.2,26.0,5.3,32.2,Tier 3,False,False
1396,tian_z,Zhuoran Tian,"Shanghai Institute of Materia Medica, Chinese Academy of Sciences, Shanghai 201210, China; Institute of Traditional Chinese Medicine, Tianjin University of Traditional Chinese Medicine, Tianjin 301617, China.",China,2,0,2,1.0,0,0,0.013430531704300898,"Tandem Mass Spectrometry, Antibodies, Monoclonal, Chromatography, Liquid, Enzyme-Linked Immunosorbent Assay, Reproducibility of Results, Immunoglobulin G","Journal of pharmaceutical and biomedical analysis, Frontiers in pharmacology",2025-2025,Asia-Pacific,0,27.3,26.0,55.1,44.2,26.0,4.8,32.2,Tier 3,False,False
1397,ihorst_g,Gabriele Ihorst,"Clinical Trials Unit, Faculty of Medicine and Medical Center, University of Freiburg, Freiburg, Germany.",Germany,2,0,1,0.5,0,0,0.052382250878249596,"COVID-19 Vaccines, BNT162 Vaccine, COVID-19, SARS-CoV-2, T-Lymphocytes, Hematologic Neoplasms","Nature cancer, Cancers",2023-2024,Europe,0,27.3,26.0,25.6,44.2,26.0,49.4,32.2,Tier 3,False,False
1398,huang_d,Dongping Huang,"Department of Hematology, the First Affiliated Hospital of Wannan Medical College, Wuhu, Anhui, P. R. China.",China,2,0,2,1.0,0,0,0.013437967146018396,"Thrombocythemia, Essential, Janus Kinase 2, Colorectal Neoplasms, Adenocarcinoma, Bone Marrow, Bortezomib","Indian journal of pathology & microbiology, Zhongguo shi yan xue ye xue za zhi",2024-2025,Asia-Pacific,0,27.3,26.0,55.1,44.2,26.0,4.8,32.2,Tier 3,False,False
1399,guo_c,Cuiyu Guo,"State Key Laboratory of Biotherapy and Cancer Center/Collaborative Innovation Center for Biotherapy, West China Hospital, Sichuan University, 3-17 People Road, Chengdu, Sichuan, 610041, People's Republic of China.",China,2,0,1,0.5,0,0,0.05207266722379026,"Cryoelectron Microscopy, ADP-ribosyl Cyclase 1, Antibodies, Monoclonal, Antineoplastic Agents, Lymphoma, Non-Hodgkin, Erythrocytes","Journal of hematology & oncology, Cytokine",2022-2026,Asia-Pacific,0,27.3,26.0,25.6,44.2,26.0,49.2,32.2,Tier 3,False,False
1400,talluri_s,Srikanth Talluri,"Department of Medical Oncology, Dana-Farber Cancer Institute, Boston, MA, United States.",USA,2,0,1,0.5,0,0,0.050765510935373126,,"Frontiers in oncology, Blood",2023-2026,North America,0,27.3,26.0,25.6,44.2,26.0,48.3,32.1,Tier 3,False,False
1401,soon_y,Yu Yang Soon,"Department of Radiation Oncology, National University Cancer Institute, Singapore, Singapore.",Singapore,2,0,2,1.0,0,0,0.013353115727002967,,"Blood neoplasia, Transplantation and cellular therapy",2024-2026,Asia-Pacific,0,27.3,26.0,55.1,44.2,26.0,4.3,32.1,Tier 3,False,False
1402,londhe_a,Anil Londhe,Janssen R&D LLC Titusville New Jersey USA.,USA,2,0,1,0.5,0,0,0.049795949760668805,"Lenalidomide, Antibodies, Monoclonal, Drug Resistance, Neoplasm, Progression-Free Survival","EJHaem, European journal of cancer (Oxford, England : 1990)",2022-2025,North America,0,27.3,26.0,25.6,44.2,26.0,47.5,32.1,Tier 3,False,False
1403,valluri_s,Satish Valluri,Janssen Global Services LLC Raritan New Jersey USA.,USA,2,0,1,0.5,0,0,0.049795949760668805,"Lenalidomide, Antibodies, Monoclonal, Drug Resistance, Neoplasm, Progression-Free Survival","EJHaem, European journal of cancer (Oxford, England : 1990)",2022-2025,North America,0,27.3,26.0,25.6,44.2,26.0,47.5,32.1,Tier 3,False,False
1404,hobbs_m,Miriam Hobbs,"Division of Hematology, Mayo Clinic, Rochester, MN, USA.",USA,2,0,1,0.5,0,0,0.05044510385756676,"Muscle, Skeletal, Sarcopenia, Prognosis, Anemia, Renal Insufficiency, Retrospective Studies","Blood cancer journal, American journal of hematology",2023-2026,North America,0,27.3,26.0,25.6,44.2,26.0,47.9,32.1,Tier 3,False,False
1405,fonder_a,Amie Fonder,"Division of Hematology, Mayo Clinic, Rochester, MN, USA.",USA,2,0,1,0.5,0,0,0.05044510385756676,"Muscle, Skeletal, Sarcopenia, Prognosis, Anemia, Renal Insufficiency, Retrospective Studies","Blood cancer journal, American journal of hematology",2023-2026,North America,0,27.3,26.0,25.6,44.2,26.0,47.9,32.1,Tier 3,False,False
1406,su_x,Xin Su,"Department of Respiratory, Hainan Hospital of PLA General Hospital, Sanya, China.",China,2,0,2,1.0,0,0,0.012278403694584047,"Zoledronic Acid, Adverse Drug Reaction Reporting Systems, Bone Density Conservation Agents, United States, Young Adult, Adolescent","BMC cancer, Cancer reports (Hoboken, N.J.)",2024-2026,Asia-Pacific,0,27.3,26.0,55.1,44.2,26.0,3.9,32.1,Tier 3,False,False
1407,nijland_m,Marcel Nijland,"Department of Hematology, University of Groningen, University Medical Center Groningen, Groningen, The Netherlands.",Netherlands,2,0,2,1.0,0,0,0.011869436201780414,"Transplantation, Autologous, Retrospective Studies, Hematopoietic Stem Cell Transplantation, Consolidation Chemotherapy, Prognosis, Melphalan","Clinical lymphoma, myeloma & leukemia",2025-2026,Europe,0,27.3,26.0,55.1,44.2,26.0,3.1,32.0,Tier 3,False,False
1408,kooistra_h,Hilde A M Kooistra,"Department of Hematology, University of Groningen, University Medical Center Groningen, Groningen, The Netherlands.",Netherlands,2,0,2,1.0,0,0,0.011869436201780414,"Transplantation, Autologous, Retrospective Studies, Hematopoietic Stem Cell Transplantation, Consolidation Chemotherapy, Prognosis, Melphalan","Clinical lymphoma, myeloma & leukemia",2025-2026,Europe,0,27.3,26.0,55.1,44.2,26.0,3.1,32.0,Tier 3,False,False
1409,ming_x,Xi Ming,"Department of Hematology, Tongji Hospital, Tongji Medical College, Huazhong University of Science and Technology, Wuhan, Hubei, China, hust.edu.cn.",China,2,0,2,1.0,0,0,0.010394542543629266,"B-Cell Maturation Antigen, Immunotherapy, Adoptive, Feasibility Studies, Transplantation, Autologous, Receptors, Chimeric Antigen","Case reports in hematology, Cell transplantation",2025-2026,Asia-Pacific,0,27.3,26.0,55.1,44.2,26.0,2.6,32.0,Tier 3,False,False
1410,gelderloos_m,Miriam Gelderloos,"Department of Hematology, University of Groningen, University Medical Center Groningen, Groningen, The Netherlands.",Netherlands,2,0,2,1.0,0,0,0.011869436201780414,"Transplantation, Autologous, Retrospective Studies, Hematopoietic Stem Cell Transplantation, Consolidation Chemotherapy, Prognosis, Melphalan","Clinical lymphoma, myeloma & leukemia",2025-2026,Europe,0,27.3,26.0,55.1,44.2,26.0,3.1,32.0,Tier 3,False,False
1411,wu_b,Bing-Yuan Wu,"Bioray Biopharmaceutical Co., Ltd., Taizhou 318000, China.",China,2,0,1,0.5,0,0,0.04933190424362453,"Retrospective Studies, Outpatients, Health Resources, Patient Acceptance of Health Care","Cancers, JCO oncology practice",2023-2025,Asia-Pacific,0,27.3,26.0,25.6,44.2,26.0,47.1,32.0,Tier 3,False,False
1412,fay_j,Joseph W Fay,"Texas Oncology Baylor Charles A Sammons Cancer Center, Dallas, Texas, USA.",USA,2,0,1,0.5,0,0,0.04936499044598913,"Bortezomib, Chromosome Aberrations, Chromosomes, Human, Pair 1, Dexamethasone, Dose-Response Relationship, Drug, Maximum Tolerated Dose","Cancer medicine, European journal of haematology",2022-2026,North America,0,27.3,26.0,25.6,44.2,26.0,47.1,32.0,Tier 3,False,False
1413,menguc_m,Meral U Menguc,"Department of Hematology, Medical Faculty, Bolu Abant İzzet Baysal University, Bolu, Turkey.",Turkey,2,0,1,0.5,0,0,0.04836150514082026,,"Indian journal of hematology & blood transfusion : an official journal of Indian Society of Hematology and Blood Transfusion, Frontiers in medicine",2023-2026,Middle East / GCC,0,27.3,26.0,25.6,44.2,26.0,46.2,31.9,Tier 3,False,False
1414,matsumoto_m,Morio Matsumoto,"Department of Hematology, Shibukawa Medical Center, Shibukawa, Japan.",Japan,2,0,1,0.5,0,0,0.0481921215031198,"Dexamethasone, Lenalidomide, Quality of Life, Retrospective Studies, Antibodies, Monoclonal, Humanized","Acta haematologica, Blood advances",2023-2026,Asia-Pacific,0,27.3,26.0,25.6,44.2,26.0,45.9,31.9,Tier 3,False,False
1415,coelho_a,André Coelho,"Pathology Department, Centro Hospitalar Universitário de Santo António, Porto, Portugal.",Portugal,2,0,2,1.0,0,0,0.00890207715133531,"Skin, Amyloid","International journal of dermatology, Dermatology practical & conceptual",2024-2026,Europe,0,27.3,26.0,55.1,44.2,26.0,1.4,31.9,Tier 3,False,False
1416,chirackal_s,Sinto Sebastian Chirackal,"Division of Hematology and Medical Oncology, Mayo Clinic Phoenix, AZ, USA.",USA,2,0,2,1.0,0,0,0.010385756676557863,"Cell Line, Tumor, Drug Resistance, Neoplasm, Gene Knockout Techniques, Ferritins, Reactive Oxygen Species, Iron","Hematology, transfusion and cell therapy, European journal of haematology",2026-2026,North America,0,27.3,26.0,55.1,44.2,26.0,2.3,31.9,Tier 3,False,False
1417,miao_j,Jiyu Miao,"Department of Hematology, The Second Affiliated Hospital of Xi'an Jiaotong University, Xi'an, China.",China,2,0,2,1.0,0,0,0.007420328099846967,"Biomarkers, Tumor, Prognosis, Mitochondria, Apoptosis, Gene Expression Regulation, Neoplastic, Gene Expression Profiling","Frontiers in immunology, Cellular oncology (Dordrecht, Netherlands)",2024-2025,Asia-Pacific,0,27.3,26.0,55.1,44.2,26.0,0.7,31.8,Tier 3,False,False
1418,simon_a,Anna Katharina Simon,"Kennedy Institute of Rheumatology, University of Oxford, Roosevelt Drive, Oxford, OX3 7FY, UK. katja.simon@imm.ox.ac.uk.",Unknown,2,0,1,0.5,0,0,0.047697871778200715,"TNF Receptor-Associated Factor 3, Quality of Life, Osteoclasts, Bone Diseases, Autophagy, Glycosphingolipids","Nature communications, Journal of hematology",2022-2025,Unknown,0,27.3,26.0,25.6,44.2,26.0,44.6,31.8,Tier 3,False,False
1419,aljurf_m,Mahmoud Aljurf,"King Faisal Specialist Hospital and Research Centre, Saudi Arabia.",Saudi Arabia,2,0,1,0.5,0,0,0.0477502555424473,"Receptors, Chimeric Antigen, Immunotherapy, Adoptive, T-Lymphocytes, Lymphoma, Large B-Cell, Diffuse","Hematology/oncology and stem cell therapy, Expert review of hematology",2022-2026,Middle East / GCC,0,27.3,26.0,25.6,44.2,26.0,44.7,31.8,Tier 3,False,False
1420,garfall_a,Alfred L Garfall,"Division of Hematology/Oncology, Department of Medicine, Abramson Cancer Center, University of Pennsylvania, 3400 Civic Center Boulevard, 12th Floor South Tower, Philadelphia, PA 19104, USA.",USA,2,0,1,0.5,0,0,0.04677626781682521,"Receptors, Chimeric Antigen, B-Cell Maturation Antigen, T-Lymphocytes, Immunotherapy, Adoptive, Animals, Mice","Hematology/oncology clinics of North America, Cell reports. Medicine",2023-2024,North America,0,27.3,26.0,25.6,44.2,26.0,44.0,31.7,Tier 3,False,False
1421,nair_r,Reena Nair,"Departments of Clinical Hematology and HCT, Tata Medical Center, Kolkata, West Bengal, India.",India,2,0,1,0.5,0,0,0.04731636752761768,"Bortezomib, Hematopoietic Stem Cell Transplantation, Induction Chemotherapy, Retrospective Studies","Indian journal of cancer, Cureus",2023-2024,Asia-Pacific,0,27.3,26.0,25.6,44.2,26.0,44.3,31.7,Tier 3,False,False
1422,zhao_q,Qiuhong Zhao,"Division of Hematology, The Ohio State University Wexner Medical Center, Columbus, OH.",USA,2,0,1,0.5,0,0,0.04588457035326031,"Melphalan, Hematopoietic Stem Cell Transplantation, Retrospective Studies, Prospective Studies, Transplantation, Autologous, Salvage Therapy","Clinical lymphoma, myeloma & leukemia, Free radical biology & medicine",2023-2025,North America,0,27.3,26.0,25.6,44.2,26.0,43.0,31.6,Tier 3,False,False
1423,kimschulze_s,Seunghee Kim-Schulze,"Tisch Cancer Institute, Icahn School of Medicine at Mount Sinai, New York, NY, USA.",USA,2,0,0,0.0,0,0,0.0836164655217982,"B-Cell Maturation Antigen, Immunotherapy, Adoptive, Movement Disorders, Parkinsonian Disorders, Receptors, Chimeric Antigen, Transcriptome","Nature medicine, Cancer research communications",2021-2022,North America,0,27.3,26.0,6.4,44.2,26.0,71.4,31.6,Tier 3,False,False
1424,rahman_a,Adeeb Rahman,"Tisch Cancer Institute, Icahn School of Medicine at Mount Sinai, New York, NY, USA.",USA,2,0,0,0.0,0,0,0.0836164655217982,"B-Cell Maturation Antigen, Immunotherapy, Adoptive, Movement Disorders, Parkinsonian Disorders, Receptors, Chimeric Antigen, Transcriptome","Nature medicine, Cancer research communications",2021-2022,North America,0,27.3,26.0,6.4,44.2,26.0,71.4,31.6,Tier 3,False,False
1425,dabaja_b,Bouthaina S Dabaja,"Department of Radiation Oncology, The University of Texas MD Anderson Cancer Center, Houston, Texas.",USA,2,0,1,0.5,0,0,0.044946495951236766,"Retrospective Studies, Hematopoietic Stem Cell Transplantation, Hematopoietic Stem Cell Mobilization, Heterocyclic Compounds, Transplantation, Autologous, Antigens, CD34","Transplantation and cellular therapy, Clinical lymphoma, myeloma & leukemia",2023-2025,North America,0,27.3,26.0,25.6,44.2,26.0,42.3,31.5,Tier 3,False,False
1426,pinnix_c,Chelsea C Pinnix,"Department of Radiation Oncology, The University of Texas MD Anderson Cancer Center, Houston, Texas. Electronic address: CCPinnix@mdanderson.org.",USA,2,0,1,0.5,0,0,0.044946495951236766,"Retrospective Studies, Hematopoietic Stem Cell Transplantation, Hematopoietic Stem Cell Mobilization, Heterocyclic Compounds, Transplantation, Autologous, Antigens, CD34","Transplantation and cellular therapy, Clinical lymphoma, myeloma & leukemia",2023-2025,North America,0,27.3,26.0,25.6,44.2,26.0,42.3,31.5,Tier 3,False,False
1427,petrucci_m,Maria Teresa Petrucci,"Division of Hematology, Department of Translational and Precision Medicine, Azienda Ospedaliera Policlinico Umberto I, Sapienza University of Rome, Rome, Italy.",Italy,2,0,1,0.5,0,0,0.044613507320348106,,"Frontiers in oncology, JCO oncology practice",2022-2026,Europe,0,27.3,26.0,25.6,44.2,26.0,41.4,31.4,Tier 3,False,False
1428,iniguez_r,Rodrigo Iñiguez,"Hematology Department, Hospital 12 de Octubre, Complutense University, CNIO, Madrid, Spain.",Spain,2,0,1,0.5,0,0,0.044510385756676554,"COVID-19, Global Health, SARS-CoV-2","Blood cancer journal, Biomedicines",2021-2025,Europe,0,27.3,26.0,25.6,44.2,26.0,41.1,31.4,Tier 3,False,False
1429,saraci_e,Elona Saraci,"Department of Molecular Biotechnology and Health Sciences, University of Turin, Turin, Italy.",Italy,2,0,1,0.5,0,0,0.04464537102581005,"Neoplasm, Residual, Clinical Trials as Topic, Prognosis, High-Throughput Nucleotide Sequencing","medRxiv : the preprint server for health sciences, Clinical lymphoma, myeloma & leukemia",2023-2026,Europe,0,27.3,26.0,25.6,44.2,26.0,41.5,31.4,Tier 3,False,False
1430,vucinic_v,Vladan Vucinic,"University Leipzig, Leipzig, Germany.",Germany,2,0,0,0.0,0,0,0.07747900968753296,"Antigens, CD19, Child, Graft vs Host Disease, Hematopoietic Stem Cell Transplantation, Leukemia, Myeloid, Acute, Lymphocyte Depletion","Bone marrow transplantation, Transfusion medicine and hemotherapy : offizielles Organ der Deutschen Gesellschaft fur Transfusionsmedizin und Immunhamatologie",2022-2023,Europe,0,27.3,26.0,6.4,44.2,26.0,68.6,31.3,Tier 3,False,False
1431,kaufman_g,G P Kaufman,"Department of Lymphoma/Myeloma, The University of Texas MD Anderson Cancer Center, Houston, TX.",USA,2,0,1,0.5,0,0,0.04321295756491543,"Retrospective Studies, Cyclophosphamide, Dexamethasone, Thrombocytopenia, Oligopeptides, Antibodies, Monoclonal","Clinical lymphoma, myeloma & leukemia",2023-2025,North America,0,27.3,26.0,25.6,44.2,26.0,39.8,31.3,Tier 3,False,False
1432,xu_w,Weiling Xu,"Radiology Department, First Hospital of Jilin University, Changchun, Jilin, China.",China,2,0,1,0.5,0,0,0.043839849567617314,"Neoplasm, Residual, Chromosome Aberrations, Prognosis, China, Retrospective Studies","American journal of hematology, BMC cancer",2023-2024,Asia-Pacific,0,27.3,26.0,25.6,44.2,26.0,40.5,31.3,Tier 3,False,False
1433,shah_a,Aarti Shah,"Department of Radiology, Hampshire Hospitals NHS Foundation Trust, Hampshire SO22 5DG, UK.",Unknown,2,0,1,0.5,0,0,0.04299549178634261,,"Cancers, Gastro hep advances",2022-2025,Unknown,0,27.3,26.0,25.6,44.2,26.0,39.6,31.3,Tier 3,False,False
1434,matsuda_k,Kensuke Matsuda,"Department of Hematology and Oncology, Graduate School of Medicine, The University of Tokyo, 7-3-1 Hongo, Bunkyo-Ku, Tokyo, 113-8655, Japan.",Japan,2,0,1,0.5,0,0,0.04180581171366963,"Shock, Septic, Streptococcus agalactiae, Streptococcus pyogenes, Streptococcal Infections, Bacteremia, Bortezomib","Journal of infection and chemotherapy : official journal of the Japan Society of Chemotherapy, BMC pulmonary medicine",2023-2024,Asia-Pacific,0,27.3,26.0,25.6,44.2,26.0,38.6,31.2,Tier 3,False,False
1435,thorsen_j,Jonathan Thorsen,"COPSAC, Copenhagen Prospective Studies on Asthma in Childhood, Herlev and Gentofte Hospital, University of Copenhagen, Copenhagen, Denmark.",Denmark,2,0,1,0.5,0,0,0.04283999587285587,"Antibodies, Monoclonal, Life Expectancy, Retrospective Studies",American journal of hematology,2022-2026,Europe,0,27.3,26.0,25.6,44.2,26.0,39.4,31.2,Tier 3,False,False
1436,toh_s,Sabrina H M Toh,"Cancer Science Institute of Singapore, National University of Singapore, Centre for Translational Medicine, Singapore, Republic of Singapore.",Singapore,2,0,1,0.5,0,0,0.04183176872675323,"Cell Line, Tumor, Cell Proliferation, DNA-Binding Proteins, Up-Regulation","Cancer research, Blood advances",2022-2026,Asia-Pacific,0,27.3,26.0,25.6,44.2,26.0,38.7,31.2,Tier 3,False,False
1437,teodorescu_e,Elena Manuela Teodorescu,"Department of Hematology, Aalborg University Hospital, Aalborg, Denmark.",Denmark,2,0,1,0.5,0,0,0.04283999587285587,"Antibodies, Monoclonal, Life Expectancy, Retrospective Studies",American journal of hematology,2022-2026,Europe,0,27.3,26.0,25.6,44.2,26.0,39.4,31.2,Tier 3,False,False
1438,karunanithi_k,Kamaraj Karunanithi,"University Hospitals of North Midlands NHS Trust, Stoke-on-Trent, UK.",Unknown,2,0,1,0.5,0,0,0.04210087755072902,"Lenalidomide, Vorinostat, Dexamethasone","British journal of haematology, EJHaem",2023-2024,Unknown,0,27.3,26.0,25.6,44.2,26.0,39.1,31.2,Tier 3,False,False
1439,liang_t,Tony Liang,Department of Biostatistics Parexel International Taipei Taiwan.,Taiwan,2,0,1,0.5,0,0,0.04045305133158486,"Exosomes, Hypoxia-Inducible Factor 1, alpha Subunit, Animals, Vascular Endothelial Growth Factor A, Neovascularization, Pathologic, Signal Transduction","EJHaem, International immunopharmacology",2023-2025,Asia-Pacific,0,27.3,26.0,25.6,44.2,26.0,37.6,31.1,Tier 3,False,False
1440,ferrari_f,Federico Ferrari,"Department of Data Science, Dana-Farber Cancer Institute, Boston, MA, USA.",USA,2,0,1,0.5,0,0,0.041689778020284146,"Ad26COVS1, Antibodies, Viral, Asymptomatic Diseases, BNT162 Vaccine, COVID-19, COVID-19 Vaccines","Cancer cell, Journal of intensive medicine",2022-2026,North America,0,27.3,26.0,25.6,44.2,26.0,38.4,31.1,Tier 3,False,False
1441,bowcock_s,Stella Bowcock,"Department of Haematology, King's College Hospital NHS Trust, London, UK.",Unknown,2,0,1,0.5,0,0,0.041358922703706266,"T-Lymphocytes, COVID-19, COVID-19 Vaccines, Antibodies, Vaccination, Antibodies, Viral","European journal of haematology, Frontiers in oncology",2023-2024,Unknown,0,27.3,26.0,25.6,44.2,26.0,38.1,31.1,Tier 3,False,False
1442,bestoso_e,Elena Bestoso,"Hematology Unit, Siena University Hospital, Siena, Italy.",Italy,2,0,1,0.5,0,0,0.040265446305442355,,"Frontiers in oncology, Blood neoplasia",2022-2026,Europe,0,27.3,26.0,25.6,44.2,26.0,37.1,31.0,Tier 3,False,False
1443,omel_j,James Omel,"Independent Patient Advocate, Omaha, NE.",Unknown,2,0,0,0.0,0,0,0.07298077520817692,"Antibodies, Monoclonal, Dexamethasone, Lenalidomide, Neoplasm, Residual, Oligopeptides, Influenza, Human","Journal of clinical oncology : official journal of the American Society of Clinical Oncology, Clinical lymphoma, myeloma & leukemia",2022-2023,Unknown,0,27.3,26.0,6.4,44.2,26.0,66.2,31.0,Tier 3,False,False
1444,kobayashi_t,Takamasa Kobayashi,"Gastroenterology and Hepatology, Saiseikai Niigata Hospital, Niigata, JPN.",Unknown,2,0,1,0.5,0,0,0.04042622546614065,"Castleman Disease, Plasmacytoma, Immunoglobulin G4-Related Disease, Interleukin-6, Diagnosis, Differential, Lymph Nodes","Cureus, Journal of clinical and experimental hematopathology : JCEH",2021-2024,Unknown,0,27.3,26.0,25.6,44.2,26.0,37.4,31.0,Tier 3,False,False
1445,raspadori_d,Donatella Raspadori,"Hematology Unit, Siena University Hospital, Siena, Italy.",Italy,2,0,1,0.5,0,0,0.040265446305442355,,"Frontiers in oncology, Blood neoplasia",2022-2026,Europe,0,27.3,26.0,25.6,44.2,26.0,37.1,31.0,Tier 3,False,False
1446,chavda_s,Selina J Chavda,"Department of Hematology, UCL Cancer Institute, University College London, London, UK.",Unknown,2,0,0,0.0,0,0,0.06851644225274023,"TNF Receptor-Associated Factor 3, Quality of Life, Osteoclasts, Bone Diseases, Autophagy, Glycosphingolipids","Nature communications, The Lancet. Haematology",2022-2023,Unknown,0,27.3,26.0,6.4,44.2,26.0,63.4,30.8,Tier 3,False,False
1447,zhao_f,Fei Zhao,"Institute of Hematology, Union Hospital, Tongji Medical College, Huazhong University of Science and Technology, Wuhan 430022, China.",China,2,0,1,0.5,0,0,0.038662143779972694,"Adenosine, Alpha-Ketoglutarate-Dependent Dioxygenase FTO, Animals, Heat Shock Transcription Factors, Mice, Mice, Inbred NOD","Molecular therapy : the journal of the American Society of Gene Therapy, Clinica chimica acta; international journal of clinical chemistry",2022-2024,Asia-Pacific,0,27.3,26.0,25.6,44.2,26.0,35.1,30.8,Tier 3,False,False
1448,hartleybrown_m,Monique A Hartley-Brown,"Department of Medical Oncology, Dana-Farber Cancer Institute, Jerome Lipper Center for Multiple Myeloma Research, Harvard Medical School, 450 Brookline Avenue, Dana 1B02, Boston, MA 02115, USA.",USA,2,0,1,0.5,0,0,0.03857566765578635,,"Cancers, Haematologica",2023-2026,North America,0,27.3,26.0,25.6,44.2,26.0,34.7,30.8,Tier 3,False,False
1449,hemminki_k,Kari Hemminki,"Division of Cancer Epidemiology, German Cancer Research Center (DKFZ), 69120 Heidelberg, Germany.",Germany,2,0,0,0.0,0,0,0.06790084771906106,"Genome-Wide Association Study, MAP Kinase Signaling System, Whole Genome Sequencing, Germ-Line Mutation","Cells, Nature communications",2022-2022,Europe,0,27.3,26.0,6.4,44.2,26.0,63.2,30.7,Tier 3,False,False
1450,allainmaillet_s,Sophie Allain-Maillet,"Université de Nantes, Institut National de la Santé et de la Recherche Médicale (Inserm), Centre de Recherche en Cancérologie et Immunologie Nantes-Angers (CRCINA), Nantes, France.",France,2,0,1,0.5,0,0,0.03806703647561654,"Antibodies, Monoclonal, Antibodies, Viral, Antiviral Agents, Biomarkers, Disease Progression, Disease Susceptibility","Frontiers in immunology, HemaSphere",2021-2024,Europe,0,27.3,26.0,25.6,44.2,26.0,34.2,30.7,Tier 3,False,False
1451,mennesson_n,Nicolas Mennesson,"Université de Nantes, Institut National de la Santé et de la Recherche Médicale (Inserm), Centre de Recherche en Cancérologie et Immunologie Nantes-Angers (CRCINA), Nantes, France.",France,2,0,1,0.5,0,0,0.03806703647561654,"Antibodies, Monoclonal, Antibodies, Viral, Antiviral Agents, Biomarkers, Disease Progression, Disease Susceptibility","Frontiers in immunology, HemaSphere",2021-2024,Europe,0,27.3,26.0,25.6,44.2,26.0,34.2,30.7,Tier 3,False,False
1452,zhang_n,Nan Zhang,"Hematology Department, First Hospital of Jilin University, Changchun, Jilin, China.",China,2,0,1,0.5,0,0,0.03832222160454353,"Neoplasm, Residual","American journal of hematology, Frontiers in artificial intelligence",2023-2025,Asia-Pacific,0,27.3,26.0,25.6,44.2,26.0,34.4,30.7,Tier 3,False,False
1453,bigotcorbel_e,Edith Bigot-Corbel,"Université de Nantes, Institut National de la Santé et de la Recherche Médicale (Inserm), Centre de Recherche en Cancérologie et Immunologie Nantes-Angers (CRCINA), Nantes, France.",France,2,0,1,0.5,0,0,0.03806703647561654,"Antibodies, Monoclonal, Antibodies, Viral, Antiviral Agents, Biomarkers, Disease Progression, Disease Susceptibility","Frontiers in immunology, HemaSphere",2021-2024,Europe,0,27.3,26.0,25.6,44.2,26.0,34.2,30.7,Tier 3,False,False
1454,streetly_m,Matthew Streetly,"Guy's and St. Thomas' NHS Foundation Trust, London, United Kingdom.",UK,2,0,0,0.0,0,0,0.06713245692014659,"Hematopoietic Stem Cell Transplantation, Receptors, Chimeric Antigen, Gamma Secretase Inhibitors and Modulators, Neoplasm Recurrence, Local, T-Lymphocytes, Tumor Microenvironment","Cancer research communications, The Lancet. Haematology",2022-2023,Europe,0,27.3,26.0,6.4,44.2,26.0,62.7,30.7,Tier 3,False,False
1455,jung_j,Junho Jung,"Department of Oral and Maxillofacial Surgery, School of Dentistry, Kyung Hee University, Seoul, Korea.",South Korea,2,0,1,0.5,0,0,0.03759348708652708,,"Journal of bone metabolism, Haematologica",2021-2026,Asia-Pacific,0,27.3,26.0,25.6,44.2,26.0,33.8,30.7,Tier 3,False,False
1456,yao_j,Jianxin Yao,"Department of Hematology, Changshu No.2 People's Hospital, No.18, Taishan Road, Changshu, 21550, Jiangsu Province, China.",China,2,0,1,0.5,0,0,0.036138916189592696,"CD8-Positive T-Lymphocytes, Cytokines, Interleukin-17, Interleukin-6, Programmed Cell Death 1 Receptor, Tumor Necrosis Factor-alpha","European journal of medical research, The Journal of molecular diagnostics : JMD",2022-2024,Asia-Pacific,0,27.3,26.0,25.6,44.2,26.0,32.7,30.6,Tier 3,False,False
1457,tang_z,Zhuoqin Tang,"Department of Cardiology, West China Hospital, Sichuan University, Chengdu, China.",China,2,0,1,0.5,0,0,0.03603313074735764,"Reactive Oxygen Species, Melphalan, DNA Damage, Apoptosis, Drug Combinations, Allyl Compounds","Frontiers in cardiovascular medicine, Annals of hematology",2021-2024,Asia-Pacific,0,27.3,26.0,25.6,44.2,26.0,32.6,30.6,Tier 3,False,False
1458,alegria_v,Victoria Alegria,Division of Hematology-Oncology Mayo Clinic Jacksonville Florida USA.,USA,2,0,1,0.5,0,0,0.036200235166178686,,"Clinical case reports, Clinical epidemiology",2021-2026,North America,0,27.3,26.0,25.6,44.2,26.0,32.7,30.6,Tier 3,False,False
1459,weng_y,Yueyun Weng,"The Institute of Technological Sciences, Wuhan University, Wuhan, 430072, China.",China,2,0,1,0.5,0,0,0.035942450831639695,,"Biomedical optics express, Translational cancer research",2022-2024,Asia-Pacific,0,27.3,26.0,25.6,44.2,26.0,32.4,30.5,Tier 3,False,False
1460,litvin_r,Rafaella Litvin,"Internal Medicine, John H. Stroger, Jr. Hospital of Cook County.",Unknown,2,0,1,0.5,0,0,0.035718372090880766,"Risk Factors, Hospitalization, Hematologic Neoplasms, Scleroderma, Systemic, Leukemia, Lymphoma","ARP rheumatology, Transplantation and cellular therapy",2023-2026,Unknown,0,27.3,26.0,25.6,44.2,26.0,31.8,30.5,Tier 3,False,False
1461,askari_e,Elham Askari,"Fundación Jiménez Díaz, Madrid, Spain.",Spain,2,0,0,0.0,0,0,0.06422909253211255,"Antibodies, Bispecific, Cytokine Release Syndrome, Dysgeusia, Neoplasm Recurrence, Local, Receptors, G-Protein-Coupled, T-Lymphocytes","Oncology and therapy, The New England journal of medicine",2022-2023,Europe,0,27.3,26.0,6.4,44.2,26.0,60.6,30.5,Tier 3,False,False
1462,gong_y,Yan Gong,"Department of Pharmacotherapy and Translational Research, Center for Pharmacogenomics, College of Pharmacy, University of Florida, Gainesville, Florida, USA.",USA,2,0,1,0.5,0,0,0.0359067089343379,"Cardiotoxicity, Immunomodulating Agents, Proteasome Inhibitors, Randomized Controlled Trials as Topic, Animals, Mice","Hematological oncology, Biochemical pharmacology",2022-2025,North America,0,27.3,26.0,25.6,44.2,26.0,32.4,30.5,Tier 3,False,False
1463,harel_s,Stéphanie Harel,"Department of Immuno Hematology, Hôpital Saint-Louis, Assistance Publique Hôpitaux de Paris, Paris, France.",France,2,0,0,0.0,0,0,0.06169312292547778,"Glomerulosclerosis, Focal Segmental, Fanconi Syndrome, Paraffin, Kidney, Kidney Diseases, Renal Insufficiency","Kidney international, Frontiers in immunology",2022-2023,Europe,0,27.3,26.0,6.4,44.2,26.0,59.8,30.4,Tier 3,False,False
1464,owen_r,Roger G Owen,"Haematological Malignancy Diagnostic Service (HMDS), Leeds Cancer Centre, Leeds Teaching Hospitals Trust, Leeds, UK.",Unknown,2,0,0,0.0,0,0,0.06000961937366606,"Dexamethasone, Lenalidomide, Vorinostat, Cyclophosphamide, Elettaria, Hematopoietic Stem Cell Transplantation","British journal of haematology, The Lancet. Haematology",2023-2023,Unknown,0,27.3,26.0,6.4,44.2,26.0,58.1,30.2,Tier 3,False,False
1465,islam_k,Kazi Soumik Islam,"Department of Information Technology, College of Computers and Information Technology, Taif University, P.O. Box 11099, Taif 21944, Saudi Arabia.",Saudi Arabia,2,0,1,0.5,0,0,0.033882658481415,"Image Processing, Computer-Assisted, Leukocytes, Machine Learning, Neural Networks, Computer","Contrast media & molecular imaging, Journal, genetic engineering & biotechnology",2021-2025,Middle East / GCC,0,27.3,26.0,25.6,44.2,26.0,28.8,30.2,Tier 3,False,False
1466,tian_m,Mei Tian,"Human Phenome Institute, Fudan University, 825 Zhangheng Road, Shanghai, P.R. China.",China,2,0,0,0.0,0,0,0.05984172374114619,"TNF Receptor-Associated Factor 3, Quality of Life, Osteoclasts, Bone Diseases, Autophagy, Glycosphingolipids","Nature communications, American journal of hematology",2022-2023,Asia-Pacific,0,27.3,26.0,6.4,44.2,26.0,57.8,30.2,Tier 3,False,False
1467,pavlicek_p,Petr Pavlíček,"Department of Internal Medicine and Hematology, 3rd Faculty of Medicine, Charles University and Faculty Hospital Kralovske Vinohrady, Prague, Czech Republic.",Czech Republic,2,0,1,0.5,0,0,0.03264963928872922,"Czech Republic, Dexamethasone, Routinely Collected Health Data, Thalidomide","Neoplasma, Haematologica",2022-2026,Europe,0,27.3,26.0,25.6,44.2,26.0,27.6,30.1,Tier 3,False,False
1468,zhu_t,Tianfeng Zhu,"Department of Orthopaedics, The First Affiliated Hospital of Soochow University, Soochow University, Suzhou 215006, China.",China,2,0,1,0.5,0,0,0.03171415021411153,"Animals, Mice, Antineoplastic Agents, Bone Diseases, Metabolic, Bortezomib, Osteoporosis","Oxidative medicine and cellular longevity, Frontiers in immunology",2021-2024,Asia-Pacific,0,27.3,26.0,25.6,44.2,26.0,26.8,30.0,Tier 3,False,False
1469,biswas_a,Amit Kumar Biswas,"Associate Professor, Dept of Immunohematology & Blood Transfusion, Armed Forces Medical College, Pune 40, India.",India,2,0,1,0.5,0,0,0.03192761942648682,,"Medical journal, Armed Forces India, Cureus",2022-2024,Asia-Pacific,0,27.3,26.0,25.6,44.2,26.0,27.2,30.0,Tier 3,False,False
1470,montesgaisan_c,Carmen Montes Gaisán,"Haematology Department, Hospital Universitario Marqués de Valdecilla, 39008 Cantabria, Spain.",Spain,2,0,1,0.5,0,0,0.031230645686699938,"Bone Marrow, Biopsy","Cancers, Clinical lymphoma, myeloma & leukemia",2022-2025,Europe,0,27.3,26.0,25.6,44.2,26.0,25.8,29.9,Tier 3,False,False
1471,ma_z,Zhen Ma,"Department of Biomedical & Chemical Engineering, The BioInspired Institute for Materials and Living Systems, Syracuse University, Syracuse, New York, USA.",USA,2,0,1,0.5,0,0,0.03138767695810802,"Animals, Cells, Cultured, Chick Embryo, Myocytes, Cardiac, Myofibrils, Pluripotent Stem Cells","Cytoskeleton (Hoboken, N.J.), Biochemical pharmacology",2021-2025,North America,0,27.3,26.0,25.6,44.2,26.0,26.2,29.9,Tier 3,False,False
1472,xia_z,Zhong-Jun Xia,"Department of Hematologic Oncology, Sun Yat-sen University Cancer Center, Guangzhou, China.",China,2,0,1,0.5,0,0,0.03126143813205147,"Gene Expression Profiling, Genetic Heterogeneity, Mesenchymal Stem Cells, Single-Cell Analysis, Chromosome Aberrations, Prognosis","Clinical and translational medicine, BMC cancer",2021-2024,Asia-Pacific,0,27.3,26.0,25.6,44.2,26.0,26.0,29.9,Tier 3,False,False
1473,tian_y,Ying Tian,"Department of Hematology, Myeloma Research Center of Beijing, Beijing Chao-Yang Hospital, Capital Medical University, Beijing, China.",China,2,0,1,0.5,0,0,0.031196440862950498,,"Frontiers in psychology, Transplantation and cellular therapy",2022-2025,Asia-Pacific,0,27.3,26.0,25.6,44.2,26.0,25.7,29.9,Tier 3,False,False
1474,han_b,Boram Han,"Department of Internal Medicine, Hallym University Sacred Heart Hospital, Anyang, Republic of Korea.",South Korea,2,0,1,0.5,0,0,0.03123183687117585,"Adolescent, Artificial Intelligence, Ethnicity, Hematologic Neoplasms, Leukemia, Myeloid, Acute, Mutation","Medicine, Chronic diseases and translational medicine",2021-2024,Asia-Pacific,0,27.3,26.0,25.6,44.2,26.0,25.9,29.9,Tier 3,False,False
1475,park_j,Ji Yong Park,"Department of Internal Medicine, Chonnam National University Hwasun Hospital, 322 Seoyang-ro, Hwasun, Jeollanam-do 519-763, Republic of Korea.",South Korea,2,0,1,0.5,0,0,0.0314418597533257,"Adrenal Cortex Hormones, Adrenal Insufficiency, Adrenocorticotropic Hormone, Hydrocortisone, Prevalence, Retrospective Studies","BioMed research international, Annals of laboratory medicine",2021-2024,Asia-Pacific,0,27.3,26.0,25.6,44.2,26.0,26.3,29.9,Tier 3,False,False
1476,liacos_c,Christine-Ivy Liacos,"Department of Clinical Therapeutics, School of Medicine, National and Kapodistrian University of Athens, 11528 Athens, Greece.",Greece,2,0,1,0.5,0,0,0.031194717501440476,,"Biomedicines, Proteomics",2021-2026,Europe,0,27.3,26.0,25.6,44.2,26.0,25.6,29.9,Tier 3,False,False
1477,wang_k,Kai Wang,"Bristol Myers Squibb, San Diego, CA, USA.",USA,2,0,1,0.5,0,0,0.03151887509463909,"Cell Cycle, DNA Damage, DNA Repair, Genomics, Risk, Killer Cells, Natural","BMC medical genomics, PloS one",2021-2025,North America,0,27.3,26.0,25.6,44.2,26.0,26.5,29.9,Tier 3,False,False
1478,narita_k,Kentaro Narita,"Division of Hematology/Oncology, Department of Internal Medicine, Kameda Medical Center, 929 Higashi-chou, Kamogawa, 296-8602, Japan.",Japan,2,0,1,0.5,0,0,0.03027647422655129,"Bone Neoplasms, Cost of Illness, Diffusion Magnetic Resonance Imaging, Disease-Free Survival, Neoplasm Metastasis, Retrospective Studies","Scientific reports, British journal of haematology",2021-2026,Asia-Pacific,0,27.3,26.0,25.6,44.2,26.0,25.0,29.8,Tier 3,False,False
1479,ikeda_d,Daisuke Ikeda,"Division of Hematology/Oncology, Department of Internal Medicine, Kameda Medical Center, 929 Higashi-chou, Kamogawa, 296-8602, Japan.",Japan,2,0,1,0.5,0,0,0.03027647422655129,"Bone Neoplasms, Cost of Illness, Diffusion Magnetic Resonance Imaging, Disease-Free Survival, Neoplasm Metastasis, Retrospective Studies","Scientific reports, British journal of haematology",2021-2026,Asia-Pacific,0,27.3,26.0,25.6,44.2,26.0,25.0,29.8,Tier 3,False,False
1480,takeuchi_m,Masami Takeuchi,"Division of Hematology/Oncology, Department of Internal Medicine, Kameda Medical Center, 929 Higashi-chou, Kamogawa, 296-8602, Japan.",Japan,2,0,1,0.5,0,0,0.03027647422655129,"Bone Neoplasms, Cost of Illness, Diffusion Magnetic Resonance Imaging, Disease-Free Survival, Neoplasm Metastasis, Retrospective Studies","Scientific reports, British journal of haematology",2021-2026,Asia-Pacific,0,27.3,26.0,25.6,44.2,26.0,25.0,29.8,Tier 3,False,False
1481,tabata_r,Rikako Tabata,"Division of Hematology/Oncology, Department of Internal Medicine, Kameda Medical Center, 929 Higashi-chou, Kamogawa, 296-8602, Japan.",Japan,2,0,1,0.5,0,0,0.03027647422655129,"Bone Neoplasms, Cost of Illness, Diffusion Magnetic Resonance Imaging, Disease-Free Survival, Neoplasm Metastasis, Retrospective Studies","Scientific reports, British journal of haematology",2021-2026,Asia-Pacific,0,27.3,26.0,25.6,44.2,26.0,25.0,29.8,Tier 3,False,False
1482,fan_y,Yingli Fan,"Department of Cell and Developmental Biology, SUNY Upstate Medical University, Syracuse, New York, USA.",USA,2,0,1,0.5,0,0,0.030590265316005477,"Animals, Cells, Cultured, Chick Embryo, Myocytes, Cardiac, Myofibrils, Pluripotent Stem Cells","Cytoskeleton (Hoboken, N.J.), Frontiers in immunology",2021-2025,North America,0,27.3,26.0,25.6,44.2,26.0,25.4,29.8,Tier 3,False,False
1483,grasso_m,Mariella Grasso,"Struttura Complessa (SC) Ematologia, Azienda Ospedaliera (AO) S.Croce e Carle, Cuneo, Italy.",Italy,2,0,0,0.0,0,0,0.05545237769207615,"Hepatitis A Virus Cellular Receptor 2, Bone Marrow, Programmed Cell Death 1 Receptor, Neoplasm Recurrence, Local, Zoledronic Acid, T-Lymphocytes","Frontiers in immunology, The Lancet. Oncology",2022-2023,Europe,0,27.3,26.0,6.4,44.2,26.0,52.7,29.7,Tier 3,False,False
1484,khong_t,Tiffany Khong,"Malignant Haematology & Stem Cell Transplantation Service, Alfred Hospital, Melbourne, VIC 3004, Australia.",Australia,2,0,1,0.5,0,0,0.02887172123171764,"Apoptosis, Bortezomib, Cell Line, Tumor, Cell Proliferation, Chaperone-Mediated Autophagy, Drug Resistance, Neoplasm","Cells, Cancers",2021-2024,Asia-Pacific,0,27.3,26.0,25.6,44.2,26.0,23.8,29.7,Tier 3,False,False
1485,gurkan_e,Emel Gurkan,"Department of Internal Medicine, Department of Hematology, Cukurova University Faculty of Medicine, Adana, Turkey.",Turkey,2,0,1,0.5,0,0,0.028299974464768007,"Creatinine, Intracellular Signaling Peptides and Proteins, Membrane Proteins, Podocytes, Proteinuria, Renal Insufficiency","Saudi journal of kidney diseases and transplantation : an official publication of the Saudi Center for Organ Transplantation, Saudi Arabia, British journal of haematology",2021-2024,Middle East / GCC,0,27.3,26.0,25.6,44.2,26.0,23.0,29.6,Tier 3,False,False
1486,qi_x,Xinwen Qi,"State Key Laboratory of Medicinal Chemical Biology, Key Laboratory of Bioactive, Materials, Ministry of Education, and College of Life Sciences, Nankai University, Tianjin, 300071, China.",China,2,0,1,0.5,0,0,0.028317682742142934,"Animals, Mice, Photosensitizing Agents, Serum Albumin, Bovine, Reactive Oxygen Species, Cell Line, Tumor","Advanced materials (Deerfield Beach, Fla.), Journal of visualized experiments : JoVE",2023-2026,Asia-Pacific,0,27.3,26.0,25.6,44.2,26.0,23.1,29.6,Tier 3,False,False
1487,pospisilova_l,Lenka Pospisilova,"Institute of Biostatistics and Analyses Ltd., Brno, Czech Republic.",Czech Republic,2,0,1,0.5,0,0,0.028283677937934144,"Czech Republic, Progression-Free Survival, Retrospective Studies, Registries","Clinical lymphoma, myeloma & leukemia, Haematologica",2023-2026,Europe,0,27.3,26.0,25.6,44.2,26.0,23.0,29.6,Tier 3,False,False
1488,fischer_e,Eric S Fischer,"Department of Cancer Biology, Dana-Farber Cancer Institute, Boston, Massachusetts 02215, United States.",USA,2,0,0,0.0,0,0,0.05433527200858365,"Binding Sites, Casein Kinase Ialpha, Cell Line, Tumor, Cell Proliferation, Cyclic Nucleotide Phosphodiesterases, Type 6, Immunotherapy","Journal of medicinal chemistry, Cancer cell",2022-2022,North America,0,27.3,26.0,6.4,44.2,26.0,51.7,29.6,Tier 3,False,False
1489,lin_t,Ting-An Lin,"Division of Hematology, Department of Medicine, Taipei Veterans General Hospital, Taipei City, Taiwan.",Taiwan,2,0,0,0.0,0,0,0.05435954050937667,"Black People, Bortezomib, Dexamethasone, Hematologic Neoplasms, Lenalidomide, Antibodies, Monoclonal","Transfusion medicine and hemotherapy : offizielles Organ der Deutschen Gesellschaft fur Transfusionsmedizin und Immunhamatologie, Future oncology (London, England)",2022-2023,Asia-Pacific,0,27.3,26.0,6.4,44.2,26.0,51.8,29.6,Tier 3,False,False
1490,schmidt_t,Timothy M Schmidt,"University of Wisconsin, Madison, WI.",USA,2,0,1,0.5,0,0,0.02822659880774166,"Antibodies, Monoclonal, Dexamethasone, Lenalidomide, Neoplasm, Residual, Oligopeptides, Receptors, Chimeric Antigen","Journal of clinical oncology : official journal of the American Society of Clinical Oncology, European journal of haematology",2022-2024,North America,0,27.3,26.0,25.6,44.2,26.0,22.7,29.6,Tier 3,False,False
1491,nowak_r,Radosław P Nowak,"Department of Cancer Biology, Dana-Farber Cancer Institute, Boston, Massachusetts 02215, United States.",USA,2,0,0,0.0,0,0,0.05433527200858365,"Binding Sites, Casein Kinase Ialpha, Cell Line, Tumor, Cell Proliferation, Cyclic Nucleotide Phosphodiesterases, Type 6, Immunotherapy","Journal of medicinal chemistry, Cancer cell",2022-2022,North America,0,27.3,26.0,6.4,44.2,26.0,51.7,29.6,Tier 3,False,False
1492,shah_n,Nina Shah,"Bone Marrow Transplantation and Hematologic Malignancy Unit, Division of Hematology-Oncology, University of California, San Francisco, San Francisco, CA, United States.",USA,2,0,1,0.5,0,0,0.02834439188706571,"United States, Adolescent, COVID-19 Vaccines, Receptors, Chimeric Antigen, Retrospective Studies, COVID-19","Frontiers in oncology, Transplantation and cellular therapy",2021-2024,North America,0,27.3,26.0,25.6,44.2,26.0,23.2,29.6,Tier 3,False,False
1493,cuellar_c,C Cuellar,"Hematology Department, Hospital 12 de Octubre, Complutense University, CNIO, Madrid, Spain.",Spain,2,0,0,0.0,0,0,0.053578948158806664,"COVID-19, Global Health, SARS-CoV-2","Blood cancer journal, Oncology and therapy",2021-2023,Europe,0,27.3,26.0,6.4,44.2,26.0,50.9,29.5,Tier 3,False,False
1494,koyun_d,Derya Koyun,"Department of Hematology, Ankara University School of Medicine, Ankara, Turkey.",Turkey,2,0,1,0.5,0,0,0.026926358425084982,"Lenalidomide, Thalidomide, Retrospective Studies, Remission Induction, Dexamethasone, Benzylamines","Clinical lymphoma, myeloma & leukemia, Hematology/oncology and stem cell therapy",2023-2024,Middle East / GCC,0,27.3,26.0,25.6,44.2,26.0,21.5,29.5,Tier 3,False,False
1495,lai_q,Qi-Lun Lai,"Department of Neurology, Affiliated Zhejiang Hospital, School of Medicine, Zhejiang University, Hangzhou 310013, China.",China,2,0,0,0.0,0,0,0.05361889925201062,"Cryoelectron Microscopy, ADP-ribosyl Cyclase 1, Antibodies, Monoclonal, Antineoplastic Agents, Lymphoma, Non-Hodgkin, Erythrocytes","Brain sciences, Journal of hematology & oncology",2021-2022,Asia-Pacific,0,27.3,26.0,6.4,44.2,26.0,51.0,29.5,Tier 3,False,False
1496,ito_t,Tomoki Ito,First Department of Internal Medicine Kansai Medical University Osaka Japan.,Japan,2,0,0,0.0,0,0,0.053424017871907786,,"EJHaem, Therapeutic advances in hematology",2021-2022,Asia-Pacific,0,27.3,26.0,6.4,44.2,26.0,50.3,29.4,Tier 3,False,False
1497,hino_m,Masayuki Hino,Department of Hematology Osaka City University Graduate School of Medicine Osaka Japan.,Japan,2,0,0,0.0,0,0,0.053424017871907786,,"EJHaem, Therapeutic advances in hematology",2021-2022,Asia-Pacific,0,27.3,26.0,6.4,44.2,26.0,50.3,29.4,Tier 3,False,False
1498,yagi_h,Hideo Yagi,Department of Hematology and Oncology Nara Prefecture General Medical Center Nara Japan.,Japan,2,0,0,0.0,0,0,0.053424017871907786,,"EJHaem, Therapeutic advances in hematology",2021-2022,Asia-Pacific,0,27.3,26.0,6.4,44.2,26.0,50.3,29.4,Tier 3,False,False
1499,shimazaki_c,Chihiro Shimazaki,Department of Hematology Japan Community Health Care Organization Kyoto Kuramaguchi Medical Center Kyoto Japan.,Japan,2,0,0,0.0,0,0,0.053424017871907786,,"EJHaem, Therapeutic advances in hematology",2021-2022,Asia-Pacific,0,27.3,26.0,6.4,44.2,26.0,50.3,29.4,Tier 3,False,False
1500,takaorikondo_a,Akifumi Takaori-Kondo,"Department of Hematology and Oncology, Graduate School of Medicine Kyoto University Kyoto Japan.",Japan,2,0,0,0.0,0,0,0.053424017871907786,,"EJHaem, Therapeutic advances in hematology",2021-2022,Asia-Pacific,0,27.3,26.0,6.4,44.2,26.0,50.3,29.4,Tier 3,False,False
1501,kuroda_j,Junya Kuroda,"Division of Hematology and Oncology, Department of Medicine Kyoto Prefectural University of Medicine Kyoto Japan.",Japan,2,0,0,0.0,0,0,0.053424017871907786,,"EJHaem, Therapeutic advances in hematology",2021-2022,Asia-Pacific,0,27.3,26.0,6.4,44.2,26.0,50.3,29.4,Tier 3,False,False
1502,ohta_k,Kensuke Ohta,Hematology Ohta Clinic Shinsaibashi Osaka Japan.,Japan,2,0,0,0.0,0,0,0.053424017871907786,,"EJHaem, Therapeutic advances in hematology",2021-2022,Asia-Pacific,0,27.3,26.0,6.4,44.2,26.0,50.3,29.4,Tier 3,False,False
1503,fuchida_s,Shin-Ichi Fuchida,Department of Hematology Japan Community Health Care Organization Kyoto Kuramaguchi Medical Center Kyoto Japan.,Japan,2,0,0,0.0,0,0,0.053424017871907786,,"EJHaem, Therapeutic advances in hematology",2021-2022,Asia-Pacific,0,27.3,26.0,6.4,44.2,26.0,50.3,29.4,Tier 3,False,False
1504,kaneko_h,Hitomi Kaneko,Department of Hematology Japanese Red Cross Osaka Hospital Osaka Japan.,Japan,2,0,0,0.0,0,0,0.053424017871907786,,"EJHaem, Therapeutic advances in hematology",2021-2022,Asia-Pacific,0,27.3,26.0,6.4,44.2,26.0,50.3,29.4,Tier 3,False,False
1505,kanda_j,Junya Kanda,"Department of Hematology and Oncology, Graduate School of Medicine Kyoto University Kyoto Japan.",Japan,2,0,0,0.0,0,0,0.053424017871907786,,"EJHaem, Therapeutic advances in hematology",2021-2022,Asia-Pacific,0,27.3,26.0,6.4,44.2,26.0,50.3,29.4,Tier 3,False,False
1506,tanaka_h,Hirokazu Tanaka,Department of Hematology and Rheumatology Kindai University Faculty of Medicine Osaka Japan.,Japan,2,0,0,0.0,0,0,0.053424017871907786,,"EJHaem, Therapeutic advances in hematology",2021-2022,Asia-Pacific,0,27.3,26.0,6.4,44.2,26.0,50.3,29.4,Tier 3,False,False
1507,kosugi_s,Satoru Kosugi,Department of Internal Medicine (Hematology) Toyonaka Municipal Hospital Osaka Japan.,Japan,2,0,0,0.0,0,0,0.053424017871907786,,"EJHaem, Therapeutic advances in hematology",2021-2022,Asia-Pacific,0,27.3,26.0,6.4,44.2,26.0,50.3,29.4,Tier 3,False,False
1508,xu_d,D R Xu,"Department of Hematology, The First Affiliated Hospital, Sun Yat-sen University, Guangzhou, Guangdong 510080, China.",China,2,0,1,0.5,0,0,0.026805439986545786,"Hematopoietic Stem Cell Transplantation, Retrospective Studies, Induction Chemotherapy, Liposomes, Disease-Free Survival, Transplantation, Autologous","Zhonghua xue ye xue za zhi = Zhonghua xueyexue zazhi, European journal of medicinal chemistry",2022-2025,Asia-Pacific,0,27.3,26.0,25.6,44.2,26.0,21.1,29.4,Tier 3,False,False
1509,shibayama_h,Hirohiko Shibayama,Department of Hematology and Oncology Osaka University Graduate School of Medicine Osaka Japan.,Japan,2,0,0,0.0,0,0,0.053424017871907786,,"EJHaem, Therapeutic advances in hematology",2021-2022,Asia-Pacific,0,27.3,26.0,6.4,44.2,26.0,50.3,29.4,Tier 3,False,False
1510,uoshima_n,Nobuhiko Uoshima,Department of Hematology Japanese Red Cross Kyoto Daini Hospital Kyoto Japan.,Japan,2,0,0,0.0,0,0,0.053424017871907786,,"EJHaem, Therapeutic advances in hematology",2021-2022,Asia-Pacific,0,27.3,26.0,6.4,44.2,26.0,50.3,29.4,Tier 3,False,False
1511,lu_l,Lu Lu,"Department of Cardiology, Beijing Huai-Rou Hospital, Beijing, China.",China,2,0,1,0.5,0,0,0.025524806656905385,"Antibodies, Monoclonal, Dexamethasone, Thalidomide, Bortezomib, Recurrence, Lenalidomide","Frontiers in psychology, Zhongguo shi yan xue ye xue za zhi",2022-2026,Asia-Pacific,0,27.3,26.0,25.6,44.2,26.0,19.9,29.3,Tier 3,False,False
1512,toscani_d,Denise Toscani,"Department of Medicine and Surgery, University of Parma, 43126 Parma, Italy.",Italy,2,0,1,0.5,0,0,0.026706231454005934,"Bone Marrow, Plasma Cells, Paraproteinemias, Monoclonal Gammopathy of Undetermined Significance, Tumor Microenvironment","International journal of molecular sciences, Annals of hematology",2022-2026,Europe,0,27.3,26.0,25.6,44.2,26.0,20.3,29.3,Tier 3,False,False
1513,dou_x,Xiaobing Dou,"School of Life Science, Zhejiang Chinese Medical University, Hangzhou 310053, China.",China,2,0,1,0.5,0,0,0.02541430680105119,"Animals, Mice, STAT3 Transcription Factor, Signal Transduction, Melanoma, Flavones","Phytomedicine : international journal of phytotherapy and phytopharmacology, Journal of thrombosis and thrombolysis",2023-2026,Asia-Pacific,0,27.3,26.0,25.6,44.2,26.0,19.6,29.3,Tier 3,False,False
1514,gupta_a,Anshul Gupta,"Department of Hematology, Sanjay Gandhi Post Graduate Institute of Medical Sciences, Lucknow, U.P. 226014 India.",India,2,0,1,0.5,0,0,0.024582007083717862,,"Indian journal of clinical biochemistry : IJCB, Indian journal of hematology & blood transfusion : an official journal of Indian Society of Hematology and Blood Transfusion",2022-2026,Asia-Pacific,0,27.3,26.0,25.6,44.2,26.0,18.7,29.2,Tier 3,False,False
1515,leng_y,Yun Leng,"Department of Hematology, Beijing Chao-Yang Hospital, Capital Medical University, Beijing, 100020, China.",China,2,0,1,0.5,0,0,0.02524533391637216,"Hematopoietic Stem Cell Transplantation, Retrospective Studies, Transplantation, Autologous, Prognosis, Stem Cell Transplantation","BMC cancer, Transplantation and cellular therapy",2022-2025,Asia-Pacific,0,27.3,26.0,25.6,44.2,26.0,19.0,29.2,Tier 3,False,False
1516,costa_g,Giosuè Costa,"Dipartimento di Scienze della Salute, Università ""Magna Græcia"" di Catanzaro, Campus ""S. Venuta"", 88100 Catanzaro, Italy.",Italy,2,0,1,0.5,0,0,0.02439045841230471,,"Pharmaceuticals (Basel, Switzerland), International journal of biological macromolecules",2023-2026,Europe,0,27.3,26.0,25.6,44.2,26.0,17.8,29.1,Tier 3,False,False
1517,fan_h,H S Fan,"State Key Laboratory of Experimental Hematology, National Clinical Research Center for Blood Diseases, Institute of Hematology & Blood Diseases Hospital, Chinese Academy of Medical Sciences & Peking Union Medical College, Tianjin 300020, China.",China,2,0,1,0.5,0,0,0.02421635597352454,"Immunoglobulin M, In Situ Hybridization, Fluorescence, Plasma Cells, Prognosis","Zhonghua xue ye xue za zhi = Zhonghua xueyexue zazhi, Frontiers in oncology",2021-2025,Asia-Pacific,0,27.3,26.0,25.6,44.2,26.0,17.6,29.1,Tier 3,False,False
1518,ambrosio_f,Francesca Alessandra Ambrosio,"Dipartimento di Medicina Sperimentale e Clinica, Università degli Studi ""Magna Græcia"" di Catanzaro, Campus ""S. Venuta"", Viale Europa, 88100 Catanzaro, Italy.",Italy,2,0,1,0.5,0,0,0.02439045841230471,,"Pharmaceuticals (Basel, Switzerland), International journal of biological macromolecules",2023-2026,Europe,0,27.3,26.0,25.6,44.2,26.0,17.8,29.1,Tier 3,False,False
1519,alcaro_s,Stefano Alcaro,"Dipartimento di Scienze della Salute, Università ""Magna Græcia"" di Catanzaro, Campus ""S. Venuta"", 88100 Catanzaro, Italy.",Italy,2,0,1,0.5,0,0,0.02439045841230471,,"Pharmaceuticals (Basel, Switzerland), International journal of biological macromolecules",2023-2026,Europe,0,27.3,26.0,25.6,44.2,26.0,17.8,29.1,Tier 3,False,False
1520,viglietto_g,Giuseppe Viglietto,"Dipartimento di Medicina Sperimentale e Clinica, Università degli Studi ""Magna Græcia"" di Catanzaro, Campus ""S. Venuta"", Viale Europa, 88100 Catanzaro, Italy.",Italy,2,0,1,0.5,0,0,0.02439045841230471,,"Pharmaceuticals (Basel, Switzerland), International journal of biological macromolecules",2023-2026,Europe,0,27.3,26.0,25.6,44.2,26.0,17.8,29.1,Tier 3,False,False
1521,yue_h,Hong Yue,"Department of Cancer Biology, Dana-Farber Cancer Institute, Boston, MA, USA; Department of Biological Chemistry and Molecular Pharmacology, Harvard Medical School, Boston, MA, USA.",USA,2,0,0,0.0,0,0,0.04962692473281234,"Ad26COVS1, Antibodies, Viral, Asymptomatic Diseases, BNT162 Vaccine, COVID-19, COVID-19 Vaccines","Cancer cell, World journal of clinical cases",2022-2022,North America,0,27.3,26.0,6.4,44.2,26.0,47.3,29.1,Tier 3,False,False
1522,xie_d,De-Huan Xie,"Department of Nasopharyngeal Carcinoma, State Key Laboratory of Oncology in South China, Sun Yat-sen University Cancer Center, Guangzhou, China.",China,2,0,1,0.5,0,0,0.023878818429067437,"Gene Expression Profiling, Genetic Heterogeneity, Mesenchymal Stem Cells, Single-Cell Analysis, Amyloidosis, Cysts","Clinical and translational medicine, Journal of cutaneous pathology",2021-2025,Asia-Pacific,0,27.3,26.0,25.6,44.2,26.0,17.3,29.0,Tier 3,False,False
1523,takei_t,Tomomi Takei,"Department of Hematology, Japanese Red Cross Medical Center, Tokyo, JPN.",Unknown,2,0,1,0.5,0,0,0.02335359860195554,,"Cureus, British journal of haematology",2023-2026,Unknown,0,27.3,26.0,25.6,44.2,26.0,16.5,29.0,Tier 3,False,False
1524,nomurayogo_m,Moe Nomura-Yogo,"Department of Hematology, Japanese Red Cross Medical Center, Tokyo, JPN.",Unknown,2,0,1,0.5,0,0,0.02335359860195554,,"Cureus, British journal of haematology",2023-2026,Unknown,0,27.3,26.0,25.6,44.2,26.0,16.5,29.0,Tier 3,False,False
1525,yong_a,Angelina Yong,"Department of Haematology, The Royal Adelaide Hospital, SA Health, Adelaide, SA 5000, Australia.",Australia,2,0,1,0.5,0,0,0.023761340886620963,,"Biomedicines, British journal of haematology",2023-2026,Asia-Pacific,0,27.3,26.0,25.6,44.2,26.0,16.9,29.0,Tier 3,False,False
1526,cornell_r,Robert F Cornell,"Vanderbilt University Medical Center, Nashville, Tennessee, USA.",USA,2,0,0,0.0,0,0,0.046672209479879115,"Dexamethasone, Bortezomib, Chromosome Aberrations, Chromosomes, Human, Pair 1, Dose-Response Relationship, Drug, Maximum Tolerated Dose","Cancer medicine, Journal of clinical oncology : official journal of the American Society of Clinical Oncology",2022-2022,North America,0,27.3,26.0,6.4,44.2,26.0,43.7,28.8,Tier 3,False,False
1527,lu_h,H Lu,"Department of Hematology, the First Affiliated Hospital of Nanjing Medical University, Jiangsu Province Hospital, Nanjing 210029, China.",China,2,0,1,0.5,0,0,0.022286556617363954,"Granulocyte Colony-Stimulating Factor, Etoposide, Cyclophosphamide, Hematopoietic Stem Cell Transplantation, Hematopoietic Stem Cells, Hematopoietic Stem Cell Mobilization","Zhonghua xue ye xue za zhi = Zhonghua xueyexue zazhi, Frontiers in endocrinology",2022-2025,Asia-Pacific,0,27.3,26.0,25.6,44.2,26.0,15.2,28.8,Tier 3,False,False
1528,honda_a,Akira Honda,"Department of Hematology and Oncology, Graduate School of Medicine, The University of Tokyo, 7-3-1 Hongo, Bunkyo-Ku, Tokyo, 113-8655, Japan.",Japan,2,0,0,0.0,0,0,0.04525846861057686,"Shock, Septic, Streptococcus agalactiae, Streptococcus pyogenes, Streptococcal Infections, Bacteremia, Epstein-Barr Virus Infections","Journal of infection and chemotherapy : official journal of the Japan Society of Chemotherapy, International journal of hematology",2023-2023,Asia-Pacific,0,27.3,26.0,6.4,44.2,26.0,42.6,28.7,Tier 3,False,False
1529,parihar_m,Mayur Parihar,"Laboratory Hematology and Cytogenetics, Tata Medical Center, Kolkata, West Bengal, India.",India,2,0,1,0.5,0,0,0.021568384858496766,"Bortezomib, Hematopoietic Stem Cell Transplantation, Induction Chemotherapy, Retrospective Studies","Indian journal of cancer, Indian journal of hematology & blood transfusion : an official journal of Indian Society of Hematology and Blood Transfusion",2023-2026,Asia-Pacific,0,27.3,26.0,25.6,44.2,26.0,14.3,28.7,Tier 3,False,False
1530,feng_z,Z Y Feng,"Department of Hematology, Myeloma & Lymphoma Center, Second Affiliated Hospital of Naval Medical University, Shanghai 200003, China.",China,2,0,1,0.5,0,0,0.021163516175211703,"Case-Control Studies, Retrospective Studies, Lenalidomide, Prognosis, Central Nervous System","Zhonghua xue ye xue za zhi = Zhonghua xueyexue zazhi, Frontiers in oncology",2022-2026,Asia-Pacific,0,27.3,26.0,25.6,44.2,26.0,13.9,28.7,Tier 3,False,False
1531,maki_h,Hiroaki Maki,"Department of Hematology and Oncology, Graduate School of Medicine, The University of Tokyo, 7-3-1 Hongo, Bunkyo-Ku, Tokyo, 113-8655, Japan.",Japan,2,0,0,0.0,0,0,0.04525846861057686,"Shock, Septic, Streptococcus agalactiae, Streptococcus pyogenes, Streptococcal Infections, Bacteremia, Epstein-Barr Virus Infections","Journal of infection and chemotherapy : official journal of the Japan Society of Chemotherapy, International journal of hematology",2023-2023,Asia-Pacific,0,27.3,26.0,6.4,44.2,26.0,42.6,28.7,Tier 3,False,False
1532,guo_r,Rui Guo,"Department of Hematology, The First Affiliated Hospital of Nanjing Medical University, Nanjing, Jiangsu 210029, China.",China,2,0,1,0.5,0,0,0.02079416094538052,"Prognosis, Chromosome Aberrations, Biomarkers, Tumor, Animals, Receptors, Immunologic, Mice","Chinese medical journal, Cell death & disease",2022-2025,Asia-Pacific,0,27.3,26.0,25.6,44.2,26.0,13.1,28.6,Tier 3,False,False
1533,feng_l,L Feng,"Department of Biostatistics, The University of Texas MD Anderson Cancer Center, Houston, TX.",USA,2,0,0,0.0,0,0,0.04458918018542715,"Retrospective Studies, Cyclophosphamide, Dexamethasone, Thrombocytopenia, Oligopeptides, Antibodies, Monoclonal","Clinical lymphoma, myeloma & leukemia, Frontiers in pharmacology",2022-2023,North America,0,27.3,26.0,6.4,44.2,26.0,41.4,28.6,Tier 3,False,False
1534,ahmad_a,Aamir Ahmad,"Translational Research Institute & Dermatology Institute, Academic Health System, Hamad Medical Corporation, Doha, Qatar.",Qatar,2,0,1,0.5,0,0,0.020790237088999172,"Algorithms, Apoptosis, Computational Biology, Signal Transduction, Cell Line, Tumor, Pentacyclic Triterpenes","Advances in protein chemistry and structural biology, International review of cell and molecular biology",2023-2025,Middle East / GCC,0,27.3,26.0,25.6,44.2,26.0,13.0,28.6,Tier 3,False,False
1535,huang_t,Tzu-Chuan Huang,"Division of Hematology and Oncology Medicine, Department of Internal Medicine, Tri-Service General Hospital, National Defense Medical Center, Taipei 114, Taiwan.",Taiwan,2,0,1,0.5,0,0,0.019591684715354246,"Hematopoietic Stem Cell Transplantation, Thrombopoietin, Receptors, Thrombopoietin, Transplantation, Autologous, Recombinant Proteins, Hematopoiesis","Life (Basel, Switzerland), Transplantation and cellular therapy",2023-2025,Asia-Pacific,0,27.3,26.0,25.6,44.2,26.0,11.8,28.5,Tier 3,False,False
1536,dai_j,Jingying Dai,"Sichuan Academy of Medical Sciences and Sichuan Provincial People's Hospital, School of Medicine, University of Electronic Science and Technology of China, Chengdu, China.",China,2,0,1,0.5,0,0,0.02026196005819205,,"Frontiers in pharmacology, Discover oncology",2022-2026,Asia-Pacific,0,27.3,26.0,25.6,44.2,26.0,12.1,28.5,Tier 3,False,False
1537,finke_j,Jürgen Finke,"University Medical Center Freiburg, Department of Hematology, Oncology and Stem Cell Transplantation, Faculty of Medicine, University of Freiburg, 79106 Freiburg, Germany.",Germany,2,0,0,0.0,0,0,0.04340679806988794,"COVID-19 Vaccines, BNT162 Vaccine, COVID-19, SARS-CoV-2, T-Lymphocytes, Hematologic Neoplasms","Cancers, Nature cancer",2021-2023,Europe,0,27.3,26.0,6.4,44.2,26.0,40.0,28.4,Tier 3,False,False
1538,jiang_w,Wei Jiang,"Department of Oncology, The Affiliated Hospital of Jianghan University, Wuhan 430015, Hubei Province, China.",China,2,0,1,0.5,0,0,0.01933839428447568,"Bone Marrow, Hematopoietic Stem Cell Transplantation, Immunoglobulin G, Transplantation, Autologous, STAT3 Transcription Factor, Cell Differentiation","Zhongguo shi yan xue ye xue za zhi, Cells",2021-2026,Asia-Pacific,0,27.3,26.0,25.6,44.2,26.0,10.9,28.4,Tier 3,False,False
1539,qin_c,Chunxia Qin,"Department of Nuclear Medicine, Union Hospital, Tongji Medical College, Huazhong University of Science and Technology, No. 1277 Jiefang Ave, Wuhan, 430022, Hubei Province, China.",China,2,0,1,0.5,0,0,0.019351656022113372,"Positron-Emission Tomography, Positron Emission Tomography Computed Tomography, Fluorodeoxyglucose F18, Retrospective Studies, Prognosis, Succinimides","European journal of nuclear medicine and molecular imaging, Theranostics",2023-2026,Asia-Pacific,0,27.3,26.0,25.6,44.2,26.0,11.0,28.4,Tier 3,False,False
1540,gai_y,Yongkang Gai,"Department of Nuclear Medicine, Union Hospital, Tongji Medical College, Huazhong University of Science and Technology, No. 1277 Jiefang Ave, Wuhan, 430022, Hubei Province, China.",China,2,0,1,0.5,0,0,0.019351656022113372,"Positron-Emission Tomography, Positron Emission Tomography Computed Tomography, Fluorodeoxyglucose F18, Retrospective Studies, Prognosis, Succinimides","European journal of nuclear medicine and molecular imaging, Theranostics",2023-2026,Asia-Pacific,0,27.3,26.0,25.6,44.2,26.0,11.0,28.4,Tier 3,False,False
1541,morris_e,Emma V Morris,"Nuffield Department of Surgical Sciences, University of Oxford, Oxford, UK; Oxford Centre for Translational Myeloma Research, University of Oxford, Oxford, UK.",Unknown,2,0,0,0.0,0,0,0.041933211068486326,"TNF Receptor-Associated Factor 3, Quality of Life, Osteoclasts, Bone Diseases, Autophagy, Glycosphingolipids","Translational oncology, Nature communications",2022-2022,Unknown,0,27.3,26.0,6.4,44.2,26.0,38.9,28.3,Tier 3,False,False
1542,baldoncini_m,Matias Baldoncini,"Neurosurgery, School of Medicine, University of Buenos Aires, Buenos Aires, ARG.",Unknown,2,0,1,0.5,0,0,0.017864070257497644,"Meningioma, Diagnosis, Differential, Meningeal Neoplasms","Cureus, Neurocirugia",2023-2026,Unknown,0,27.3,26.0,25.6,44.2,26.0,9.6,28.3,Tier 3,False,False
1543,derebail_s,Sanika Derebail,"Department of Medical Oncology, Dana Farber Cancer Institute, Harvard Medical School, Boston, MA, 02115, USA.",USA,2,0,0,0.0,0,0,0.041879368427543744,"Alternative Splicing, RNA Splicing Factors, Exons, Serine-Arginine Splicing Factors","Blood cancer journal, Frontiers in oncology",2022-2023,North America,0,27.3,26.0,6.4,44.2,26.0,38.7,28.3,Tier 3,False,False
1544,khot_a,Amit Khot,"Department of Haematology, Peter MacCallum Cancer Centre and Royal Melbourne Hospital, Melbourne, Australia.",Australia,2,0,1,0.5,0,0,0.01640822983711033,"Bortezomib, COVID-19, Dexamethasone, Pandemics, SARS-CoV-2, Qualitative Research","Expert review of hematology, JMIR research protocols",2021-2025,Asia-Pacific,0,27.3,26.0,25.6,44.2,26.0,7.8,28.1,Tier 3,False,False
1545,demiroz_s,Şevki M Demiroz,"Thoracic Surgery, Gazi University Medical School, Ankara, TUR.",Unknown,2,0,1,0.5,0,0,0.016372901237921716,"Bone Neoplasms, Retrospective Studies, Prognosis, Turkey, Risk Assessment","Cureus, Joint diseases and related surgery",2021-2026,Unknown,0,27.3,26.0,25.6,44.2,26.0,7.6,28.1,Tier 3,False,False
1546,neves_m,Manuel Neves,"Fundação Champalimaud, Lisboa, Portugal.",Portugal,2,0,1,0.5,0,0,0.016327964271801446,,"Frontiers in oncology, EJHaem",2021-2024,Europe,0,27.3,26.0,25.6,44.2,26.0,7.2,28.0,Tier 3,False,False
1547,jandial_a,Aditya Jandial,"Department of Clinical Hematology and Medical Oncology, Postgraduate Institute of Medical Education and Research, Sector 12, 160012 Chandigarh, India.",India,2,0,1,0.5,0,0,0.01632047477744807,,Indian journal of hematology & blood transfusion : an official journal of Indian Society of Hematology and Blood Transfusion,2023-2025,Asia-Pacific,0,27.3,26.0,25.6,44.2,26.0,7.0,28.0,Tier 3,False,False
1548,luo_t,T C Luo,"Department of Hematology, the Myeloma & Lymphoma Center, Changzheng Hospital, Naval Medical University, Shanghai 200433, China.",China,2,0,1,0.5,0,0,0.016350773733011546,"Prognosis, CD4-Positive T-Lymphocytes, Galectins, Hepatitis A Virus Cellular Receptor 2, Leukocytes, Mononuclear","Zhonghua xue ye xue za zhi = Zhonghua xueyexue zazhi, Hematology (Amsterdam, Netherlands)",2022-2024,Asia-Pacific,0,27.3,26.0,25.6,44.2,26.0,7.4,28.0,Tier 3,False,False
1549,li_k,Kai Li,"Department of Urology, 562131Binzhou Medical University Hospital, Binzhou Medical University Hospital, Binzhou City, China.",China,2,0,1,0.5,0,0,0.014898656457630204,"Kidney, Neoplasm Recurrence, Local, Nephrectomy, Plasmacytoma, Cytomegalovirus Retinitis, Retrospective Studies","The Journal of international medical research, Ocular immunology and inflammation",2021-2024,Asia-Pacific,0,27.3,26.0,25.6,44.2,26.0,6.5,27.9,Tier 3,False,False
1550,dass_j,Jasmita Dass,"Department of Hematology, All India Institute of Medical Sciences, New Delhi, India.",India,2,0,1,0.5,0,0,0.014836795252225518,"Plasma Cells, Plasmacytoma, Primary Myelofibrosis, In Situ Hybridization, Fluorescence, Retrospective Studies, Cross-Sectional Studies","Journal of clinical and experimental hematopathology : JCEH, Journal of hematopathology",2023-2025,Asia-Pacific,0,27.3,26.0,25.6,44.2,26.0,5.9,27.9,Tier 3,False,False
1551,mousavi_s,S Jamaleddin Mousavi,"Mines Saint-Étienne, University of Lyon, University of Jean Monnet, INSERM, Saint-Etienne, 42023, France.",France,2,0,1,0.5,0,0,0.014836795252225518,"Insulin-Like Growth Factor I, Vascular Endothelial Growth Factor A, Bone Marrow Cells, Computer Simulation","Computers in biology and medicine, Hematology, transfusion and cell therapy",2023-2026,Europe,0,27.3,26.0,25.6,44.2,26.0,5.9,27.9,Tier 3,False,False
1552,xie_j,Jinmei Xie,"Institute of Opto-electronics, Harbin Institute of Technology, 2 Yikuang Street, 150080, Harbin, China; National Key Laboratory on Tunable Laser, Harbin Institute of Technology, 2 Yikuang Street, 150080, Harbin, China.",China,2,0,1,0.5,0,0,0.013395479899776602,"Discriminant Analysis, Metal Nanoparticles, Multivariate Analysis, Principal Component Analysis, Spectrum Analysis, Raman, Hematologic Neoplasms","Analytica chimica acta, Frontiers in immunology",2022-2024,Asia-Pacific,0,27.3,26.0,25.6,44.2,26.0,4.7,27.8,Tier 3,False,False
1553,huang_j,Jingcao Huang,"Department of Hematology, West China Hospital, Sichuan University, Chengdu610041, P. R. China.",China,2,0,0,0.0,0,0,0.03720422239013289,,"ACS omega, Biomedical optics express",2022-2023,Asia-Pacific,0,27.3,26.0,6.4,44.2,26.0,33.0,27.7,Tier 3,False,False
1554,cao_c,C Cao,"Department of Hematology, the Second Affiliated Hospital of Chongqing Medical University, Chongqing 400000.",Unknown,2,0,1,0.5,0,0,0.012066034680896705,"Monoclonal Gammopathy of Undetermined Significance, Paraproteinemias, Chronic Disease, Hemorrhage","Zhonghua xue ye xue za zhi = Zhonghua xueyexue zazhi, Cancer treatment and research communications",2022-2026,Unknown,0,27.3,26.0,25.6,44.2,26.0,3.7,27.7,Tier 3,False,False
1555,brito_a,Aurileia Aparecida Brito,"Nove de Julho University, São Paulo, SP, Brazil.",Brazil,2,0,1,0.5,0,0,0.013353115727002967,"Bone Marrow, Cytokines, Hematopoietic Stem Cell Transplantation, Transplantation, Autologous","Transplant immunology, Cureus",2022-2025,Latin America,0,27.3,26.0,25.6,44.2,26.0,4.3,27.7,Tier 3,False,False
1556,teng_y,Yao Teng,"Institute of Hematology, Union Hospital, Tongji Medical College, Huazhong University of Science and Technology, Wuhan, China.",China,2,0,1,0.5,0,0,0.011876460115305474,"Animals, Mice, Chromatin, RNA, Long Noncoding, RNA, Small Nucleolar, Mice, Inbred NOD","Frontiers in oncology, American journal of physiology. Cell physiology",2021-2024,Asia-Pacific,0,27.3,26.0,25.6,44.2,26.0,3.3,27.6,Tier 3,False,False
1557,robert_n,Nicolas Robert,"Department of Biological Hematology, CHU Montpellier, Montpellier, France.",France,2,0,0,0.0,0,0,0.03472823163581348,"RecQ Helicases, Melphalan, DNA Repair, Drug Resistance","Frontiers in immunology, Frontiers in oncology",2022-2023,Europe,0,27.3,26.0,6.4,44.2,26.0,30.6,27.5,Tier 3,False,False
1558,herbaux_c,Charles Herbaux,"Institute of Human Genetics, UMR 9002 CNRS-UM, Montpellier, France.",France,2,0,0,0.0,0,0,0.03472823163581348,"RecQ Helicases, Melphalan, DNA Repair, Drug Resistance","Frontiers in immunology, Frontiers in oncology",2022-2023,Europe,0,27.3,26.0,6.4,44.2,26.0,30.6,27.5,Tier 3,False,False
1559,tang_j,Jialin Tang,"Department of Hematology, The First Affiliated Hospital of Chongqing Medical University, Chongqing, China.",China,2,0,1,0.5,0,0,0.00907681722777586,"Boron Compounds, Glycine, Prognosis, Retrospective Studies, Gene Amplification","Translational cancer research, Zhongguo shi yan xue ye xue za zhi",2023-2025,Asia-Pacific,0,27.3,26.0,25.6,44.2,26.0,2.0,27.5,Tier 3,False,False
1560,requirand_g,Guilhem Requirand,"Department of Biological Hematology, CHU Montpellier, Montpellier, France.",France,2,0,0,0.0,0,0,0.03472823163581348,"RecQ Helicases, Melphalan, DNA Repair, Drug Resistance","Frontiers in immunology, Frontiers in oncology",2022-2023,Europe,0,27.3,26.0,6.4,44.2,26.0,30.6,27.5,Tier 3,False,False
1561,dutrieux_l,Laure Dutrieux,"Department of Biological Hematology, CHU Montpellier, Montpellier, France.",France,2,0,0,0.0,0,0,0.03472823163581348,"RecQ Helicases, Melphalan, DNA Repair, Drug Resistance","Frontiers in immunology, Frontiers in oncology",2022-2023,Europe,0,27.3,26.0,6.4,44.2,26.0,30.6,27.5,Tier 3,False,False
1562,pasero_p,Philippe Pasero,"Institute of Human Genetics, UMR 9002 CNRS-UM, Montpellier, France.",France,2,0,0,0.0,0,0,0.03472823163581348,"RecQ Helicases, Melphalan, DNA Repair, Drug Resistance","Frontiers in immunology, Frontiers in oncology",2022-2023,Europe,0,27.3,26.0,6.4,44.2,26.0,30.6,27.5,Tier 3,False,False
1563,deboussac_h,Hugues de Boussac,"Diag2Tec, Montpellier, France.",France,2,0,0,0.0,0,0,0.03472823163581348,"RecQ Helicases, Melphalan, DNA Repair, Drug Resistance","Frontiers in immunology, Frontiers in oncology",2022-2023,Europe,0,27.3,26.0,6.4,44.2,26.0,30.6,27.5,Tier 3,False,False
1564,junru_l,Liu Junru,"The First Affiliated Hospital of Sun Yat-sen University, Guangzhou, China.",China,2,0,1,0.5,0,0,0.00890207715133531,"Hand-Foot Syndrome, Pyridoxine, Quality of Life, Prospective Studies, Doxorubicin, Polyethylene Glycols","Integrative cancer therapies, BMC cancer",2022-2025,Asia-Pacific,0,27.3,26.0,25.6,44.2,26.0,1.4,27.4,Tier 3,False,False
1565,beihui_h,Huang Beihui,"The First Affiliated Hospital of Sun Yat-sen University, Guangzhou, China.",China,2,0,1,0.5,0,0,0.00890207715133531,"Hand-Foot Syndrome, Pyridoxine, Quality of Life, Prospective Studies, Doxorubicin, Polyethylene Glycols","Integrative cancer therapies, BMC cancer",2022-2025,Asia-Pacific,0,27.3,26.0,25.6,44.2,26.0,1.4,27.4,Tier 3,False,False
1566,jingli_g,Gu Jingli,"The First Affiliated Hospital of Sun Yat-sen University, Guangzhou, China.",China,2,0,1,0.5,0,0,0.00890207715133531,"Hand-Foot Syndrome, Pyridoxine, Quality of Life, Prospective Studies, Doxorubicin, Polyethylene Glycols","Integrative cancer therapies, BMC cancer",2022-2025,Asia-Pacific,0,27.3,26.0,25.6,44.2,26.0,1.4,27.4,Tier 3,False,False
1567,lifen_k,Kuang Lifen,"The First Affiliated Hospital of Sun Yat-sen University, Guangzhou, China.",China,2,0,1,0.5,0,0,0.00890207715133531,"Hand-Foot Syndrome, Pyridoxine, Quality of Life, Prospective Studies, Doxorubicin, Polyethylene Glycols","Integrative cancer therapies, BMC cancer",2022-2025,Asia-Pacific,0,27.3,26.0,25.6,44.2,26.0,1.4,27.4,Tier 3,False,False
1568,meilan_c,Chen Meilan,"The First Affiliated Hospital of Sun Yat-sen University, Guangzhou, China.",China,2,0,1,0.5,0,0,0.00890207715133531,"Hand-Foot Syndrome, Pyridoxine, Quality of Life, Prospective Studies, Doxorubicin, Polyethylene Glycols","Integrative cancer therapies, BMC cancer",2022-2025,Asia-Pacific,0,27.3,26.0,25.6,44.2,26.0,1.4,27.4,Tier 3,False,False
1569,godby_k,Kelly N Godby,"Division of Hematology and Oncology, Department of Medicine, University of Alabama at Birmingham, Birmingham, AL, United States.",USA,2,0,0,0.0,0,0,0.03441151491897014,"Biomarkers, Frailty, Lymphocytes, Neutrophils, Prognosis, Retrospective Studies","Journal of geriatric oncology, Journal of clinical oncology : official journal of the American Society of Clinical Oncology",2022-2022,North America,0,27.3,26.0,6.4,44.2,26.0,29.3,27.3,Tier 3,False,False
1570,yoshida_t,Tsutomu Yoshida,"Division of Hematology and Rheumatology, Department of Medicine,Nihon University School of Medicine, Tokyo, Japan.",Japan,2,0,0,0.0,0,0,0.03278770086894884,,"Cancer diagnosis & prognosis, Cureus",2021-2023,Asia-Pacific,0,27.3,26.0,6.4,44.2,26.0,27.9,27.2,Tier 3,False,False
1571,benbatalla_i,Isabel Ben-Batalla,"Department of Oncology, Hematology and Bone Marrow Transplantation with Section Pneumology, Hubertus Wald Comprehensive Cancer Center Hamburg, University Medical Center Hamburg-Eppendorf, Hamburg, Germany. isabel.benbatalla@dkfz-heidelberg.de.",Germany,2,0,0,0.0,0,0,0.031664059147585494,"Mice, Animals, c-Mer Tyrosine Kinase, Receptor Protein-Tyrosine Kinases, Proto-Oncogene Proteins, Homeostasis","Nature communications, International journal of molecular sciences",2022-2023,Europe,0,27.3,26.0,6.4,44.2,26.0,26.6,27.1,Tier 3,False,False
1572,liang_x,Xiao Liang,"Department of Lymphoma, The Affiliated Tumor Hospital of Xinjiang Medical University, Urumqi, People's Republic of China.",China,2,0,0,0.0,0,0,0.0312615199170375,"Adolescent, Cost-Benefit Analysis, Febrile Neutropenia, Filgrastim, Hematologic Agents, Hematopoietic Stem Cell Transplantation","Hematology (Amsterdam, Netherlands), American journal of hematology",2021-2023,Asia-Pacific,0,27.3,26.0,6.4,44.2,26.0,26.0,27.0,Tier 3,False,False
1573,lu_w,Wenchao Lu,"Department of Chemical and Systems Biology, ChEM-H, Stanford Cancer Institute, School of Medicine, Stanford University, Stanford, California 94305, United States.",USA,2,0,0,0.0,0,0,0.029927323354024576,"Cell Line, Tumor, Binding Sites, Casein Kinase Ialpha, Cell Proliferation, Cyclic Nucleotide Phosphodiesterases, Type 6, Immunotherapy","Journal of medicinal chemistry, Bioorganic & medicinal chemistry",2022-2023,North America,0,27.3,26.0,6.4,44.2,26.0,24.4,26.9,Tier 3,False,False
1574,mehtap_o,Ozgür Mehtap,"Department of Hematology, Kocaeli University School of Medicine, Kocaeli, Turkey.",Turkey,2,0,0,0.0,0,0,0.02672869993706607,,Indian journal of hematology & blood transfusion : an official journal of Indian Society of Hematology and Blood Transfusion,2022-2023,Middle East / GCC,0,27.3,26.0,6.4,44.2,26.0,20.5,26.5,Tier 3,False,False
1575,tarkun_p,Pinar Tarkun,"Department of Hematology, Kocaeli University School of Medicine, Kocaeli, Turkey.",Turkey,2,0,0,0.0,0,0,0.02672869993706607,,Indian journal of hematology & blood transfusion : an official journal of Indian Society of Hematology and Blood Transfusion,2022-2023,Middle East / GCC,0,27.3,26.0,6.4,44.2,26.0,20.5,26.5,Tier 3,False,False
1576,miura_k,Katsuhiro Miura,"Division of Hematology and Rheumatology, Department of Medicine,Nihon University School of Medicine, Tokyo, Japan.",Japan,2,0,0,0.0,0,0,0.02453574390894187,,Cancer diagnosis & prognosis,2021-2021,Asia-Pacific,0,27.3,26.0,6.4,44.2,26.0,18.3,26.2,Tier 3,False,False
1577,kurihara_k,Kazuya Kurihara,"Division of Hematology and Rheumatology, Department of Medicine,Nihon University School of Medicine, Tokyo, Japan.",Japan,2,0,0,0.0,0,0,0.02453574390894187,,Cancer diagnosis & prognosis,2021-2021,Asia-Pacific,0,27.3,26.0,6.4,44.2,26.0,18.3,26.2,Tier 3,False,False
1578,iriyama_n,Noriyoshi Iriyama,"Division of Hematology and Rheumatology, Department of Medicine,Nihon University School of Medicine, Tokyo, Japan.",Japan,2,0,0,0.0,0,0,0.02453574390894187,,Cancer diagnosis & prognosis,2021-2021,Asia-Pacific,0,27.3,26.0,6.4,44.2,26.0,18.3,26.2,Tier 3,False,False
1579,uchino_y,Yoshihito Uchino,"Division of Hematology and Rheumatology, Department of Medicine,Nihon University School of Medicine, Tokyo, Japan.",Japan,2,0,0,0.0,0,0,0.02453574390894187,,Cancer diagnosis & prognosis,2021-2021,Asia-Pacific,0,27.3,26.0,6.4,44.2,26.0,18.3,26.2,Tier 3,False,False
1580,hamada_t,Takashi Hamada,"Division of Hematology and Rheumatology, Department of Medicine,Nihon University School of Medicine, Tokyo, Japan.",Japan,2,0,0,0.0,0,0,0.02453574390894187,,Cancer diagnosis & prognosis,2021-2021,Asia-Pacific,0,27.3,26.0,6.4,44.2,26.0,18.3,26.2,Tier 3,False,False
1581,iizuka_k,Kazuhide Iizuka,"Division of Hematology and Rheumatology, Department of Medicine,Nihon University School of Medicine, Tokyo, Japan.",Japan,2,0,0,0.0,0,0,0.02453574390894187,,Cancer diagnosis & prognosis,2021-2021,Asia-Pacific,0,27.3,26.0,6.4,44.2,26.0,18.3,26.2,Tier 3,False,False
1582,koike_t,Takashi Koike,"Division of Hematology and Rheumatology, Department of Medicine,Nihon University School of Medicine, Tokyo, Japan.",Japan,2,0,0,0.0,0,0,0.02453574390894187,,Cancer diagnosis & prognosis,2021-2021,Asia-Pacific,0,27.3,26.0,6.4,44.2,26.0,18.3,26.2,Tier 3,False,False
1583,hatta_y,Yoshihiro Hatta,"Division of Hematology and Rheumatology, Department of Medicine,Nihon University School of Medicine, Tokyo, Japan.",Japan,2,0,0,0.0,0,0,0.02453574390894187,,Cancer diagnosis & prognosis,2021-2021,Asia-Pacific,0,27.3,26.0,6.4,44.2,26.0,18.3,26.2,Tier 3,False,False
1584,nakayama_t,Tomohiro Nakayama,"Division of Laboratory Medicine, Department of Pathology and Microbiology,Nihon University School of Medicine, Tokyo, Japan.",Japan,2,0,0,0.0,0,0,0.02453574390894187,,Cancer diagnosis & prognosis,2021-2021,Asia-Pacific,0,27.3,26.0,6.4,44.2,26.0,18.3,26.2,Tier 3,False,False
1585,sen_a,Arijit Sen,"Pathology and Lab Sciences, Command Hospital (AF), Bangalore, India.",India,2,0,0,0.0,0,0,0.023848935889100357,,"Journal of maxillofacial and oral surgery, Blood cell therapy",2022-2022,Asia-Pacific,0,27.3,26.0,6.4,44.2,26.0,17.2,26.1,Tier 3,False,False
1586,ahmadi_a,Armin Ahmadi,"Department of Chemical and Materials Engineering, the University of Alabama in Huntsville, Huntsville, Alabama, USA.",USA,2,0,0,0.0,0,0,0.02380627785274123,"Leukemia, Lymphocytic, Chronic, B-Cell, CTLA-4 Antigen, Prognosis, Hematologic Neoplasms, Leukemia, Myeloid, Acute, Receptors, Chimeric Antigen","Expert opinion on therapeutic targets, Iranian journal of immunology : IJI",2022-2023,North America,0,27.3,26.0,6.4,44.2,26.0,17.0,26.1,Tier 3,False,False
1587,gotoh_n,Nanami Gotoh,"Department of Laboratory Sciences, Gunma University Graduate School of Health Sciences, Maebashi 371-8510, Japan.",Japan,2,0,0,0.0,0,0,0.02239272722919122,"Tumor Suppressor Protein p53, Cell Line, Tumor, MicroRNAs, Cell Transformation, Neoplastic, Endogenous Retroviruses, Clinical Relevance","Genes, International journal of hematology",2022-2023,Asia-Pacific,0,27.3,26.0,6.4,44.2,26.0,15.7,26.0,Tier 3,False,False
1588,saitoh_t,Takayuki Saitoh,"Department of Laboratory Sciences, Gunma University Graduate School of Health Sciences, Maebashi 371-8510, Japan.",Japan,2,0,0,0.0,0,0,0.02239272722919122,"Tumor Suppressor Protein p53, Cell Line, Tumor, MicroRNAs, Cell Transformation, Neoplastic, Endogenous Retroviruses, Clinical Relevance","Genes, International journal of hematology",2022-2023,Asia-Pacific,0,27.3,26.0,6.4,44.2,26.0,15.7,26.0,Tier 3,False,False
1589,kobayashi_n,Nobuhiko Kobayashi,"Department of Hematology, Gunma University Graduate School of Medicine, Maebashi 371-8510, Japan.",Japan,2,0,0,0.0,0,0,0.02239272722919122,"Tumor Suppressor Protein p53, Cell Line, Tumor, MicroRNAs, Cell Transformation, Neoplastic, Endogenous Retroviruses, Clinical Relevance","Genes, International journal of hematology",2022-2023,Asia-Pacific,0,27.3,26.0,6.4,44.2,26.0,15.7,26.0,Tier 3,False,False
1590,bujarski_s,Sean Bujarski,"Institute for Myeloma and Bone Cancer Research, 9201 Sunset Blvd #300, West Hollywood, CA 90069, USA.",USA,2,0,0,0.0,0,0,0.022521772300053394,,Clinical infection in practice,2022-2023,North America,0,27.3,26.0,6.4,44.2,26.0,16.1,26.0,Tier 3,False,False
1591,watanabe_s,Saki Watanabe,"Department of Laboratory Sciences, Gunma University Graduate School of Health Sciences, Maebashi 371-8510, Japan.",Japan,2,0,0,0.0,0,0,0.02239272722919122,"Tumor Suppressor Protein p53, Cell Line, Tumor, MicroRNAs, Cell Transformation, Neoplastic, Endogenous Retroviruses, Clinical Relevance","Genes, International journal of hematology",2022-2023,Asia-Pacific,0,27.3,26.0,6.4,44.2,26.0,15.7,26.0,Tier 3,False,False
1592,takei_h,Hisashi Takei,"Department of Hematology, Gunma University Graduate School of Medicine, Maebashi 371-8510, Japan.",Japan,2,0,0,0.0,0,0,0.02239272722919122,"Tumor Suppressor Protein p53, Cell Line, Tumor, MicroRNAs, Cell Transformation, Neoplastic, Endogenous Retroviruses, Clinical Relevance","Genes, International journal of hematology",2022-2023,Asia-Pacific,0,27.3,26.0,6.4,44.2,26.0,15.7,26.0,Tier 3,False,False
1593,kasamatsu_t,Tetsuhiro Kasamatsu,"Department of Laboratory Sciences, Gunma University Graduate School of Health Sciences, Maebashi 371-8510, Japan.",Japan,2,0,0,0.0,0,0,0.02239272722919122,"Tumor Suppressor Protein p53, Cell Line, Tumor, MicroRNAs, Cell Transformation, Neoplastic, Endogenous Retroviruses, Clinical Relevance","Genes, International journal of hematology",2022-2023,Asia-Pacific,0,27.3,26.0,6.4,44.2,26.0,15.7,26.0,Tier 3,False,False
1594,ishihara_r,Rei Ishihara,"Department of Laboratory Sciences, Gunma University Graduate School of Health Sciences, Maebashi 371-8510, Japan.",Japan,2,0,0,0.0,0,0,0.02239272722919122,"Tumor Suppressor Protein p53, Cell Line, Tumor, MicroRNAs, Cell Transformation, Neoplastic, Endogenous Retroviruses, Clinical Relevance","Genes, International journal of hematology",2022-2023,Asia-Pacific,0,27.3,26.0,6.4,44.2,26.0,15.7,26.0,Tier 3,False,False
1595,daros_f,Francesco Da Ros,"Stem Cell Unit, Department of Research and Advance Cancer Diagnostic, Centro di Riferimento Oncologico di Aviano (CRO), IRCCS, 33081 Aviano, Italy.",Italy,2,0,0,0.0,0,0,0.022266427119868343,"Breast Neoplasms, Doxorubicin","Journal of personalized medicine, Annual International Conference of the IEEE Engineering in Medicine and Biology Society. IEEE Engineering in Medicine and Biology Society. Annual International Conference",2021-2021,Europe,0,27.3,26.0,6.4,44.2,26.0,14.9,25.9,Tier 3,False,False
1596,mazzucato_m,Mario Mazzucato,"Stem Cell Unit, Department of Research and Advance Cancer Diagnostic, Centro di Riferimento Oncologico di Aviano (CRO), IRCCS, 33081 Aviano, Italy.",Italy,2,0,0,0.0,0,0,0.022266427119868343,"Breast Neoplasms, Doxorubicin","Journal of personalized medicine, Annual International Conference of the IEEE Engineering in Medicine and Biology Society. IEEE Engineering in Medicine and Biology Society. Annual International Conference",2021-2021,Europe,0,27.3,26.0,6.4,44.2,26.0,14.9,25.9,Tier 3,False,False
1597,robak_p,Paweł Robak,"Copernicus Memorial Hospital, 93-510 Lodz, Poland.",Poland,2,0,0,0.0,0,0,0.022255192878338277,,"Journal of clinical medicine, Contemporary oncology (Poznan, Poland)",2021-2023,Europe,0,27.3,26.0,6.4,44.2,26.0,14.7,25.9,Tier 3,False,False
1598,umyarova_e,Elvira Umyarova,"Division of Hematology, The Ohio State University Wexner Medical Center, Columbus, OH.",USA,2,0,0,0.0,0,0,0.020874893433823226,"Melphalan, Hematopoietic Stem Cell Transplantation, Retrospective Studies, Prospective Studies, Transplantation, Autologous, Salvage Therapy","Clinical lymphoma, myeloma & leukemia, Journal of hematology",2023-2023,North America,0,27.3,26.0,6.4,44.2,26.0,13.5,25.8,Tier 3,False,False
1599,abbasi_m,Muhannad A Abbasi,"Internal Medicine, University of Nebraska Medical Center, Omaha, USA.",USA,2,0,0,0.0,0,0,0.017864070257497644,"Receptors, Chimeric Antigen, Hematologic Neoplasms, Immunotherapy, Adoptive, Antigens, Neoplasm, Cell- and Tissue-Based Therapy","Cureus, Cancer medicine",2021-2023,North America,0,27.3,26.0,6.4,44.2,26.0,9.6,25.4,Tier 3,False,False
1600,mayszko_j,Jolanta Małyszko,"Department of Nephrology, Dialysis and Internal Medicine, Medical University of Warsaw, 02-091 Warsaw, Poland.",Poland,2,0,0,0.0,0,0,0.01780415430267062,"Biomarkers, Glomerular Filtration Rate, Disease Susceptibility, Kidney Diseases, Kidney Function Tests, Microfilament Proteins","Molecules (Basel, Switzerland), Medicina (Kaunas, Lithuania)",2021-2021,Europe,0,27.3,26.0,6.4,44.2,26.0,8.8,25.3,Tier 3,False,False
1601,batko_k,Krzysztof Batko,"Chair and Department of Nephrology, Jagiellonian University Medical College, 30-688 Kraków, Poland.",Poland,2,0,0,0.0,0,0,0.01780415430267062,"Biomarkers, Glomerular Filtration Rate, Disease Susceptibility, Kidney Diseases, Kidney Function Tests, Microfilament Proteins","Molecules (Basel, Switzerland), Medicina (Kaunas, Lithuania)",2021-2021,Europe,0,27.3,26.0,6.4,44.2,26.0,8.8,25.3,Tier 3,False,False
1602,koczorawska_e,Ewa Koc-Żórawska,"Second Department of Nephrology and Hypertension with Dialysis Unit, Medical University of Bialystok, 15-276 Bialystok, Poland.",Poland,2,0,0,0.0,0,0,0.01780415430267062,"Biomarkers, Glomerular Filtration Rate, Disease Susceptibility, Kidney Diseases, Kidney Function Tests, Microfilament Proteins","Molecules (Basel, Switzerland), Medicina (Kaunas, Lithuania)",2021-2021,Europe,0,27.3,26.0,6.4,44.2,26.0,8.8,25.3,Tier 3,False,False
1603,dumnicka_p,Paulina Dumnicka,"Department of Medical Diagnostics, Jagiellonian University Medical College, 30-688 Kraków, Poland.",Poland,2,0,0,0.0,0,0,0.01780415430267062,"Biomarkers, Glomerular Filtration Rate, Disease Susceptibility, Kidney Diseases, Kidney Function Tests, Microfilament Proteins","Molecules (Basel, Switzerland), Medicina (Kaunas, Lithuania)",2021-2021,Europe,0,27.3,26.0,6.4,44.2,26.0,8.8,25.3,Tier 3,False,False
1604,guo_p,P Guo,"Department of Hematology, Myeloma & Lymphoma Center, Second Affiliated Hospital of Naval Medical University, Shanghai 200003, China.",China,2,0,0,0.0,0,0,0.01781172360306178,"Case-Control Studies, Retrospective Studies, Lenalidomide, Prognosis, Central Nervous System, Receptors, Chimeric Antigen",Zhonghua xue ye xue za zhi = Zhonghua xueyexue zazhi,2022-2023,Asia-Pacific,0,27.3,26.0,6.4,44.2,26.0,9.4,25.3,Tier 3,False,False
1605,drozdz_r,Ryszard Drożdż,"Department of Medical Diagnostics, Jagiellonian University Medical College, 30-688 Kraków, Poland.",Poland,2,0,0,0.0,0,0,0.01780415430267062,"Biomarkers, Glomerular Filtration Rate, Disease Susceptibility, Kidney Diseases, Kidney Function Tests, Microfilament Proteins","Molecules (Basel, Switzerland), Medicina (Kaunas, Lithuania)",2021-2021,Europe,0,27.3,26.0,6.4,44.2,26.0,8.8,25.3,Tier 3,False,False
1606,he_h,H Y He,"Department of Hematology, Myeloma & Lymphoma Center, Second Affiliated Hospital of Naval Medical University, Shanghai 200003, China.",China,2,0,0,0.0,0,0,0.01781172360306178,"Case-Control Studies, Retrospective Studies, Lenalidomide, Prognosis, Central Nervous System, Receptors, Chimeric Antigen",Zhonghua xue ye xue za zhi = Zhonghua xueyexue zazhi,2022-2023,Asia-Pacific,0,27.3,26.0,6.4,44.2,26.0,9.4,25.3,Tier 3,False,False
1607,goasa_p,Paulina Gołasa,"Chair and Department of Nephrology, Jagiellonian University Medical College, 30-688 Kraków, Poland.",Poland,2,0,0,0.0,0,0,0.01780415430267062,"Biomarkers, Glomerular Filtration Rate, Disease Susceptibility, Kidney Diseases, Kidney Function Tests, Microfilament Proteins","Molecules (Basel, Switzerland), Medicina (Kaunas, Lithuania)",2021-2021,Europe,0,27.3,26.0,6.4,44.2,26.0,8.8,25.3,Tier 3,False,False
1608,banaszkiewicz_m,Małgorzata Banaszkiewicz,"Chair and Department of Nephrology, Jagiellonian University Medical College, 30-688 Kraków, Poland.",Poland,2,0,0,0.0,0,0,0.01780415430267062,"Biomarkers, Glomerular Filtration Rate, Disease Susceptibility, Kidney Diseases, Kidney Function Tests, Microfilament Proteins","Molecules (Basel, Switzerland), Medicina (Kaunas, Lithuania)",2021-2021,Europe,0,27.3,26.0,6.4,44.2,26.0,8.8,25.3,Tier 3,False,False
1609,krzanowski_m,Marcin Krzanowski,"Chair and Department of Nephrology, Jagiellonian University Medical College, 30-688 Kraków, Poland.",Poland,2,0,0,0.0,0,0,0.01780415430267062,"Biomarkers, Glomerular Filtration Rate, Disease Susceptibility, Kidney Diseases, Kidney Function Tests, Microfilament Proteins","Molecules (Basel, Switzerland), Medicina (Kaunas, Lithuania)",2021-2021,Europe,0,27.3,26.0,6.4,44.2,26.0,8.8,25.3,Tier 3,False,False
1610,mazur_p,Paulina Mazur,"Department of Medical Diagnostics, Jagiellonian University Medical College, 30-688 Kraków, Poland.",Poland,2,0,0,0.0,0,0,0.01780415430267062,"Biomarkers, Glomerular Filtration Rate, Disease Susceptibility, Kidney Diseases, Kidney Function Tests, Microfilament Proteins","Molecules (Basel, Switzerland), Medicina (Kaunas, Lithuania)",2021-2021,Europe,0,27.3,26.0,6.4,44.2,26.0,8.8,25.3,Tier 3,False,False
1611,zorawski_m,Marcin Żórawski,"Department of Clinical Medicine, Medical University of Bialystok, 15-254 Bialystok, Poland.",Poland,2,0,0,0.0,0,0,0.01780415430267062,"Biomarkers, Glomerular Filtration Rate, Disease Susceptibility, Kidney Diseases, Kidney Function Tests, Microfilament Proteins","Molecules (Basel, Switzerland), Medicina (Kaunas, Lithuania)",2021-2021,Europe,0,27.3,26.0,6.4,44.2,26.0,8.8,25.3,Tier 3,False,False
1612,cao_w,Weihong Cao,"Breast Disease Center, The Affiliated Hospital of Qingdao University, Qingdao, Shandong, China.",China,2,0,0,0.0,0,0,0.01670267883758748,,"Frontiers in oncology, Frontiers in pharmacology",2022-2022,Asia-Pacific,0,27.3,26.0,6.4,44.2,26.0,8.2,25.2,Tier 3,False,False
1613,goyal_s,Shina Goyal,"Department of Medical Oncology, Kidwai Memorial Institute of Oncology, Bengaluru, Karnataka 560029, India.",India,2,0,0,0.0,0,0,0.016380390732275093,,"International journal of hematology-oncology and stem cell research, Cureus",2022-2023,Asia-Pacific,0,27.3,26.0,6.4,44.2,26.0,7.6,25.2,Tier 3,False,False
1614,zou_w,W Y Zou,"Department of Hematology, The First Affiliated Hospital, Sun Yat-sen University, Guangzhou, Guangdong 510080, China.",China,2,0,0,0.0,0,0,0.014839409307488725,"Hematopoietic Stem Cell Transplantation, Retrospective Studies, Induction Chemotherapy, Liposomes, Disease-Free Survival, Transplantation, Autologous","Zhonghua xue ye xue za zhi = Zhonghua xueyexue zazhi, Frontiers in oncology",2022-2023,Asia-Pacific,0,27.3,26.0,6.4,44.2,26.0,6.3,25.0,Tier 3,False,False
1615,reyal_y,Y Reyal,Department of Haematology St George's Healthcare NHS Trust London UK.,Unknown,2,0,0,0.0,0,0,0.014836795252225518,"Antibodies, Monoclonal, Humanized, Electrophoresis, Paraproteins","Skin health and disease, Annals of clinical biochemistry",2021-2022,Unknown,0,27.3,26.0,6.4,44.2,26.0,5.9,25.0,Tier 3,False,False
1616,mason_a,Amy M Mason,"British Heart Foundation Cardiovascular Epidemiology Unit, Department of Public Health and Primary Care, University of Cambridge, Cambridge, UK.",Unknown,2,0,0,0.0,0,0,0.013528428462956908,"Mendelian Randomization Analysis, Polymorphism, Single Nucleotide, Kidney Neoplasms, Nails, Selenium, Genome-Wide Association Study","International journal of cancer, Arthritis research & therapy",2022-2022,Unknown,0,27.3,26.0,6.4,44.2,26.0,5.0,24.9,Tier 3,False,False
1617,vithayathil_m,Mathew Vithayathil,"MRC Cancer Unit, University of Cambridge, Cambridge, UK.",Unknown,2,0,0,0.0,0,0,0.013528428462956908,"Mendelian Randomization Analysis, Polymorphism, Single Nucleotide, Kidney Neoplasms, Nails, Selenium, Genome-Wide Association Study","International journal of cancer, Arthritis research & therapy",2022-2022,Unknown,0,27.3,26.0,6.4,44.2,26.0,5.0,24.9,Tier 3,False,False
1618,kar_s,Siddhartha Kar,"MRC Integrative Epidemiology Unit, University of Bristol, Bristol, UK.",Unknown,2,0,0,0.0,0,0,0.013528428462956908,"Mendelian Randomization Analysis, Polymorphism, Single Nucleotide, Kidney Neoplasms, Nails, Selenium, Genome-Wide Association Study","International journal of cancer, Arthritis research & therapy",2022-2022,Unknown,0,27.3,26.0,6.4,44.2,26.0,5.0,24.9,Tier 3,False,False
1619,burgess_s,Stephen Burgess,"MRC Biostatistics Unit, University of Cambridge, Cambridge, UK.",Unknown,2,0,0,0.0,0,0,0.013528428462956908,"Mendelian Randomization Analysis, Polymorphism, Single Nucleotide, Kidney Neoplasms, Nails, Selenium, Genome-Wide Association Study","International journal of cancer, Arthritis research & therapy",2022-2022,Unknown,0,27.3,26.0,6.4,44.2,26.0,5.0,24.9,Tier 3,False,False
1620,karimou_s,Soumana Karimou,"Plantasav, B.P. 10308 Niamey, Niger.",Unknown,2,0,0,0.0,0,0,0.013353115727002967,"Cell Line, Tumor, Cell Proliferation, Ipomoea, Plant Extracts, Plant Roots, Spectrum Analysis",Journal of natural products,2022-2022,Unknown,0,27.3,26.0,6.4,44.2,26.0,4.3,24.8,Tier 3,False,False
1621,christen_p,Philippe Christen,"School of Pharmaceutical Sciences, University of Geneva, 1211 Geneva 4, Switzerland.",Switzerland,2,0,0,0.0,0,0,0.013353115727002967,"Cell Line, Tumor, Cell Proliferation, Ipomoea, Plant Extracts, Plant Roots, Spectrum Analysis",Journal of natural products,2022-2022,Europe,0,27.3,26.0,6.4,44.2,26.0,4.3,24.8,Tier 3,False,False
1622,quirosguerrero_l,Luis Quirós-Guerrero,"School of Pharmaceutical Sciences, University of Geneva, 1211 Geneva 4, Switzerland.",Switzerland,2,0,0,0.0,0,0,0.013353115727002967,"Cell Line, Tumor, Cell Proliferation, Ipomoea, Plant Extracts, Plant Roots, Spectrum Analysis",Journal of natural products,2022-2022,Europe,0,27.3,26.0,6.4,44.2,26.0,4.3,24.8,Tier 3,False,False
1623,wei_s,Suhua Wei,"Department of Hematology, The First Affiliated Hospital of Xi'an Jiaotong University, Xi'an, China.",China,2,0,0,0.0,0,0,0.010385969254311126,"Biomarkers, Tumor, Prognosis, RNA-Seq, Single-Cell Gene Expression Analysis, Transcription Factors","Frontiers in genetics, Biomolecules",2021-2022,Asia-Pacific,0,27.3,26.0,6.4,44.2,26.0,2.5,24.7,Tier 3,False,False
1624,yin_y,Yafei Yin,"Department of Hematology, Xiangtan Central Hospital Xiangtan 411100, Hunan Province, China.",China,2,0,0,0.0,0,0,0.01059487724920468,"Apoptosis, Blotting, Western, Cell Line, Tumor, Cell Movement, Cell Proliferation, Cyclin-Dependent Kinase 6","American journal of translational research, Leukemia research",2021-2022,Asia-Pacific,0,27.3,26.0,6.4,44.2,26.0,2.8,24.7,Tier 3,False,False
1625,bi_x,Xia Bi,"Tomas Jefferson University Sidney Kimmel Medical College, United States.",USA,2,0,0,0.0,0,0,0.00890207715133531,"Receptors, Chimeric Antigen, T-Lymphocytes, Hematologic Neoplasms, Receptors, Antigen, T-Cell, Precursor B-Cell Lymphoblastic Leukemia-Lymphoma, Hematopoietic Stem Cell Transplantation",Hematology/oncology and stem cell therapy,2022-2022,North America,0,27.3,26.0,6.4,44.2,26.0,1.4,24.6,Tier 3,False,False
1626,dmytrenko_o,O O Dmytrenko,"State Institution National Research Center for Radiation Medicine of the National Academy of Medical Sciences of Ukraine, 53 Yuriia Illienka St., Kyiv, 04050, Ukraine.",Unknown,2,0,0,0.0,0,0,0.010385756676557863,"Chernobyl Nuclear Accident, Cytokines, Interleukin-10, Polymorphism, Single Nucleotide, Prognosis, Transforming Growth Factor beta1",Problemy radiatsiinoi medytsyny ta radiobiolohii,2022-2023,Unknown,0,27.3,26.0,6.4,44.2,26.0,2.3,24.6,Tier 3,False,False
1627,gergis_m,Mia Gergis,"Tufts University, United States.",USA,2,0,0,0.0,0,0,0.00890207715133531,"Receptors, Chimeric Antigen, T-Lymphocytes, Hematologic Neoplasms, Receptors, Antigen, T-Cell, Precursor B-Cell Lymphoblastic Leukemia-Lymphoma, Hematopoietic Stem Cell Transplantation",Hematology/oncology and stem cell therapy,2022-2022,North America,0,27.3,26.0,6.4,44.2,26.0,1.4,24.6,Tier 3,False,False
1628,baumert_b,Bartłomiej Baumert,"Department of Hematology and Transplantology, Pomeranian Medical University, 71-252 Szczecin, Poland.",Poland,2,0,0,0.0,0,0,0.005934718100890207,"Vitamin D, Bortezomib, Vitamins, Vitamin K, DNA Methylation, Dietary Supplements","Nutrients, Cancers",2023-2023,Europe,0,27.3,26.0,6.4,44.2,26.0,0.5,24.5,Tier 3,False,False
1629,savani_b,Bipin N Savani,Section of Hematology and Stem Cell Transplant Vanderbilt Ingram Cancer Center Department of Medicine Vanderbilt University Medical Center Nashville Tennessee USA.,USA,2,0,0,0.0,0,0,0.004451038575667655,,EJHaem,2022-2022,North America,0,27.3,26.0,6.4,44.2,26.0,0.2,24.4,Tier 3,False,False
